bike_name,price,city,kms_driven,owner,age,power,brand
Star City Plus Dual Tone,35000,Ahmedabad,17654,First Owner,3,110,TVS
Classic,119900,Delhi,11000,First Owner,4,350,Royal Enfield
Daytona 675R,600000,Delhi,110,First Owner,8,675,Triumph
Apache RTR,65000,Bangalore,16329,First Owner,4,180,TVS
FZ S V 2.0-Ltd. Edition,80000,Bangalore,10000,First Owner,3,150,Yamaha
FZs,53499,Delhi,25000,First Owner,6,150,Yamaha
CB Hornet 160R  ABS DLX,85000,Delhi,8200,First Owner,3,160,Honda
Splendor Plus Self Alloy,45000,Delhi,12645,First Owner,3,100,Hero
Thunderbird X,145000,Bangalore,9190,First Owner,3,350,Royal Enfield
Classic Desert Storm,88000,Delhi,19000,Second Owner,7,500,Royal Enfield
YZF-R15 2.0,72000,Bangalore,20000,First Owner,7,150,Yamaha
FZ25,95000,Bangalore,9665,First Owner,4,250,Yamaha
Pulsar NS200,78000,Bangalore,9900,First Owner,4,200,Bajaj
Discover 100M,29499,Delhi,20000,First Owner,8,100,Bajaj
Discover 125M,29900,Delhi,20000,First Owner,7,125,Bajaj
Pulsar NS200 ABS,90000,Bangalore,11574,First Owner,3,200,Bajaj
Pulsar RS200 ABS,120000,Bangalore,23000,First Owner,3,200,Bajaj
Gixxer SF,48000,Mumbai,24725,First Owner,5,150,Suzuki
302R,240000,Mumbai,15025,Second Owner,3,302,Benelli
Splendor iSmart Plus IBS,46500,Delhi,3500,First Owner,2,110,Hero
Classic Chrome,121700,Kalyan,24520,First Owner,5,500,Royal Enfield
FZ V 2.0,45000,Delhi,23000,First Owner,6,150,Yamaha
Super Splendor,20000,Ahmedabad,29305,First Owner,16,125,Hero
CBF Stunner,20800,Faridabad,30500,Second Owner,7,125,Honda
Pulsar,50000,Bangalore,19000,First Owner,8,150,Bajaj
X-Blade ABS,81200,Mettur,9100,First Owner,2,160,Honda
Pulsar NS200,88000,Hyderabad,21914,First Owner,3,200,Bajaj
YZF-R15 2.0,80000,Kaithal,20000,Second Owner,4,150,Yamaha
Avenger,40900,Gurgaon,15000,First Owner,6,220,Bajaj
RC,180000,Pune,17700,First Owner,4,390,KTM
CB Unicorn,40000,Noida,30000,First Owner,8,150,Honda
Duke,70000,Nashik,100000,Second Owner,8,200,KTM
Classic,98800,Kochi,39000,First Owner,5,350,Royal Enfield
CBR 150R,65000,Allahabad,43000,First Owner,6,150,Honda
Thunderbird X,190500,Samastipur,4550,First Owner,2,500,Royal Enfield
RC ABS,179000,Bangalore,3400,First Owner,2,200,KTM
Thunderbird,70000,Nadiad,45000,First Owner,8,350,Royal Enfield
Avenger,45000,Hyderabad,36100,First Owner,6,220,Bajaj
Bullet Electra,78000,Lucknow,8500,First Owner,13,350,Royal Enfield
Avenger Street 220 ABS,110000,Bangalore,2550,First Owner,2,220,Bajaj
Classic,85000,Delhi,18000,First Owner,6,350,Royal Enfield
Pulsar NS200,38000,Delhi,35000,First Owner,9,200,Bajaj
Thunderbird,55346,Noida,38000,First Owner,10,350,Royal Enfield
Centuro NXT,28000,Jaipur,45000,First Owner,2,110,Mahindra
Hunk,37000,Mumbai,10800,First Owner,8,150,Hero
Gixxer SF Fi SP ABS,97000,Delhi,4400,First Owner,3,150,Suzuki
FZ,40000,Karnal,357000,First Owner,8,150,Yamaha
‎ Bullet,90000,Delhi,15300,First Owner,7,350,Royal Enfield
Apache RTR,60000,Mumbai,30000,First Owner,5,160,TVS
CB Shine,21900,Gorakhpur,30000,Second Owner,7,125,Honda
Avenger,40000,Ahmedabad,64000,First Owner,7,220,Bajaj
TNT 600i ABS,475000,Mumbai,11500,Second Owner,3,600,Benelli
Dream Yuga,34500,Ahmedabad,17056,First Owner,5,110,Honda
SZ,25000,Vidisha,172082,First Owner,9,150,Yamaha
Gixxer,30200,Bangalore,45000,First Owner,7,150,Suzuki
Avenger Cruise 220,65000,Hosur,35000,First Owner,5,220,Bajaj
Pulsar,25000,Mumbai,38000,First Owner,9,150,Bajaj
Z900,935000,Bagalkot,2500,First Owner,2,900,Kawasaki
Bullet Electra,107100,Delhi,15438,Second Owner,3,350,Royal Enfield
Pulsar,80000,Delhi,6000,First Owner,3,220,Bajaj
Thunderbird,88000,Delhi,19000,First Owner,5,350,Royal Enfield
Duke,94700,Baripara,32700,First Owner,4,200,KTM
CD Deluxe,12200,Agra,46643,First Owner,14,100,Hero
Classic,106000,Delhi,19000,First Owner,6,350,Royal Enfield
Pulsar,29500,Hyderabad,40700,First Owner,12,220,Bajaj
Ninja,290000,Dharwad,11350,First Owner,7,650,Kawasaki
Thunderbird,110000,Delhi,1600,First Owner,6,350,Royal Enfield
Platina,27000,Vadodara,44410,First Owner,10,125,Bajaj
Thunderbird,65000,Jalandhar,9800,First Owner,11,350,Royal Enfield
Thunderbird X,150000,Bangalore,15000,First Owner,3,350,Royal Enfield
Karizma ZMR,55786,Surat,68000,Second Owner,7,223,Hero
Pulsar,45000,Bangalore,17757,First Owner,8,180,Bajaj
FZ25 ABS,146000,Chennai,3900,First Owner,2,250,Yamaha
Thunderbird,115000,Bangalore,23700,First Owner,4,350,Royal Enfield
CT 100,30000,Noida,8250,First Owner,3,100,Bajaj
Pulsar RS200 ABS,93100,Mumbai,10000,First Owner,5,200,Bajaj
YZF-R15 2.0,82000,Mumbai,4300,Second Owner,3,150,Yamaha
Interceptor,260000,Navi Mumbai,3800,First Owner,2,650,Royal Enfield
CB Shine,38000,Bangalore,33000,First Owner,7,125,Honda
Duke,130000,Gandhidham,17500,Second Owner,4,250,KTM
Himalayan,118000,Gurgaon,19000,First Owner,4,410,Royal Enfield
Pulsar 135LS,14700,Delhi,10000,First Owner,11,135,Bajaj
Thunderbird,85000,Chennai,54000,First Owner,6,350,Royal Enfield
Pulsar 220F,40000,Mumbai,27000,First Owner,7,220,Bajaj
FZ16,50000,Bangalore,19000,First Owner,6,150,Yamaha
Thunderbird,71800,Mumbai,43500,First Owner,7,350,Royal Enfield
Pulsar NS200,75000,Bangalore,11575,First Owner,4,200,Bajaj
Scrambler 1100 Special,1350000,Mumbai,190,First Owner,1,1100,Ducati
Street Triple 765,790000,Mumbai,19000,First Owner,3,765,Triumph
V15,47000,Bangalore,8600,First Owner,4,150,Bajaj
Pulsar,60000,Pune,2000,First Owner,2,150,Bajaj
Gixxer Fi ABS,96700,Vadodara,5100,First Owner,1,150,Suzuki
Splendor plus,31900,Delhi,9000,First Owner,5,100,Hero
Pulsar,35000,Visakhapatnam,44480,First Owner,13,150,Bajaj
Duke,240000,Bangalore,11000,First Owner,3,390,KTM
CBR 250R,68000,Delhi,16000,First Owner,7,250,Honda
Pulsar RS200,80000,Bangalore,26691,First Owner,5,200,Bajaj
Classic,135000,Bangalore,45000,First Owner,5,350,Royal Enfield
Pulsar,11100,Pune,12000,Third Owner,12,150,Bajaj
TNT 600i,480000,Mumbai,14200,First Owner,4,600,Benelli
Gixxer SP Rear Disc,65000,Thrissur,41000,First Owner,3,150,Suzuki
FZ S V 2.0,60000,Bangalore,15000,First Owner,5,150,Yamaha
CBR 150R,80000,Bangalore,12314,First Owner,4,150,Honda
Splendor Plus Self Alloy,46000,Delhi,11760,First Owner,3,100,Hero
Classic,95000,Bangalore,22000,First Owner,11,500,Royal Enfield
GT650R,400000,Delhi,1800,First Owner,4,650,Hyosung
V15,55000,Bangalore,4400,First Owner,4,150,Bajaj
YZF-R15 S,63000,Delhi,16000,First Owner,5,150,Yamaha
V15,51000,Faridabad,9000,First Owner,4,150,Bajaj
Apache RTR 160 4V Disc,69900,Delhi,8700,First Owner,3,160,TVS
Pulsar RS200 ABS,125000,Gorakhpur,1342,First Owner,4,200,Bajaj
TNT 300,210000,Kolkata,21000,First Owner,6,300,Benelli
CB ShineSP,35900,Delhi,19000,First Owner,5,125,Honda
CBR 250R,67000,Delhi,13000,First Owner,9,250,Honda
Passion Pro,29339,Ernakulam,12771,First Owner,4,100,Hero
Splendor Plus,19695,Ernakulam,51576,First Owner,6,100,Hero
Splendor iSmart Plus IBS,48672,Ernakulam,608,First Owner,2,110,Hero
CBR 150R,40000,Mumbai,13680,First Owner,9,150,Honda
YZF R6,500000,Bangalore,285,First Owner,5,600,Yamaha
1299 Superleggera,800000,Mumbai,3,First Owner,3,1299,Ducati
Himalayan,110000,Bangalore,24676,First Owner,5,410,Royal Enfield
Classic,92500,Delhi,11000,First Owner,6,350,Royal Enfield
Pulsar NS200,57000,Bangalore,28948,First Owner,5,200,Bajaj
Electra,72500,Delhi,10000,First Owner,10,350,Royal Enfield
Duke,68000,Delhi,16000,First Owner,9,200,KTM
Phoenix Disc,21500,Barasat,10500,First Owner,5,125,TVS
Apache RTR,40000,Delhi,20000,First Owner,6,160,TVS
Classic,91000,Delhi,18000,First Owner,5,350,Royal Enfield
Street 750,300000,Ghaziabad,3500,First Owner,6,750,Harley-Davidson
Gixxer SF,47000,Jaipur,70000,First Owner,6,150,Suzuki
Gixxer,53000,Bangalore,18158,First Owner,6,150,Suzuki
Gixxer,51000,Bangalore,39140,First Owner,5,150,Suzuki
Pulsar 220F,48000,Bangalore,27776,First Owner,8,220,Bajaj
Pulsar,55000,Bangalore,32734,First Owner,6,220,Bajaj
Himalayan Fi ABS,173300,Vadodara,14000,First Owner,2,410,Royal Enfield
Bullet Electra,77000,Delhi,13000,First Owner,8,350,Royal Enfield
Pulsar NS200,115000,Bangalore,5000,First Owner,2,200,Bajaj
Discover,36000,Hyderabad,39500,First Owner,7,150,Bajaj
Avenger Street 220,72000,Hyderabad,29500,First Owner,4,220,Bajaj
Standard,115000,Hyderabad,14900,First Owner,3,350,Royal Enfield
CB Shine Disc,65000,Mumbai,2000,First Owner,3,125,Honda
CB Unicorn ABS,99000,Mumbai,4000,First Owner,2,150,Honda
YZF-R15 2.0,68500,Delhi,68500,Second Owner,7,150,Yamaha
YZF-R15 V3,140000,Delhi,2473,First Owner,2,150,Yamaha
Duke,130000,Delhi,9221,First Owner,3,200,KTM
Pulsar NS 200,46000,Delhi,37128,First Owner,7,200,Bajaj
Super Splendor,30000,Delhi,16166,First Owner,6,125,Hero
Dominar 400,116000,Delhi,11716,First Owner,3,400,Bajaj
Classic,130000,Delhi,8419,First Owner,3,350,Royal Enfield
Classic,98000,Delhi,13459,First Owner,5,350,Royal Enfield
Classic,85000,Delhi,14704,First Owner,6,350,Royal Enfield
V15,50000,Delhi,9200,First Owner,4,150,Bajaj
Thunderbird,100000,Bangalore,30294,First Owner,5,350,Royal Enfield
Thunderbird,66000,Delhi,19756,First Owner,8,350,Royal Enfield
X-Blade,80000,Kolkata,12000,First Owner,2,160,Honda
Classic,123600,Jaipur,7702,First Owner,3,350,Royal Enfield
Hayabusa,950000,Chennai,312,First Owner,3,1300,Suzuki
Classic,107000,Ahmedabad,17000,First Owner,4,350,Royal Enfield
Monster 821 Dark,600000,Bangalore,16000,First Owner,5,821,Ducati
FZ S V 2.0 Rear Disc,80000,Delhi,3500,First Owner,3,150,Yamaha
Gixxer SF Special MOTOGP Edition Rear Disc,75000,Bhubaneshwar,11050,First Owner,4,150,Suzuki
Super Splendor,43778,Ernakulam,948,First Owner,2,125,Hero
RC,118000,Delhi,11200,Second Owner,5,200,KTM
FZ V 2.0,68000,Bangalore,10407,First Owner,5,150,Yamaha
Discover 125ST,27000,Bangalore,23000,First Owner,8,125,Bajaj
Splendor Plus Kick Alloy,48500,Delhi,5500,First Owner,2,100,Hero
Karizma,15000,Delhi,38000,First Owner,15,223,Hero
Duke,95000,Navi Mumbai,23000,First Owner,5,200,KTM
Duke,145000,Amritsar,4500,First Owner,4,200,KTM
FZs,62000,Delhi,11227,First Owner,3,150,Yamaha
Splendor,25000,Hyderabad,45000,First Owner,9,100,Hero
1198 SP,700000,Ahmedabad,100,First Owner,6,1198,Ducati
Bullet,160000,Bangalore,3500,First Owner,3,500,Royal Enfield
Avenger Street 220,47500,Mumbai,30000,First Owner,5,220,Bajaj
Fazer,21000,Bagalkot,38000,First Owner,9,150,Yamaha
Gladiator,18000,Bhopal,22000,First Owner,12,125,Yamaha
Karizma R,36000,Bangalore,54560,First Owner,8,223,Hero
FZ,52000,Bangalore,33150,First Owner,6,150,Yamaha
Iron 883,435000,Jaipur,5550,Second Owner,7,883,Harley-Davidson
Apache RTR 200 4V Fi,68000,Bangalore,12077,First Owner,5,200,TVS
Pulsar,80000,Pune,5000,First Owner,4,220,Bajaj
Classic Desert Storm,110800,Mumbai,13300,First Owner,6,500,Royal Enfield
Apache RTR 160 4V DISC ABS BS6,85000,Hyderabad,16000,First Owner,2,160,TVS
Electra,145000,Bangalore,4000,First Owner,2,350,Royal Enfield
Dominar 400 ABS,145000,Bangalore,3000,First Owner,3,400,Bajaj
Classic Gunmetal Grey,149000,Mumbai,7000,First Owner,3,350,Royal Enfield
HF Deluxe i3s iBS,60000,Mumbai,4000,First Owner,2,100,Hero
Classic,140000,Mumbai,11000,First Owner,4,350,Royal Enfield
Duke,85000,Mumbai,15000,First Owner,7,200,KTM
Pulsar,86000,Mumbai,15000,First Owner,3,220,Bajaj
Bullet Electra,115000,Hyderabad,15500,First Owner,4,350,Royal Enfield
Gixxer SF Fi ABS,83000,Bangalore,500,First Owner,3,150,Suzuki
Pulsar,28000,Bangalore,35251,First Owner,12,180,Bajaj
Splendor Plus,14500,Delhi,35000,First Owner,14,100,Hero
Splendor iSmart,32000,Delhi,22000,First Owner,5,110,Hero
Pulsar,62500,Delhi,26000,First Owner,5,180,Bajaj
YZF-R15 V3,122500,Delhi,10000,First Owner,3,150,Yamaha
Platina,24500,Delhi,15000,First Owner,6,100,Bajaj
Apache RTR 200 4V FI,78500,Delhi,26000,First Owner,4,200,TVS
Bullet Twinspark,102500,Delhi,21000,First Owner,4,350,Royal Enfield
Star City,28000,Bangalore,28428,First Owner,9,110,TVS
Classic,130000,Delhi,10149,First Owner,3,350,Royal Enfield
Classic,130000,Delhi,7036,First Owner,3,350,Royal Enfield
Dominar 400,115000,Delhi,7593,First Owner,4,400,Bajaj
RC,96000,Delhi,17000,First Owner,6,200,KTM
Platina  Alloy ES-,29500,Delhi,15798,First Owner,4,100,Bajaj
YZF-R15 2.0,100000,Hyderabad,4800,First Owner,4,150,Yamaha
Himalayan Fi ABS,177982,Hamirpur(hp),7000,First Owner,2,410,Royal Enfield
Himalayan Fi ABS,202000,Bangalore,11000,First Owner,2,410,Royal Enfield
RC,113000,Kottayam,28000,Third Owner,6,200,KTM
Avenger Street 220,45400,Delhi,23000,Second Owner,5,220,Bajaj
Classic,105000,Delhi,16000,First Owner,4,350,Royal Enfield
Panigale 959,885000,Delhi,300,First Owner,2,959,Ducati
FZs,30000,Arrah,50000,First Owner,6,150,Yamaha
Platina,22000,Delhi,22000,First Owner,6,100,Bajaj
Classic-Redditch Edition,115000,Delhi,10000,First Owner,4,350,Royal Enfield
V15,55000,Patiala,3000,First Owner,4,150,Bajaj
Discover 125ST,20000,Faridabad,55000,First Owner,9,125,Bajaj
Splendor iSmart,56000,Ranga Reddy,16500,First Owner,4,110,Hero
Sport,28000,Mandi,36000,First Owner,5,100,TVS
Super Splendor,44000,Ludhiana,7329,First Owner,3,125,Hero
Dominar 400 ABS,190000,Mandya,8780,First Owner,2,400,Bajaj
Bullet Electra,78000,Siliguri,20000,First Owner,8,350,Royal Enfield
CBF Stunner,18787,Bangalore,28164,First Owner,10,125,Honda
Pulsar AS200,51500,Bangalore,20600,First Owner,6,200,Bajaj
Avenger,54200,Mumbai,5700,First Owner,6,220,Bajaj
Classic Desert Storm Dual Disc,175000,Hyderabad,11277,First Owner,3,500,Royal Enfield
Avenger,48000,Aurangabad,26000,First Owner,7,220,Bajaj
Livo,40000,Ludhiana,4000,First Owner,5,110,Honda
Dominar 400 ABS,102400,Kanpur,11600,First Owner,4,400,Bajaj
FZ V 2.0,65000,Chennai,8800,First Owner,3,150,Yamaha
RC,170000,Bhilwara,2100,First Owner,4,390,KTM
Pulsar,12999,Meerut,65000,First Owner,13,150,Bajaj
Duke,87000,Mumbai,20000,First Owner,6,200,KTM
Avenger,45600,Rewari,18000,Second Owner,5,220,Bajaj
Pulsar,42000,Ahmednagar,58000,First Owner,7,180,Bajaj
Pulsar NS200,47000,Delhi,24445,First Owner,8,200,Bajaj
Discover 100M,31000,Delhi,34525,First Owner,7,100,Bajaj
Gixxer SF SP Rear Disc,72500,Bangalore,19000,First Owner,4,150,Suzuki
Gixxer,80999,Wardha,4000,First Owner,3,150,Suzuki
Pulsar RS200,85000,Chandigarh,9148,First Owner,6,200,Bajaj
Apache RTR,60000,Mumbai,16000,First Owner,5,160,TVS
Dominar 400 ABS,148999,Ranchi,3694,First Owner,4,400,Bajaj
V15,49000,Bangalore,7524,First Owner,5,150,Bajaj
Passion Pro,30000,Delhi,23000,First Owner,8,100,Hero
RC,140000,Panvel,12800,First Owner,6,200,KTM
RC,237818,Delhi,1440,First Owner,2,390,KTM
SZ-RR,23600,Delhi,22672,Second Owner,6,150,Yamaha
Thunderbird,100000,Bangalore,25000,First Owner,8,500,Royal Enfield
RC,160700,Hyderabad,10000,First Owner,3,200,KTM
Bullet Electra Twinspark,78000,Thane,34200,First Owner,6,350,Royal Enfield
V15,45000,Jabalpur,7000,First Owner,4,150,Bajaj
‎ Bullet,60000,Gurgaon,3490,First Owner,9,350,Royal Enfield
RC,150000,Kota,7500,First Owner,5,200,KTM
Discover 150F Disc,37000,Mumbai,13500,First Owner,5,150,Bajaj
Classic,125000,Navi Mumbai,11000,First Owner,5,350,Royal Enfield
Pulsar RS200,70000,Mumbai,56353,First Owner,5,200,Bajaj
Pulsar,40000,Rohtak,25000,First Owner,7,220,Bajaj
Saluto Disc Special Edition,62000,Delhi,1123,First Owner,2,125,Yamaha
Interceptor,280000,Bangalore,1500,First Owner,2,650,Royal Enfield
V15,44000,Rajkot,15000,First Owner,4,150,Bajaj
Thunderbird,85000,Mumbai,31000,First Owner,7,350,Royal Enfield
Avenger Cruise 220,51000,Gurgaon,28000,First Owner,5,220,Bajaj
Avenger Street 220,75000,Delhi,11460,First Owner,3,220,Bajaj
RC,160000,Ghaziabad,23000,First Owner,5,390,KTM
Pulsar NS200,106000,Delhi,1175,First Owner,2,200,Bajaj
Street Triple ABS,599999,Mumbai,7800,Third Owner,5,675,Triumph
CBR 250R ABS,85000,Delhi,15000,First Owner,7,250,Honda
Splendor Plus,31500,Ahmedabad,28653,First Owner,8,100,Hero
Aquila GV250,150000,Ahmednagar,8000,Second Owner,6,250,Hyosung
Forty Two,210000,Hosur,2100,First Owner,2,295,Jawa
V12,50000,Delhi,3300,First Owner,4,125,Bajaj
Discover 100M,29300,Varanasi,19000,First Owner,6,100,Bajaj
V12 Disc,35740,Rohtak,20400,First Owner,4,125,Bajaj
FZs,24500,Rajkot,25000,First Owner,10,150,Yamaha
Karizma ZMR,45000,Kanpur,18000,First Owner,7,223,Hero
Duke,210000,Chennai,12000,First Owner,4,390,KTM
Bullet Electra,71000,Delhi,11000,First Owner,9,350,Royal Enfield
Fazer 25,80400,24 Pargana,5100,Second Owner,4,250,Yamaha
Classic,135000,Delhi,2200,First Owner,4,350,Royal Enfield
Street 750,350000,Mumbai,3100,First Owner,6,750,Harley-Davidson
Karizma ZMR,57000,Delhi,1500,First Owner,11,223,Hero
Xpulse 200T,76000,Jalandhar,3000,First Owner,2,200,Hero
Pulsar,42100,Kota,22560,First Owner,11,150,Bajaj
YZF-R15 S,73000,Ludhiana,16658,First Owner,6,150,Yamaha
302R,366000,Delhi,3135,First Owner,3,302,Benelli
CB Hornet 160R CBS,61200,Banka,29000,Second Owner,3,160,Honda
Bullet Electra,82000,Delhi,29860,First Owner,7,350,Royal Enfield
Classic,120000,Chennai,12000,First Owner,5,350,Royal Enfield
Apache RTR 160 4V Disc,80000,Delhi,7000,First Owner,3,160,TVS
Gixxer SP ABS,81800,Bangalore,3700,First Owner,2,150,Suzuki
Avenger,45900,Delhi,27000,First Owner,6,220,Bajaj
Pulsar NS200,86200,Bangalore,9300,First Owner,4,200,Bajaj
Splendor Plus Kick Alloy,40000,Delhi,9000,First Owner,3,100,Hero
Hunk,10000,Mumbai,21389,First Owner,12,150,Hero
Aquila GV250,155000,Nagpur,13500,First Owner,5,250,Hyosung
Pulsar NS200,46000,Mumbai,24374,First Owner,6,200,Bajaj
RC,215000,Noida,9600,First Owner,4,390,KTM
Dream Yuga,23000,Delhi,37000,First Owner,7,110,Honda
Avenger Cruise 220,55250,Pune,7781,Second Owner,3,220,Bajaj
Passion Xpro,58000,Delhi,7758,First Owner,2,110,Hero
FZ S V 2.0 Rear Disc,66000,Delhi,8000,First Owner,3,150,Yamaha
Karizma ZMR,55000,Hyderabad,32000,First Owner,7,223,Hero
Classic,89730,Mumbai,12100,First Owner,9,500,Royal Enfield
Classic,108000,Nagpur,26811,First Owner,6,350,Royal Enfield
YZF-R3 ABS,314100,Hyderabad,13500,First Owner,3,320,Yamaha
Bullet,125000,Hyderabad,16500,First Owner,39,350,Royal Enfield
HF Deluxe,18800,Faridabad,10401,First Owner,8,100,Hero
Street 750,417000,Delhi,13000,Second Owner,5,750,Harley-Davidson
Dominar 400 ABS,105000,Chennai,20500,First Owner,4,400,Bajaj
CB Twister,20000,Bangalore,19211,First Owner,6,110,Honda
Classic,88000,Chandigarh,22500,First Owner,10,350,Royal Enfield
Pulsar Disc CBS,47000,Banki,14009,First Owner,2,125,Bajaj
Avenger Street 220,95000,Delhi,11000,First Owner,2,220,Bajaj
YZF-R15 V3,108000,Pune,2982,First Owner,3,150,Yamaha
Duke,186100,Delhi,12000,First Owner,3,390,KTM
CB Shine Drum BS6,81500,Pali,3000,First Owner,1,125,Honda
CT 100,20000,Chhatarpur,30806,First Owner,5,100,Bajaj
Pulsar,15000,Mumbai,55000,Second Owner,13,150,Bajaj
V15,39000,Ludhiana,5000,First Owner,5,150,Bajaj
Classic,102500,Delhi,29000,First Owner,5,350,Royal Enfield
Classic,87000,Delhi,15000,First Owner,7,350,Royal Enfield
Dominar 400 ABS,118000,Hyderabad,14500,First Owner,3,400,Bajaj
Classic,131100,Gurgaon,6200,First Owner,4,350,Royal Enfield
CB Hornet 160R STD,42000,Delhi,19000,First Owner,5,160,Honda
Dream Neo,45000,Katihar,15000,First Owner,4,110,Honda
G 310 R,255000,Mohali,2200,First Owner,3,310,BMW
Apache RTR 160 4V Disc,78700,Rudrapur,3710,First Owner,2,160,TVS
CBR 250R,62800,Mumbai,38400,Second Owner,7,250,Honda
Pulsar AS150,35000,Delhi,18000,First Owner,6,150,Bajaj
V15,33800,Delhi,17000,First Owner,5,150,Bajaj
Ninja,125000,Coimbatore,21000,Third Owner,11,250,Kawasaki
Himalayan,146000,Hyderabad,4700,First Owner,5,410,Royal Enfield
TNT 899,569400,Jajpur,3174,First Owner,6,899,Benelli
Chief Classic,1900000,Chennai,1700,First Owner,6,1800,Indian
Ninja,600000,Bhubaneshwar,230,First Owner,1,650,Kawasaki
RC,185000,Kolkata,3000,First Owner,2,200,KTM
Passion Pro,32000,Delhi,32000,First Owner,5,100,Hero
Super Splendor,38000,Delhi,21000,First Owner,4,125,Hero
V15,35000,Bangalore,38717,First Owner,5,150,Bajaj
Achiever,42000,Bangalore,1999,First Owner,3,150,Hero
Apache,9350,Bangalore,39822,Second Owner,13,150,TVS
ER-6n,330000,Mumbai,7500,First Owner,5,650,Kawasaki
HF Deluxe Self,36500,Ahmednagar,23000,First Owner,7,100,Hero
Splendor Plus,38000,Pune,17376,Second Owner,5,100,Hero
Standard,75000,Faridabad,33000,First Owner,8,350,Royal Enfield
TNT 300,230000,Chennai,9500,First Owner,4,300,Benelli
Apache RTR,31500,Delhi,20000,First Owner,8,160,TVS
Thunderbird,46000,Chennai,35000,First Owner,16,350,Royal Enfield
Classic,109900,Delhi,8600,First Owner,5,350,Royal Enfield
V15,35000,Delhi,18000,First Owner,5,150,Bajaj
Pulsar NS160,65000,Delhi,18000,First Owner,3,160,Bajaj
Forty Two,175000,Bangalore,1800,First Owner,2,295,Jawa
Classic,126000,Bangalore,23000,First Owner,4,350,Royal Enfield
CB Shine,25000,Hyderabad,29000,First Owner,9,125,Honda
CB Unicorn,89000,Mumbai,5000,First Owner,2,150,Honda
Classic Gunmetal Grey ABS,160000,Mumbai,7500,First Owner,2,350,Royal Enfield
Pulsar RS200 ABS,130000,Mumbai,15000,First Owner,2,200,Bajaj
CB Shine,33500,Pune,26000,Second Owner,12,125,Honda
YZF-R15 V3,128000,Bangalore,8000,First Owner,3,150,Yamaha
Classic,143000,Bangalore,7000,First Owner,3,350,Royal Enfield
Pulsar 135LS,31000,Bangalore,31464,Second Owner,9,135,Bajaj
Intruder,72000,Delhi,7419,First Owner,3,150,Suzuki
Apache RTR 200 4V ABS Race Edition,108500,Delhi,10000,First Owner,2,200,TVS
Pulsar 220F,74500,Delhi,10000,First Owner,4,220,Bajaj
CT 100 B,24000,Delhi,6300,First Owner,4,100,Bajaj
Pulsar,80000,Delhi,17000,First Owner,3,220,Bajaj
Pulsar,81000,Bangalore,22000,First Owner,3,220,Bajaj
Classic,115000,Delhi,15000,Second Owner,5,350,Royal Enfield
Passion Pro Drum,56500,Delhi,10000,First Owner,2,110,Hero
Pulsar,75000,Bangalore,16000,First Owner,4,220,Bajaj
YZF-R15,72000,Bangalore,32542,First Owner,6,150,Yamaha
Gixxer,73000,Bangalore,7461,First Owner,4,150,Suzuki
Pulsar NS200,69500,Delhi,28000,First Owner,6,200,Bajaj
Apache RTR 160 4V Disc,78500,Delhi,9800,First Owner,3,160,TVS
Apache RTR 160 4V DISC ABS,87000,Delhi,7000,First Owner,2,160,TVS
Apache RTR,40000,Delhi,16688,Second Owner,6,180,TVS
Mojo,145000,Thane,16000,First Owner,5,300,Mahindra
Interceptor,265000,Bangalore,12900,First Owner,2,650,Royal Enfield
TNT 300,235000,Bangalore,7000,First Owner,4,300,Benelli
Street 750,400000,Noida,3000,First Owner,6,750,Harley-Davidson
CB Twister,30000,Pune,11000,First Owner,13,110,Honda
RC,140000,Nagpur,14000,First Owner,5,200,KTM
FZ25,98000,Bangalore,17000,First Owner,3,250,Yamaha
Thunderbird,74500,Delhi,5432,Second Owner,6,350,Royal Enfield
Apache RTR 200 4V Carburetor,75000,Bangalore,3419,First Owner,3,200,TVS
Ignitor Disc,27500,Mysore,25757,First Owner,8,125,Hero
Apache,10200,Delhi,71474,First Owner,12,150,TVS
Avenger Street 150,57000,Bangalore,17000,First Owner,5,150,Bajaj
Apache RTR,21000,Delhi,34688,First Owner,13,160,TVS
Pulsar NS160,68500,Delhi,8100,First Owner,3,160,Bajaj
Duke,174500,Delhi,7900,First Owner,3,250,KTM
Classic,108000,Delhi,20000,First Owner,5,350,Royal Enfield
Gixxer SF SP Rear Disc,50000,Delhi,12000,First Owner,4,150,Suzuki
Continental GT,118000,Bangalore,12000,First Owner,7,535,Royal Enfield
Glamour Disc,33000,Delhi,17525,First Owner,5,125,Hero
RC,150000,Adoni,9000,First Owner,4,200,KTM
Pulsar,70000,Jalandhar,5000,First Owner,4,220,Bajaj
Bullet Electra Twinspark,105000,Bangalore,13200,First Owner,6,350,Royal Enfield
Dominar 400,135000,Chennai,5000,First Owner,4,400,Bajaj
Dominar 400 ABS,140000,Chennai,7500,First Owner,4,400,Bajaj
Passion Xpro,26000,Bikaner,28000,First Owner,8,110,Hero
RC,230000,Delhi,1100,First Owner,4,390,KTM
CB Shine,53000,Ahmednagar,25000,First Owner,5,125,Honda
Avenger Street 150,76000,Hyderabad,7500,First Owner,4,150,Bajaj
Dominar 400,135000,Delhi,7000,First Owner,4,400,Bajaj
V12 Disc,45000,Gurgaon,10200,First Owner,4,125,Bajaj
V15,60000,Delhi,3500,First Owner,4,150,Bajaj
Splendor iSmart,40000,Delhi,15000,First Owner,4,110,Hero
Classic,133000,Delhi,8000,First Owner,4,350,Royal Enfield
Discover 100M,25000,Ahmedabad,33000,First Owner,7,100,Bajaj
Gixxer SF Fi,99999,Bangalore,5500,First Owner,3,150,Suzuki
CBR 250R ABS,130000,Delhi,14500,Second Owner,8,250,Honda
HF Dawn,25000,Ahmedabad,40688,First Owner,5,100,Hero
Pulsar 220F,75000,Delhi,15000,First Owner,4,220,Bajaj
Pulsar,53000,Delhi,10000,First Owner,5,180,Bajaj
Slingshot Plus,25000,Delhi,16801,First Owner,6,125,Suzuki
Pulsar,46500,Ahmedabad,21342,First Owner,5,150,Bajaj
Centuro Rockstar,18999,Pune,38669,Third Owner,6,110,Mahindra
Centuro,17800,Malout,10000,First Owner,8,110,Mahindra
Pulsar,52000,Delhi,17000,First Owner,4,180,Bajaj
CB Hornet 160R Special Edition STD,70000,Ahmedabad,13500,First Owner,4,160,Honda
YZF-R15 2.0,85000,Nadiad,7350,First Owner,5,150,Yamaha
Classic,150000,Delhi,4000,First Owner,2,350,Royal Enfield
Classic,115000,Jammu,27000,First Owner,5,350,Royal Enfield
CBR 150R,93200,Gurgaon,6500,First Owner,5,150,Honda
Duke,155000,Bangalore,21250,First Owner,5,390,KTM
Pulsar RS200 ABS,78000,Delhi,16000,First Owner,6,200,Bajaj
Thunderbird,85000,Bhubaneshwar,12600,First Owner,7,350,Royal Enfield
Pulsar,43000,Delhi,32000,First Owner,5,150,Bajaj
Apache RTR,50390,Ahmedabad,45949,First Owner,4,160,TVS
Classic Chrome,128700,Bangalore,15900,Second Owner,5,500,Royal Enfield
Street Rod XG750A ABS,510000,Rajnandgaon,5600,First Owner,4,750,Harley-Davidson
FZ S V 2.0,65000,Unnao,33000,First Owner,4,150,Yamaha
CBR 150R,55000,Jaipur,2000,First Owner,9,150,Honda
Bullet Electra Twinspark,126000,Delhi,6518,First Owner,4,350,Royal Enfield
Splendor Plus IBS i3S,53300,Delhi,10000,First Owner,2,100,Hero
Pulsar NS200,76000,Delhi,10000,First Owner,4,200,Bajaj
Dominar 400 ABS,140000,Mumbai,10200,First Owner,4,400,Bajaj
Discover,13600,Delhi,87267,First Owner,13,135,Bajaj
Apache RTR,73000,Rohtak,2100,First Owner,3,180,TVS
Discover,17000,Bangalore,28130,Second Owner,8,125,Bajaj
Discover,29000,Gurgaon,39000,First Owner,6,150,Bajaj
Gixxer SF,49000,Delhi,7500,First Owner,5,150,Suzuki
Street 750,371100,Pune,6300,Second Owner,5,750,Harley-Davidson
Discover 100M,30000,Thane,7334,First Owner,7,100,Bajaj
Avenger Street 150,70000,Kolkata,3400,First Owner,4,150,Bajaj
Classic,131000,Delhi,9900,First Owner,4,350,Royal Enfield
Pulsar NS160,65000,Delhi,7000,First Owner,4,160,Bajaj
Splendor Plus IBS i3S,65000,Delhi,2600,First Owner,2,100,Hero
Bullet Electra,96000,Delhi,24000,First Owner,5,350,Royal Enfield
Pulsar,28500,Ahmedabad,30000,First Owner,7,150,Bajaj
Pulsar NS200,62400,Godhara,8100,First Owner,4,200,Bajaj
Bullet Electra,85000,Ghaziabad,34000,First Owner,9,350,Royal Enfield
Pulsar,66000,Delhi,15000,First Owner,2,150,Bajaj
Apache RTR 160 4V DRUM ABS,85000,Gurgaon,7000,First Owner,2,160,TVS
Discover,18551,Delhi,21832,First Owner,13,135,Bajaj
Apache RTR 200 4V ABS Race Edition,95000,Delhi,13890,First Owner,3,200,TVS
Dominar 400 ABS,130000,Delhi,8500,First Owner,3,400,Bajaj
Classic,98000,Gurgaon,7300,First Owner,7,350,Royal Enfield
Livo,53400,Delhi,1500,First Owner,3,110,Honda
Pulsar RS200 ABS,120000,Bangalore,8700,First Owner,5,200,Bajaj
CB Unicorn 160 CBS,58000,Pune,44580,First Owner,5,160,Honda
YZF-R15 2.0,97000,Ludhiana,10473,First Owner,3,150,Yamaha
Platina  Alloy ES-,38000,Delhi,29451,First Owner,5,100,Bajaj
Discover,24500,Ahmedabad,14324,First Owner,6,125,Bajaj
Duke,129000,Delhi,1123,First Owner,2,125,KTM
Boxer BM150,20000,Gurgaon,28000,First Owner,9,150,Bajaj
Classic,123000,Jalandhar,900,First Owner,4,350,Royal Enfield
Bullet Electra,62000,Noida,70000,First Owner,14,350,Royal Enfield
YZF-R15 2.0,82000,Bangalore,14180,First Owner,7,150,Yamaha
CB Shine,24500,Ahmedabad,26453,First Owner,9,125,Honda
FZ S V 2.0 Rear Disc,59300,Delhi,9107,First Owner,3,150,Yamaha
Glamour,41000,Bhubaneshwar,35000,First Owner,7,125,Hero
FZ S V 2.0,80000,Ludhiana,6300,First Owner,3,150,Yamaha
Classic,93500,Gurgaon,10100,Second Owner,7,500,Royal Enfield
V15,43000,Ludhiana,6336,First Owner,4,150,Bajaj
RC,150000,Kanpur,4981,First Owner,6,390,KTM
Discover,22500,Ahmedabad,25431,First Owner,9,100,Bajaj
Avenger Street 180,69000,Delhi,15000,First Owner,3,180,Bajaj
Pulsar NS200,75800,Delhi,6500,First Owner,3,200,Bajaj
Star City Plus,30000,Delhi,22000,First Owner,9,110,TVS
TNT 300,225000,Kolhapur,17300,First Owner,6,300,Benelli
Street 750,355000,Mumbai,7400,First Owner,7,750,Harley-Davidson
Apache RTR,58000,Delhi,14000,First Owner,5,160,TVS
Avenger Street 150,60000,Patiala,10300,First Owner,5,150,Bajaj
Intruder,75200,Ranchi,16000,First Owner,3,150,Suzuki
Classic,130000,Bangalore,6200,First Owner,4,350,Royal Enfield
Pulsar,26900,Delhi,20000,First Owner,9,180,Bajaj
Duke,145000,Bangalore,15000,First Owner,4,200,KTM
RC,154000,Mumbai,8000,First Owner,6,390,KTM
Street 750,350000,Delhi,5000,First Owner,5,750,Harley-Davidson
Classic,105000,Kanpur,20000,First Owner,6,350,Royal Enfield
G 310 R,260000,Mumbai,8500,First Owner,3,310,BMW
Bullet Electra,89900,Delhi,20000,First Owner,6,350,Royal Enfield
Passion Pro,25000,Delhi,16000,First Owner,7,100,Hero
Duke,220000,Pune,12500,First Owner,3,390,KTM
RC,150000,Mumbai,11500,First Owner,5,390,KTM
CBR 150R,60000,Mumbai,21000,Second Owner,6,150,Honda
Thunderbird,110000,Noida,37000,First Owner,7,500,Royal Enfield
CB Trigger,42000,Satara,25868,First Owner,8,150,Honda
YZF-R15,106000,Mumbai,4508,First Owner,4,150,Yamaha
Pulsar,34000,Pune,17501,First Owner,10,150,Bajaj
CB Hornet 160R CBS,55000,Siwan,25000,First Owner,5,160,Honda
Ninja 650 KRT Edition,526300,Hyderabad,12000,First Owner,3,650,Kawasaki
Platina ComforTec Alloy,41000,Gurgaon,15800,First Owner,4,100,Bajaj
TNT R,785000,Nagpur,2900,First Owner,4,1130,Benelli
CB Shine,22000,Delhi,42554,First Owner,6,125,Honda
Duke,165147,Pune,12000,First Owner,4,390,KTM
Classic,90000,Delhi,13140,First Owner,8,350,Royal Enfield
RC,140000,Mumbai,9500,First Owner,5,200,KTM
CB Unicorn Dazzler,16800,Gurgaon,134200,First Owner,10,150,Honda
Thunderbird,70000,Mumbai,11000,First Owner,7,350,Royal Enfield
Gixxer SF,58000,Delhi,29451,First Owner,6,150,Suzuki
Splendor Plus,32000,Pune,21884,Second Owner,8,100,Hero
GT650R,230000,Dadra & Nagar Haveli,16150,Second Owner,8,650,Hyosung
Apache RTR 160 4V DISC ABS,91800,Delhi,1050,First Owner,2,160,TVS
Classic Chrome,119000,Mumbai,10544,First Owner,9,500,Royal Enfield
Splendor Plus,23000,Rajkot,30000,First Owner,7,100,Hero
Duke,210000,Hyderabad,6013,First Owner,3,390,KTM
Avenger Street 150,43000,Delhi,17000,First Owner,5,150,Bajaj
Pulsar 220F,45000,Delhi,5800,First Owner,7,220,Bajaj
Passion Pro,42000,Thane,6500,First Owner,5,100,Hero
TNT 600 GT,440000,Ahmedabad,10800,First Owner,3,600,Benelli
Duke,72250,Pune,6282,First Owner,5,200,KTM
CBF Stunner,18200,Bhiwani,40000,First Owner,9,125,Honda
GT650R,395000,Nashik,5000,First Owner,6,650,Hyosung
GT250R,140000,Delhi,2881,First Owner,7,250,Hyosung
YZF-R1,700000,Bangalore,14200,First Owner,13,1000,Yamaha
Xtreme 200R,72000,Mumbai,3490,First Owner,3,200,Hero
FZ16,18000,Hyderabad,39859,First Owner,11,150,Yamaha
Diavel,1000000,Coimbatore,4400,Second Owner,5,1200,Ducati
Speed Triple,750000,Koppal,9500,First Owner,4,1050,Triumph
CB Unicorn,29000,Noida,9000,First Owner,9,150,Honda
Classic,120000,Pune,11795,First Owner,5,350,Royal Enfield
Hayabusa,1260000,Jaipur,17000,First Owner,4,1300,Suzuki
Scout Bobber,700000,Nagpur,172,First Owner,3,1130,Indian
V15 POWER UP,35000,Mumbai,26000,First Owner,2,150,Bajaj
Classic,115000,Delhi,14000,First Owner,4,350,Royal Enfield
Passion Pro,25000,Ghaziabad,20000,First Owner,8,100,Hero
Classic Gunmetal Grey,143500,Delhi,5700,First Owner,3,350,Royal Enfield
Classic,118000,Delhi,10000,First Owner,4,350,Royal Enfield
Classic,129500,Delhi,6300,First Owner,3,350,Royal Enfield
FZ25 ABS,138000,Bangalore,7253,First Owner,2,250,Yamaha
Avenger,63000,Bangalore,19333,First Owner,4,220,Bajaj
Standard,200000,Bangalore,1255,First Owner,2,295,Jawa
FZs,77500,Delhi,45,First Owner,3,150,Yamaha
Classic,99000,Delhi,32158,First Owner,6,350,Royal Enfield
Platina,27000,Delhi,29858,First Owner,4,100,Bajaj
Avenger,44000,Delhi,27000,First Owner,6,220,Bajaj
Pulsar,28000,Bangalore,70251,First Owner,13,150,Bajaj
SZR,22000,Delhi,19000,First Owner,9,150,Yamaha
Platina,19000,Delhi,23420,First Owner,10,100,Bajaj
RC,126999,Bangalore,22000,First Owner,5,200,KTM
Star Sport,25000,Hyderabad,41000,First Owner,8,100,TVS
Pulsar NS200 ABS,90000,Mumbai,12500,First Owner,3,200,Bajaj
CB Hornet 160R STD,89000,Mumbai,800,First Owner,2,160,Honda
Pulsar,47000,Bangalore,13935,First Owner,5,150,Bajaj
Dominar 400 ABS,119500,Delhi,12000,First Owner,4,400,Bajaj
Classic,130000,Mumbai,20000,First Owner,3,350,Royal Enfield
Avenger Street 220,62000,Delhi,11500,First Owner,4,220,Bajaj
Avenger Street 180,70000,Delhi,7000,First Owner,3,180,Bajaj
Discover 100M,31000,Bangalore,21447,First Owner,7,100,Bajaj
CT 100,41500,Delhi,15000,First Owner,3,100,Bajaj
Splendor Plus Self Alloy,52500,Delhi,9000,First Owner,3,100,Hero
Apache RTR,36000,Delhi,2980,First Owner,6,160,TVS
CB Shine,40000,Nizamabad,17600,First Owner,5,125,Honda
Aquila 250,160000,Mumbai,5000,First Owner,6,250,Hyosung
Z650,470000,Mumbai,12000,First Owner,3,650,Kawasaki
Apache RTR 160 4V DISC ABS,89000,Delhi,3000,First Owner,2,160,TVS
Pulsar,34000,Bangalore,26840,First Owner,9,150,Bajaj
YZF-R15 V3,112000,Ludhiana,4000,First Owner,3,150,Yamaha
CB Trigger,27000,Gurgaon,35000,First Owner,7,150,Honda
Passion Pro,25000,Delhi,28000,First Owner,8,100,Hero
Gixxer SF,39100,Delhi,16000,First Owner,6,150,Suzuki
Pulsar 220F,58500,Delhi,11500,Second Owner,5,220,Bajaj
Classic,126000,Madurai,20556,First Owner,6,350,Royal Enfield
Hunk,45000,Chennai,40500,First Owner,5,150,Hero
V15,48000,Delhi,13000,First Owner,5,150,Bajaj
V15,44800,Delhi,30000,First Owner,5,150,Bajaj
Discover,20300,Ghaziabad,39450,First Owner,14,135,Bajaj
Avenger Street 150,62000,Rohtak,18500,First Owner,5,150,Bajaj
Karizma ZMR,45000,Wardha,23695,First Owner,8,223,Hero
V15,45000,Delhi,33000,First Owner,5,150,Bajaj
CD Dawn,16000,Gurgaon,50000,First Owner,9,100,Hero
CB Trigger,43300,Delhi,21000,First Owner,8,150,Honda
Classic,135000,Delhi,18100,First Owner,5,500,Royal Enfield
Apache RTR 200 4V Fi,70000,Delhi,9761,Second Owner,5,200,TVS
Karizma ZMR,75700,Pune,14000,First Owner,5,223,Hero
Thunderbird,110000,Bangalore,28500,First Owner,8,500,Royal Enfield
Pulsar RS200 ABS,95000,Pune,11000,First Owner,6,200,Bajaj
FZ16,28000,Kota,100000,First Owner,12,150,Yamaha
Classic,113000,Delhi,13000,First Owner,5,350,Royal Enfield
CB Trigger,40000,Faridabad,40600,First Owner,7,150,Honda
Dream Yuga,24000,Chennai,52345,First Owner,7,110,Honda
Pulsar RS200 ABS,101300,Nadiad,22500,First Owner,4,200,Bajaj
Ignitor Disc,28000,Delhi,33000,First Owner,8,125,Hero
V15,57000,Bhopal,500,First Owner,4,150,Bajaj
Pulsar RS200,89100,Ujjain,13800,Second Owner,4,200,Bajaj
Bullet Twinspark,108000,Delhi,5000,First Owner,5,350,Royal Enfield
Apache RTR 200 4V ABS,93000,Delhi,7500,First Owner,3,200,TVS
Avenger Street 150,54000,Delhi,8000,First Owner,5,150,Bajaj
Bullet Electra Twinspark,119000,Faridabad,1403,First Owner,4,350,Royal Enfield
Passion,21100,Visakhapatnam,30000,First Owner,16,100,Hero
Avenger Street 220,75000,Bangalore,5399,First Owner,4,220,Bajaj
Pulsar 135LS,22000,Ludhiana,40000,First Owner,13,135,Bajaj
Pulsar NS200,79999,Chennai,10922,First Owner,4,200,Bajaj
Gixxer SF Fi,85000,Thane,6000,First Owner,4,150,Suzuki
Gixxer,52200,Ghaziabad,4500,First Owner,4,150,Suzuki
V15,48000,Coimbatore,27098,First Owner,5,150,Bajaj
Classic,120000,Vadodara,14164,First Owner,6,350,Royal Enfield
Classic,120000,Gurgaon,16562,First Owner,4,350,Royal Enfield
CD Deluxe,29500,Kota,21017,First Owner,9,100,Hero
Splendor Plus Self Alloy,51300,Palakkad,2800,First Owner,2,100,Hero
Passion Pro,35242,Tiruvallur,3000,First Owner,5,100,Hero
Avenger,65000,Mumbai,20000,First Owner,7,220,Bajaj
RC,110000,Ghaziabad,26000,First Owner,6,200,KTM
Pulsar AS200,70000,Panchkula,25000,First Owner,5,200,Bajaj
Avenger Cruise 220,68000,Jalandhar,5800,First Owner,4,220,Bajaj
Passion Xpro,30000,Nanjangud,26000,First Owner,8,110,Hero
Sport,30000,Jhansi,8000,First Owner,5,100,TVS
FZ25,108000,Chennai,9700,First Owner,4,250,Yamaha
Dominar 400 ABS,150000,Chennai,3300,First Owner,4,400,Bajaj
Thunderbird,174600,Thane,9200,First Owner,4,500,Royal Enfield
CB Trigger,33000,Delhi,44020,First Owner,7,150,Honda
Pulsar RS200,91500,Delhi,7000,First Owner,6,200,Bajaj
Pulsar RS200,94500,Delhi,10000,First Owner,6,200,Bajaj
Pulsar RS200,80000,Mumbai,17000,First Owner,6,200,Bajaj
Intruder SP,90000,Sonipat,12000,First Owner,3,150,Suzuki
Discover 125ST,26900,Faridabad,31000,First Owner,8,125,Bajaj
Bullet Electra,72378,Faridabad,21496,First Owner,9,350,Royal Enfield
Bullet Twinspark,110000,Jalandhar,9000,First Owner,4,350,Royal Enfield
Discover,17500,Puttur,52018,First Owner,7,100,Bajaj
YZF-R3,308000,Delhi,16000,First Owner,3,320,Yamaha
Dominar 400 ABS,150800,Chennai,7000,First Owner,3,400,Bajaj
Pulsar,55000,Chennai,15558,First Owner,4,150,Bajaj
Pulsar RS200 ABS,110000,Bangalore,5700,First Owner,6,200,Bajaj
Classic,120000,Mumbai,28000,First Owner,7,500,Royal Enfield
Apache RR310,199999,Nagpur,6550,First Owner,3,310,TVS
YZF-R15 2.0,58000,Delhi,35000,Second Owner,6,150,Yamaha
Passion Xpro,32000,Hoshiarpur,28329,First Owner,6,110,Hero
Discover,31500,Delhi,26000,First Owner,7,150,Bajaj
Discover,21000,Bangalore,40000,First Owner,9,150,Bajaj
Passion Plus,20000,Ludhiana,22500,First Owner,12,100,Hero
CB Shine,52000,Delhi,3840,First Owner,3,125,Honda
Apache RTR 200 4V ABS,90000,Delhi,2684,First Owner,3,200,TVS
Classic-Redditch Edition Dual Disc,154900,Bangalore,7050,First Owner,3,350,Royal Enfield
Thunderbird,125000,Bangalore,33000,First Owner,4,350,Royal Enfield
YZF-R15 V3,95000,Chennai,24500,First Owner,3,150,Yamaha
V15,51900,Noida,25000,First Owner,4,150,Bajaj
Apache RTR,40000,Delhi,34400,First Owner,5,160,TVS
Dominar 400 ABS,130000,Ahmedabad,25000,First Owner,3,400,Bajaj
CBR 150R,60000,Gohana,30000,First Owner,9,150,Honda
Classic,133600,Delhi,3000,First Owner,5,350,Royal Enfield
CB Shine,28000,Hyderabad,36000,First Owner,11,125,Honda
Splendor Plus,20600,Jhansi,30000,First Owner,9,100,Hero
Classic,112000,Bangalore,25000,First Owner,6,350,Royal Enfield
Apache RTR,55000,Bangalore,20000,First Owner,6,160,TVS
Livo,40000,Bikaner,14168,First Owner,5,110,Honda
CBZ,21000,Jaipur,50000,First Owner,10,150,Hero
Gixxer SF Fi,84000,Pune,3200,First Owner,4,150,Suzuki
Duke,160000,Thane,10500,First Owner,5,390,KTM
Apache RTR 160 4V Disc,74700,Gautam Buddha Nagar,20194,First Owner,2,160,TVS
FZS FI,48600,Ludhiana,20559,First Owner,4,150,Yamaha
CB Unicorn 160 STD,39300,Delhi,53000,First Owner,5,160,Honda
GS 150 R,26900,Durgapur,53000,First Owner,9,150,Suzuki
Machismo,100000,Mumbai,48000,First Owner,12,500,Royal Enfield
FZ25,85000,Delhi,13000,First Owner,4,250,Yamaha
CBZ Xtreme,30000,Bangalore,46700,First Owner,10,150,Hero
SZ RR V 2.0,61000,Noida,10000,First Owner,4,150,Yamaha
YZF-R15 2.0,69825,Ahmedabad,28261,First Owner,4,150,Yamaha
Bullet Electra Twinspark,85000,Palwal,23399,Third Owner,6,350,Royal Enfield
Discover,20000,Ahmedabad,38576,First Owner,11,135,Bajaj
CBZ Xtreme,23500,Vadodara,22000,First Owner,10,150,Hero
Gixxer,60000,Chatrapur,40997,First Owner,6,150,Suzuki
YZF-R15 2.0,75000,Delhi,39000,First Owner,5,150,Yamaha
FZ S V 2.0-Ltd. Edition,68900,Faridabad,16980,Second Owner,4,150,Yamaha
Apache RTR 200 4V Fi,59999,Delhi,35958,First Owner,5,200,TVS
FZ V 2.0,65000,Delhi,15000,First Owner,3,150,Yamaha
GT250R,183000,Mumbai,11439,First Owner,7,250,Hyosung
Apache RTR ABS,66400,Howrah,12500,First Owner,5,180,TVS
CB Shine,31500,Ahmedabad,56423,First Owner,8,125,Honda
Classic,130000,Delhi,11200,First Owner,3,350,Royal Enfield
Pulsar RS200 ABS,100000,Jaipur,11760,First Owner,4,200,Bajaj
Apache RTR,26500,Delhi,22000,First Owner,10,160,TVS
Honda Splendor,23000,Mumbai,24121,First Owner,10,100,Hero
Xtreme 200R,66000,Faridabad,1112,First Owner,2,200,Hero
YZF-R15 2.0,75000,Delhi,13000,First Owner,6,150,Yamaha
RC ABS,170000,Jind,4600,First Owner,2,200,KTM
Pulsar,45000,Mumbai,22000,First Owner,6,150,Bajaj
Dream Neo,36500,Delhi,9000,First Owner,3,110,Honda
Apache RTR,40200,Hyderabad,43000,First Owner,7,160,TVS
Discover,16000,Gurgaon,22141,First Owner,7,150,Bajaj
Discover,19784,Delhi,89748,First Owner,13,135,Bajaj
YZF-R15 V3,110900,Delhi,4200,First Owner,3,150,Yamaha
Classic,135000,Delhi,9000,First Owner,3,350,Royal Enfield
CB Hornet 160R Special Edition STD,72500,Chennai,9500,First Owner,4,160,Honda
Platina  Alloy ES-,33000,Delhi,14000,First Owner,4,100,Bajaj
Pulsar RS200,94300,Delhi,13000,First Owner,6,200,Bajaj
Pulsar 220F,22000,Sonipat,35000,First Owner,11,220,Bajaj
CBR 150R Deluxe,110000,Navi Mumbai,23500,First Owner,4,150,Honda
RC,118000,Rajkot,25000,First Owner,7,200,KTM
Platina,14800,Delhi,39525,First Owner,11,100,Bajaj
Thunderbird,133700,Hubli,2000,First Owner,3,350,Royal Enfield
Ignitor,23000,Jhansi,25000,Second Owner,6,125,Hero
Pulsar,20000,Panipat,20000,First Owner,10,200,Bajaj
Classic,115000,Jaipur,25000,First Owner,6,350,Royal Enfield
Discover 125ST,18500,Bharatpur,20000,First Owner,9,125,Bajaj
Dominar 400 ABS,170000,Bangalore,4000,First Owner,3,400,Bajaj
Classic,114000,Delhi,7500,First Owner,4,350,Royal Enfield
Splendor iSmart,36000,Vellore,9500,First Owner,5,110,Hero
Thunderbird,98000,Delhi,26000,First Owner,5,350,Royal Enfield
V15,50000,Ambala,17000,First Owner,5,150,Bajaj
Classic,117000,Ludhiana,14640,First Owner,5,350,Royal Enfield
Star Sport,26000,Ghaziabad,12340,First Owner,5,100,TVS
Bullet Twinspark,87500,Delhi,13000,First Owner,6,350,Royal Enfield
Pulsar RS200,82000,Bangalore,17252,First Owner,5,200,Bajaj
Ignitor Disc,45000,Kolkata,12699,First Owner,5,125,Hero
Pulsar,20400,Delhi,87000,First Owner,11,150,Bajaj
Ninja,355100,Delhi,1710,First Owner,4,300,Kawasaki
Ninja 300 ABS,310000,Navi Mumbai,6000,First Owner,2,300,Kawasaki
Classic,120000,Ahmedabad,5100,First Owner,6,350,Royal Enfield
CB Shine,52000,Ahmedabad,15583,First Owner,4,125,Honda
Pulsar Rear Disc,67000,Delhi,26000,First Owner,3,150,Bajaj
Himalayan Fi ABS,180000,Guwahati,200,First Owner,2,410,Royal Enfield
Splendor NXG,22000,Gurgaon,28938,First Owner,9,100,Hero
Dream Yuga,20000,Gurgaon,18438,First Owner,9,110,Honda
Dominar 400 ABS,195000,Mumbai,6000,First Owner,2,400,Bajaj
Thunderbird,101900,Mumbai,18000,First Owner,5,350,Royal Enfield
Classic,108000,Delhi,27000,First Owner,6,350,Royal Enfield
CB Unicorn 160 STD,45000,Delhi,17000,First Owner,5,160,Honda
Thunderbird,90000,Delhi,12000,First Owner,8,500,Royal Enfield
RC,150000,Gangtok,21000,First Owner,6,390,KTM
Achiever Disc,45000,Rajahmundry,13400,First Owner,4,150,Hero
SZ-RR,35000,Faridabad,30000,Second Owner,5,150,Yamaha
Apache RTR 200 4V Carburetor Race Edition 2.0,78000,Delhi,14500,First Owner,3,200,TVS
Discover 125ST,21700,Jhansi,28000,First Owner,8,125,Bajaj
Pulsar,21800,Jhansi,28000,First Owner,8,150,Bajaj
CBR 150R,65500,Delhi,12000,First Owner,8,150,Honda
Thunderbird ABS,175000,Delhi,2382,First Owner,2,350,Royal Enfield
Duke,95000,Tiruchirappalli,27800,First Owner,6,200,KTM
YZF-R15 S,89025,Delhi,5800,First Owner,6,150,Yamaha
Thunderbird,140000,Chennai,5103,First Owner,5,500,Royal Enfield
Duke,145000,Gautam Buddha Nagar,2476,First Owner,2,125,KTM
Pulsar AS150,63647,Bangalore,6750,First Owner,5,150,Bajaj
Duke,90000,Belgaum,31000,First Owner,6,200,KTM
Thunderbird,89000,Surat,6500,First Owner,8,350,Royal Enfield
V15,44000,Delhi,2525,First Owner,4,150,Bajaj
Classic,82000,Gurgaon,37654,Second Owner,9,500,Royal Enfield
Street 750 ABS,386000,Thane,22000,First Owner,4,750,Harley-Davidson
CBZ Xtreme,19000,Delhi,25000,First Owner,10,150,Hero
V15,52000,Delhi,7845,First Owner,5,150,Bajaj
FZ25,115204,Nagpur,9000,First Owner,4,250,Yamaha
RC,147000,Jaipur,15000,First Owner,6,390,KTM
Pulsar Rear Disc ABS,85000,Balaghat,2500,First Owner,2,150,Bajaj
Discover 125ST,33000,Kolkata,50000,First Owner,9,125,Bajaj
Passion Pro,18600,Delhi,49660,First Owner,12,100,Hero
Discover,20000,Ludhiana,18000,First Owner,10,100,Bajaj
Pulsar NS160,48000,Jatani,51000,First Owner,4,160,Bajaj
Classic,101500,Gurgaon,3000,First Owner,8,350,Royal Enfield
YZF-R15 2.0,61400,Chennai,33000,First Owner,9,150,Yamaha
Classic Chrome,140000,Howrah,5200,First Owner,4,500,Royal Enfield
FZs,27800,Ghaziabad,20000,First Owner,10,150,Yamaha
Duke ABS,175000,Faridabad,7976,First Owner,2,250,KTM
Bullet Twinspark,110000,Gurgaon,17000,First Owner,5,350,Royal Enfield
Street 750,380000,Delhi,6500,First Owner,6,750,Harley-Davidson
Pulsar 200 NS,53200,Surat,28100,First Owner,7,200,Bajaj
CBR 250R,65000,Asansol,21000,First Owner,8,250,Honda
Avenger Cruise 220,69600,Chennai,20500,First Owner,3,220,Bajaj
Pulsar,72000,Kolkata,50000,First Owner,4,220,Bajaj
Mojo Tourer Edition,175000,Delhi,8000,First Owner,3,300,Mahindra
Passion Pro,35000,Delhi,22000,First Owner,8,100,Hero
Star Sport,22900,Jhansi,12000,First Owner,5,100,TVS
Gladiator,19000,Pune,48568,First Owner,14,125,Yamaha
RC,213300,Delhi,9900,First Owner,4,390,KTM
Classic,115700,Delhi,15000,Second Owner,4,350,Royal Enfield
Splendor iSmart,45000,Bilaspur,4894,First Owner,5,110,Hero
Duke,200000,Mumbai,12000,First Owner,3,390,KTM
Duke,210000,Mumbai,4500,First Owner,3,390,KTM
YZF-R15 2.0,78000,Thanjavur,29000,First Owner,6,150,Yamaha
Mojo,115000,Gurgaon,35000,First Owner,5,300,Mahindra
CBR 150R,60000,Vadodara,15252,First Owner,6,150,Honda
V15,41000,Kolkata,19500,Second Owner,4,150,Bajaj
Pulsar,35000,Bangalore,41016,First Owner,9,180,Bajaj
Pulsar,65000,Coimbatore,15112,First Owner,5,220,Bajaj
Pulsar RS200,110000,Vadodara,12300,First Owner,5,200,Bajaj
Classic,110000,Gurgaon,46026,First Owner,6,350,Royal Enfield
Karizma R,27000,Bangalore,101250,Third Owner,14,223,Hero
Dream Yuga,26000,Delhi,25000,First Owner,7,110,Honda
Passion Pro i3S Alloy,30100,Ludhiana,15823,First Owner,5,100,Hero
Passion Plus,10669,Raigarh(mh),49000,First Owner,15,100,Hero
Splendor Plus,23500,Mandi Dabwali,26000,First Owner,13,100,Hero
CB Shine,37000,Jaipur,18110,First Owner,6,125,Honda
Pulsar RS200,90000,Faridabad,39000,First Owner,6,200,Bajaj
Thunderbird X ABS,155000,Vadodara,1650,First Owner,2,350,Royal Enfield
Pulsar NS 200,41300,Basti,49000,Second Owner,7,200,Bajaj
Apache RTR,43000,Delhi,28454,Second Owner,4,160,TVS
Xtreme,25300,Delhi,17000,First Owner,8,150,Hero
Pulsar NS160,65000,Delhi,7200,First Owner,3,160,Bajaj
Pulsar RS200 ABS,121700,Bangalore,18000,First Owner,5,200,Bajaj
Platina,18000,Gurgaon,25000,First Owner,9,100,Bajaj
Karizma R,24300,Delhi,29000,First Owner,11,223,Hero
Boxer CT100,18000,Bolpur,50000,First Owner,17,100,Bajaj
V15,42000,Delhi,15327,First Owner,5,150,Bajaj
FZ25,105000,Jaipur,10468,First Owner,2,250,Yamaha
YZF-R15 2.0,60000,Aligarh,37000,First Owner,7,150,Yamaha
Bullet,99999,Balrampur,55,Second Owner,15,350,Royal Enfield
Passion Pro,50000,Bilaspur,8191,First Owner,4,100,Hero
CBZ Xtreme,40000,Varanasi,40000,First Owner,6,150,Hero
Platina,20500,Vadodara,30000,First Owner,9,100,Bajaj
Splendor iSmart,31000,Faridabad,16278,First Owner,5,110,Hero
Pulsar,19000,Faridabad,98581,First Owner,9,150,Bajaj
Discover,19000,Faridabad,16206,First Owner,9,125,Bajaj
Pulsar NS200,45000,Delhi,27000,First Owner,9,200,Bajaj
Dominar 400 ABS,137000,Delhi,3297,First Owner,4,400,Bajaj
Dominar 400,114000,Delhi,12000,First Owner,4,400,Bajaj
Passion Pro,30000,Delhi,23000,First Owner,6,100,Hero
Discover,25000,Ghaziabad,16954,First Owner,6,100,Bajaj
Sport,34000,Delhi,8048,First Owner,3,100,TVS
YZF-R15 V3,115000,Faridabad,1954,First Owner,3,150,Yamaha
Splendor Plus,21000,Gurgaon,23039,First Owner,9,100,Hero
Platina  Alloy ES-,30000,Faridabad,15059,First Owner,3,100,Bajaj
Classic,105000,Delhi,21000,First Owner,6,350,Royal Enfield
Standard,102000,Delhi,9700,First Owner,7,500,Royal Enfield
Classic,90000,Delhi,8000,First Owner,7,350,Royal Enfield
CB Shine,30500,Jaipur,22422,First Owner,9,125,Honda
Dream Yuga,30000,Jaipur,61743,First Owner,8,110,Honda
V15,60000,Surat,4900,First Owner,4,150,Bajaj
Pulsar RS200 ABS,80000,Ratnagiri,21700,First Owner,5,200,Bajaj
Thunderbird,87550,Noida,15000,Second Owner,5,500,Royal Enfield
Aquila Pro GV650,400000,Pune,2400,First Owner,5,650,Hyosung
Splendor iSmart,35000,Delhi,7830,First Owner,4,110,Hero
Avenger Street 220,55000,Muktsar,3500,First Owner,5,220,Bajaj
Thunderbird,180000,Mumbai,9500,First Owner,3,500,Royal Enfield
Classic Dual Disc,175000,Mumbai,16786,First Owner,3,500,Royal Enfield
Thunderbird,155000,Mumbai,5192,First Owner,4,500,Royal Enfield
V15,42000,Bangalore,30000,First Owner,4,150,Bajaj
Bullet,92200,Baran,39000,First Owner,5,350,Royal Enfield
Thunderbird ABS,148000,Haldwani,7300,First Owner,2,350,Royal Enfield
Star City Plus,22918,Howrah,79685,First Owner,5,110,TVS
Pulsar,15000,Delhi,12800,First Owner,12,150,Bajaj
Dominar 400,110000,Delhi,14000,Second Owner,4,400,Bajaj
Thunderbird X,160000,Hyderabad,5800,First Owner,3,350,Royal Enfield
V15,40000,Thiruvananthapuram,14500,First Owner,5,150,Bajaj
Splendor Plus,23000,Ahmednagar,6957,First Owner,13,100,Hero
Fazer,33000,Mumbai,42816,First Owner,6,150,Yamaha
Pulsar AS150,45000,Delhi,30000,First Owner,5,150,Bajaj
Pulsar,13500,Ghaziabad,55239,First Owner,12,180,Bajaj
Duke,61000,Delhi,16000,Third Owner,9,200,KTM
Sport,24000,Gurgaon,10000,First Owner,5,100,TVS
Sport,25000,Gurgaon,21539,First Owner,4,100,TVS
CB Shine,25600,Jhansi,25000,First Owner,7,125,Honda
CBR 150R,70000,Indore,34000,First Owner,7,150,Honda
V-Strom,699000,Delhi,7200,First Owner,7,1000,Suzuki
Avenger Street 150,63000,Pune,19443,First Owner,5,150,Bajaj
Thunderbird ABS,155000,Ahmedabad,12000,First Owner,2,350,Royal Enfield
Dominar 400,123100,Bangalore,18000,First Owner,4,400,Bajaj
RC,120000,Bangalore,11850,First Owner,5,200,KTM
YZF-R15 V3,115600,Bangalore,16000,First Owner,3,150,Yamaha
Classic,165000,Chandigarh,18348,First Owner,3,350,Royal Enfield
FZ16,40000,Mumbai,14836,First Owner,8,150,Yamaha
Dominar 400 ABS,135000,Mumbai,17000,First Owner,3,400,Bajaj
RC,178000,Bhopal,100,First Owner,1,125,KTM
Pulsar RS200 ABS,90000,Gurgaon,16500,First Owner,6,200,Bajaj
CBZ Xtreme,21000,Delhi,9500,First Owner,10,150,Hero
Boxer CT100,11000,Delhi,21311,First Owner,18,100,Bajaj
Pulsar RS200,88000,Hyderabad,20000,First Owner,5,200,Bajaj
TNT 300,245500,Delhi,27000,First Owner,5,300,Benelli
Apache RTR,57000,Delhi,16056,First Owner,4,160,TVS
Gixxer SF ABS,155000,Delhi,5862,First Owner,2,250,Suzuki
1200 Custom,1000000,Hyderabad,1470,First Owner,4,1200,Harley-Davidson
Dream Yuga CBS,55000,Ahmedabad,8351,First Owner,2,110,Honda
Avenger Cruise 220,59000,Gurgaon,10800,First Owner,5,220,Bajaj
FZ16,32000,Delhi,28000,First Owner,9,150,Yamaha
CB Shine,46000,Delhi,7400,First Owner,3,125,Honda
FZs,35273,Delhi,3100,First Owner,8,150,Yamaha
Splendor Pro,22100,Jhansi,24000,Second Owner,7,100,Hero
V15,38000,Jaipur,22200,First Owner,5,150,Bajaj
Passion Xpro,37000,Kota,18377,First Owner,7,110,Hero
Hayate,31000,Vadodara,16257,First Owner,5,110,Suzuki
Fazer FI V 2.0,60000,Chennai,24581,First Owner,4,150,Yamaha
Pulsar AS150,65800,Chennai,9200,First Owner,5,150,Bajaj
CB Hornet 160R CBS,60000,Agra,30000,First Owner,4,160,Honda
Pulsar NS200,85000,Delhi,10000,First Owner,3,200,Bajaj
Pulsar NS200,75000,Delhi,3400,First Owner,4,200,Bajaj
Avenger,68000,Faridabad,14544,First Owner,3,220,Bajaj
Classic-Redditch Edition,86700,Faridabad,28154,First Owner,4,350,Royal Enfield
FZ25,80000,Faridabad,13000,First Owner,4,250,Yamaha
HF Deluxe,32600,Jhansi,13330,First Owner,4,100,Hero
FZ25,100000,Chennai,20000,First Owner,4,250,Yamaha
Thunderbird,110000,Buxar,30000,First Owner,6,350,Royal Enfield
CB Unicorn,60000,Bangalore,17423,First Owner,4,150,Honda
HF Deluxe,30000,Delhi,21358,First Owner,5,100,Hero
CBR 250R,57473,Mumbai,42000,First Owner,10,250,Honda
Discover,16000,Gurgaon,46589,First Owner,11,135,Bajaj
Ignitor,32000,Vadodara,18779,First Owner,6,125,Hero
Classic,99000,Faridabad,17047,First Owner,5,350,Royal Enfield
CBZ Xtreme,34500,Pune,80000,Second Owner,10,150,Hero
Sport,22000,Faridabad,12257,First Owner,5,100,TVS
V15,35500,Delhi,17500,Second Owner,5,150,Bajaj
V12,35000,Delhi,15621,First Owner,4,125,Bajaj
Avenger,35000,Delhi,22000,Second Owner,8,220,Bajaj
FZ V 2.0,35000,Delhi,19000,Second Owner,6,150,Yamaha
Passion Pro,42000,Jaipur,32567,First Owner,5,100,Hero
Victor Disc,33000,Delhi,18000,First Owner,4,110,TVS
Apache RTR,47000,Chaksu,33846,First Owner,5,160,TVS
Gixxer,41000,Delhi,15478,First Owner,6,150,Suzuki
V12,36000,Gurgaon,28554,First Owner,4,125,Bajaj
Pulsar AS150,55000,Pune,73845,First Owner,6,150,Bajaj
HF Deluxe,32000,Delhi,23105,First Owner,4,100,Hero
Apache RTR 200 4V Carburetor Race Edition 2.0,93500,Bangalore,2500,First Owner,2,200,TVS
Ignitor,35000,Aurangabad,34000,First Owner,6,125,Hero
V15,38700,Delhi,22540,First Owner,5,150,Bajaj
YZF-R15,63000,Gurgaon,19854,First Owner,4,150,Yamaha
Apache RTR 200 4V FI,67000,Faridabad,21483,First Owner,3,200,TVS
Classic,125000,Hyderabad,32000,First Owner,7,350,Royal Enfield
Classic,118000,Delhi,12000,First Owner,5,350,Royal Enfield
CB Hornet 160R CBS,70000,Pune,10741,First Owner,4,160,Honda
Pulsar 220F,80000,Pune,15009,First Owner,3,220,Bajaj
Splendor iSmart,29000,Faridabad,19851,First Owner,4,110,Hero
Pulsar,52000,Lucknow,30000,First Owner,5,180,Bajaj
Avenger,33085,Delhi,35000,First Owner,8,220,Bajaj
CB Unicorn 160 CBS,29515,Delhi,27281,First Owner,5,160,Honda
Dominar 400,119000,Delhi,23000,First Owner,4,400,Bajaj
Classic,93000,Bangalore,6000,First Owner,9,500,Royal Enfield
Apache RTR,45000,Rajkot,21205,First Owner,6,160,TVS
Bullet Twinspark,104000,Delhi,3311,First Owner,6,350,Royal Enfield
FZ S V 2.0,55000,Pune,30578,First Owner,6,150,Yamaha
RC,180000,Haridwar,9868,First Owner,5,390,KTM
Discover,18000,Delhi,13550,First Owner,8,125,Bajaj
Avenger,35000,Delhi,30154,First Owner,10,220,Bajaj
Bullet Electra,65000,Gurgaon,22840,First Owner,11,350,Royal Enfield
CB ShineSP,60000,Bharuch,5500,First Owner,4,125,Honda
Classic Stealth Black,152000,Rewari,8000,First Owner,3,500,Royal Enfield
Thunderbird,125000,Muvattupuzha,8554,First Owner,5,500,Royal Enfield
Discover 125M,26000,Hyderabad,75000,First Owner,9,125,Bajaj
Apache RTR 200 4V Dual Channel ABS BS6,130000,Bangalore,1300,First Owner,1,200,TVS
Discover,24999,Bhopal,29500,Second Owner,9,100,Bajaj
Pulsar NS200,79000,Bangalore,12966,First Owner,3,200,Bajaj
Pulsar,35000,Kolkata,14500,First Owner,12,150,Bajaj
Centuro,35000,Kolkata,37000,First Owner,8,110,Mahindra
Apache RTR 160 4V DISC ABS BS6,98000,Jaipur,749,First Owner,1,160,TVS
Bullet Electra,99999,Ahmedabad,7921,First Owner,6,350,Royal Enfield
Pulsar RS200,75000,Hyderabad,40000,Second Owner,6,200,Bajaj
CD Deluxe,15200,Jhansi,36000,Second Owner,12,100,Hero
Avenger,42000,Hyderabad,44400,First Owner,8,220,Bajaj
CB Shine CBS,58000,Patna,7500,First Owner,4,125,Honda
Duke,108000,Belgaum,1914,First Owner,3,125,KTM
Avenger Street 150,37000,Ghaziabad,39500,First Owner,5,150,Bajaj
Duke,111300,Noida,8000,First Owner,2,125,KTM
YZF-R15 2.0,72300,Simdega,16800,First Owner,4,150,Yamaha
Splendor Pro,21000,Faridabad,16681,First Owner,10,100,Hero
Apache RTR 200 4V Carburetor,68000,Pune,21400,First Owner,4,200,TVS
Avenger Cruise 220,60000,Bangalore,35641,First Owner,5,220,Bajaj
V12,38000,Pune,46333,First Owner,5,125,Bajaj
Pulsar,38000,Rajkot,41736,First Owner,7,220,Bajaj
Pulsar RS200 ABS,80000,Kolkata,32000,First Owner,6,200,Bajaj
G 310 R,270000,Pune,12872,First Owner,2,310,BMW
Classic,85700,Delhi,5000,First Owner,7,350,Royal Enfield
Thunderbird,98000,Kalyan,48000,First Owner,6,500,Royal Enfield
Pulsar NS 200,41000,Faridabad,29324,First Owner,7,200,Bajaj
Intruder,70926,Gorakhpur,17772,First Owner,3,150,Suzuki
Duke,155000,Mumbai,2200,First Owner,2,200,KTM
Discover 100M,20300,Jhansi,26000,First Owner,7,100,Bajaj
Classic,180000,Delhi,8000,First Owner,6,350,Royal Enfield
Livo Disc,54000,Delhi,3700,First Owner,2,110,Honda
Classic,75000,Delhi,20000,First Owner,9,350,Royal Enfield
Discover,35000,Faridabad,7285,First Owner,3,110,Bajaj
Apache RR310,200000,Mumbai,4400,First Owner,2,310,TVS
Passion Pro,17500,Faridabad,38554,First Owner,10,100,Hero
RC,168000,Delhi,10000,First Owner,2,200,KTM
Classic,140000,Ghaziabad,17931,First Owner,3,350,Royal Enfield
Classic,136000,Faridabad,2719,First Owner,3,350,Royal Enfield
Classic,135000,Ghaziabad,14878,First Owner,3,350,Royal Enfield
Classic,130000,Delhi,16500,First Owner,3,350,Royal Enfield
Classic,115000,Delhi,7850,First Owner,4,350,Royal Enfield
Gixxer SF ABS,60000,Delhi,15000,First Owner,4,150,Suzuki
Bullet Twinspark,125000,Delhi,4500,First Owner,3,350,Royal Enfield
Dominar 400 ABS,142000,Singhbhum,9500,First Owner,3,400,Bajaj
Apache RTR,65000,Delhi,40000,First Owner,4,180,TVS
Discover,26000,Pune,12000,First Owner,10,100,Bajaj
Splendor Pro,38000,Pune,23500,First Owner,8,100,Hero
Apache RTR 200 4V Carburetor,93000,Delhi,9772,First Owner,3,200,TVS
Apache RTR 200 4V Carburetor,85000,Delhi,5000,First Owner,3,200,TVS
Fazer 25,85000,Hyderabad,15000,Second Owner,4,250,Yamaha
Classic,120000,Chennai,19500,First Owner,7,500,Royal Enfield
Pulsar RS200 ABS,120000,Hyderabad,35000,First Owner,5,200,Bajaj
FZs,62000,Delhi,21000,First Owner,5,150,Yamaha
Classic Gunmetal Grey ABS,150000,Bardhaman,1800,First Owner,2,350,Royal Enfield
Street 750,360000,Gurgaon,2200,First Owner,7,750,Harley-Davidson
YZF-R15 2.0,58000,Pathankot,15000,First Owner,8,150,Yamaha
Aquila GV250,170000,Pune,3000,First Owner,6,250,Hyosung
FZ16,32000,Faridabad,34169,First Owner,7,150,Yamaha
Apache RTR,42000,Faridabad,19877,First Owner,5,180,TVS
V15,30000,Faridabad,16920,First Owner,5,150,Bajaj
YZF-R15 2.0,80000,Hosur,30000,First Owner,7,150,Yamaha
CD 100SS,25500,Kharar,10000,First Owner,30,100,Hero
Himalayan,119000,Gurgaon,15064,First Owner,5,410,Royal Enfield
Apache RTR,28000,Ghaziabad,50000,First Owner,7,180,TVS
Thunderbird,119000,Bangalore,11976,Third Owner,6,500,Royal Enfield
Classic,151000,Delhi,1500,First Owner,3,350,Royal Enfield
Thunderbird,47000,Faridabad,21000,First Owner,9,350,Royal Enfield
Classic,115000,Gurgaon,26000,First Owner,6,350,Royal Enfield
Splendor Plus,44000,Delhi,6200,First Owner,3,100,Hero
Honda Splendor Plus,23000,Faridabad,16898,First Owner,9,100,Hero
Passion Xpro,35000,Jaipur,37000,First Owner,6,110,Hero
HF Deluxe,36000,Delhi,19000,First Owner,4,100,Hero
Discover 100T,28000,Pune,18184,First Owner,8,100,Bajaj
Livo,52600,Indore,8000,First Owner,2,110,Honda
Pulsar,40100,Ahmedabad,26134,First Owner,5,180,Bajaj
Pulsar,56000,Pune,40772,First Owner,5,180,Bajaj
Classic,121600,Bangalore,9000,First Owner,6,350,Royal Enfield
Hunk,20010,Ahmedabad,24578,First Owner,13,150,Hero
FZs,40000,Jaipur,34000,First Owner,11,150,Yamaha
Duke,115000,Pune,38500,First Owner,5,390,KTM
HF Deluxe self Alloy,35000,Ghaziabad,16432,First Owner,3,100,Hero
Pulsar,36000,Kolkata,13240,First Owner,9,150,Bajaj
Bullet Electra,75700,Pune,80000,First Owner,14,350,Royal Enfield
Interceptor,250000,Silchar,920,First Owner,2,650,Royal Enfield
Super Splendor,27000,Delhi,12580,First Owner,6,125,Hero
Splendor Plus,46500,Ahmedabad,12432,First Owner,3,100,Hero
TNT 25,145200,Mumbai,11200,First Owner,5,250,Benelli
CD Deluxe,13500,Jhalawar,30000,First Owner,12,100,Hero
Slingshot Plus,16000,Thane,67614,First Owner,10,125,Suzuki
Thunderbird,71300,Hyderabad,40000,First Owner,7,350,Royal Enfield
YZF-R15 2.0,90000,Indore,32000,First Owner,4,150,Yamaha
Avenger Street 150,35600,Mumbai,41932,First Owner,5,150,Bajaj
FZ16,24000,Delhi,35456,First Owner,10,150,Yamaha
Splendor Plus,15000,Mumbai,60000,First Owner,15,100,Hero
Classic,116100,Rajkot,8000,First Owner,4,350,Royal Enfield
Apache RTR,35000,Delhi,23599,First Owner,6,160,TVS
Thunderbird,150000,Roorkee,900,First Owner,4,500,Royal Enfield
Bullet,110000,Ludhiana,7800,First Owner,5,350,Royal Enfield
YZF-R15,88000,Ludhiana,24263,First Owner,5,150,Yamaha
CD Deluxe,22500,Delhi,37000,First Owner,5,100,Hero
CB Shine,25000,Delhi,15500,Second Owner,7,125,Honda
Bullet,60000,Delhi,16969,First Owner,17,350,Royal Enfield
Bullet Electra,62000,Delhi,11000,Second Owner,17,350,Royal Enfield
Ninja,210000,Mumbai,4000,First Owner,6,300,Kawasaki
CBR 150R,90000,Mumbai,23500,First Owner,4,150,Honda
RC,108000,Delhi,5000,First Owner,6,200,KTM
Discover,17500,Jaipur,21037,First Owner,11,100,Bajaj
TNT 300,200000,Pune,6400,Second Owner,5,300,Benelli
TNT 25,146400,Pune,10300,First Owner,5,250,Benelli
Bullet,130000,Noida,6600,First Owner,18,350,Royal Enfield
Apache RTR 200 4V Carburetor,67000,Nashik,12500,First Owner,4,200,TVS
CT 100,10600,Durgapur,107000,First Owner,16,100,Bajaj
Thunderbird,110000,Lucknow,24271,First Owner,4,350,Royal Enfield
Pulsar AS150,35000,Patna,35000,Second Owner,5,150,Bajaj
CB Unicorn,20500,Ahmedabad,31542,First Owner,12,150,Honda
Classic,133300,Pune,11000,First Owner,5,350,Royal Enfield
Apache RTR 200 4V FI,64000,Delhi,4455,First Owner,4,200,TVS
CB Shine,48000,Pune,14751,First Owner,4,125,Honda
GT650R,350000,Ranchi,2500,First Owner,5,650,Hyosung
Dream Yuga,43000,Delhi,16000,First Owner,3,110,Honda
YZF-R15 V3,99700,Ahmedabad,21000,First Owner,3,150,Yamaha
Bullet Electra,94300,Noida,30860,First Owner,7,350,Royal Enfield
MT-15,135000,Hyderabad,3000,First Owner,2,150,Yamaha
CBZ Xtreme,14800,Jhansi,35000,Third Owner,10,150,Hero
Classic,129200,Hyderabad,2476,First Owner,5,350,Royal Enfield
Apache RTR,62000,Bangalore,5100,First Owner,5,160,TVS
Bullet Twinspark,102100,Ludhiana,3884,First Owner,3,350,Royal Enfield
FZS FI Rear Disc,75000,Surat,13000,First Owner,3,150,Yamaha
Splendor Plus,16800,Jhansi,30000,First Owner,12,100,Hero
Splendor,21000,Pune,24000,Second Owner,19,100,Hero
Classic Desert Storm,130000,Ahmedabad,14000,First Owner,6,500,Royal Enfield
Pulsar,42000,Mumbai,29000,First Owner,6,180,Bajaj
Fazer,22800,Lucknow,85000,First Owner,8,150,Yamaha
Hunk,27000,Aurangabad,40000,First Owner,9,150,Hero
V15,33000,Lucknow,18148,First Owner,5,150,Bajaj
Apache RTR,63000,Jaipur,1639,First Owner,4,160,TVS
Apache RTR 200 4V Carburetor Pirelli Tyres,78000,Hyderabad,6200,First Owner,3,200,TVS
Pulsar,11500,Thane,72300,First Owner,14,150,Bajaj
GT250R,185000,Thane,21000,First Owner,5,250,Hyosung
YZF-R15 V3,145000,Kolkata,3000,First Owner,3,150,Yamaha
Avenger,50000,Saharanpur,18500,First Owner,9,220,Bajaj
HF Deluxe,45000,Solapur,1942,First Owner,4,100,Hero
Classic,80000,Pune,30000,First Owner,5,350,Royal Enfield
Avenger Street 150,65000,Gwalior,4400,First Owner,5,150,Bajaj
Duke,180000,Nashik,167,First Owner,2,390,KTM
Passion Pro,22000,Pune,97401,First Owner,9,100,Hero
Apache RTR 200 4V ABS Race Edition,125000,Hyderabad,530,First Owner,2,200,TVS
Tiger 800 XRX,750000,Delhi,10000,First Owner,6,800,Triumph
Ninja,550000,Mumbai,6500,First Owner,4,650,Kawasaki
XDiavel S,1500000,Alibag,7000,First Owner,4,1262,Ducati
Star City Plus,37000,Chennai,4069,First Owner,4,110,TVS
Thunderbird,130000,Mumbai,20000,First Owner,3,350,Royal Enfield
Suzuki Shogun,100000,Bangalore,66000,First Owner,23,110,TVS
CBF Stunner,26500,Faridabad,25036,First Owner,6,125,Honda
Pulsar,42000,Jalandhar,22000,First Owner,7,150,Bajaj
Duke,210000,Pune,5000,First Owner,2,390,KTM
FZs,23000,Gurgaon,31085,Second Owner,8,150,Yamaha
TNT 600i,380000,Delhi,15000,First Owner,6,600,Benelli
Discover Disc,39000,Faridabad,9923,First Owner,2,125,Bajaj
Intruder,56000,Faridabad,7078,First Owner,3,150,Suzuki
Ninja 300 ABS,266600,Patna,2467,First Owner,2,300,Kawasaki
CB Shine,35000,Lucknow,21000,First Owner,8,125,Honda
Splendor Plus,45000,Ahmedabad,14399,First Owner,4,100,Hero
Thunderbird,115000,Ghaziabad,12500,First Owner,3,350,Royal Enfield
Dream Neo,23500,Delhi,15000,Second Owner,6,110,Honda
Pulsar RS200 ABS,105000,Bangalore,28000,First Owner,6,200,Bajaj
Discover,18000,Delhi,53800,First Owner,14,135,Bajaj
Classic,115000,Bhubaneshwar,23000,First Owner,6,350,Royal Enfield
Thunderbird Storm,700000,Guwahati,176,First Owner,5,1700,Triumph
CB Twister,21000,Mumbai,11000,First Owner,10,110,Honda
Bullet,172000,Delhi,8000,First Owner,2,500,Royal Enfield
CBR 250R,57100,Pune,39000,First Owner,10,250,Honda
YZF-R15 2.0,108000,Delhi,2500,First Owner,4,150,Yamaha
GSX-S750,740000,Hyderabad,2800,First Owner,2,750,Suzuki
Flame,25000,Jammu,35000,Second Owner,12,125,TVS
Bullet,95100,Ludhiana,8047,First Owner,5,350,Royal Enfield
TNT 300,267600,Bangalore,21200,First Owner,5,300,Benelli
Bullet Electra,75000,Delhi,29318,First Owner,7,350,Royal Enfield
Tiger 800 XCA,1300000,Ludhiana,9500,First Owner,4,800,Triumph
Splendor Plus,23000,Ghaziabad,15367,First Owner,12,100,Hero
Classic,96000,Lucknow,20032,First Owner,5,350,Royal Enfield
Machismo,75000,Mumbai,17000,Second Owner,13,350,Royal Enfield
Victor,40000,Bhopal,28673,First Owner,4,110,TVS
YZF-R15 V3,130000,Jhansi,3300,Second Owner,3,150,Yamaha
Pulsar NS200,52000,Mumbai,26000,Second Owner,6,200,Bajaj
Flame,5800,Ghaziabad,25000,First Owner,13,125,TVS
Classic,85000,Chennai,21820,First Owner,6,350,Royal Enfield
Pulsar,6890,Ghaziabad,68917,First Owner,16,150,Bajaj
Discover,9500,Ghaziabad,42014,First Owner,14,125,Bajaj
1200 Custom,570350,Hyderabad,1470,First Owner,4,1200,Harley-Davidson
Avenger Street 150,41300,Bangalore,29900,First Owner,6,150,Bajaj
FZs,40000,Bangalore,18000,First Owner,8,150,Yamaha
Classic,105000,Delhi,14000,Second Owner,6,350,Royal Enfield
CB Hornet 160R STD,65000,Pune,38558,First Owner,5,160,Honda
Classic,140000,Pune,7000,First Owner,4,350,Royal Enfield
Pulsar,62000,Delhi,7000,First Owner,3,180,Bajaj
Passion Pro i3S Alloy,52000,Pune,22915,First Owner,3,100,Hero
Splendor Plus,42000,Pune,17962,First Owner,4,100,Hero
Interceptor,265000,Delhi,11000,First Owner,2,650,Royal Enfield
Splendor Pro,24500,Faridabad,17768,First Owner,6,100,Hero
Pulsar RS200 ABS,139900,Hyderabad,2900,First Owner,4,200,Bajaj
Pulsar,67000,Chennai,6266,First Owner,2,150,Bajaj
Avenger Cruise 220,71000,Delhi,10653,First Owner,3,220,Bajaj
CBR650R,770000,Delhi,4750,First Owner,2,650,Honda
Bullet,105000,Delhi,36000,First Owner,6,350,Royal Enfield
Discover,18000,Pune,52400,First Owner,15,100,Bajaj
Splendor Plus Self Alloy,45000,Delhi,717,First Owner,3,100,Hero
FZ25,99000,Hyderabad,8000,First Owner,3,250,Yamaha
FZs,37000,Delhi,12500,First Owner,6,150,Yamaha
Pulsar,58000,Hyderabad,42000,Second Owner,4,150,Bajaj
YZF-R15,82000,Katni,3500,First Owner,7,150,Yamaha
Splendor Pro,30900,Delhi,18000,First Owner,8,100,Hero
Standard,75000,Khedbrahma,50000,First Owner,7,350,Royal Enfield
Forty Two,175000,Chennai,2388,First Owner,2,295,Jawa
Duke,62240,Pune,3706,First Owner,7,200,KTM
TNT 600i ABS,650000,Kolkata,1000,First Owner,2,600,Benelli
Splendor Plus,19500,Jhansi,35000,First Owner,11,100,Hero
Himalayan,157500,Mumbai,3600,First Owner,5,410,Royal Enfield
Classic,110000,Delhi,16500,First Owner,5,350,Royal Enfield
Classic,115000,Delhi,8000,First Owner,4,350,Royal Enfield
Duke,64999,Mumbai,30000,First Owner,9,200,KTM
Apache RTR,18000,Mumbai,35408,Second Owner,14,160,TVS
Karizma ZMR,45000,Bangalore,34000,Second Owner,7,223,Hero
Apache RR310,180000,Delhi,4081,First Owner,3,310,TVS
Apache RTR 200 4V Carburetor,95000,Delhi,2500,First Owner,4,200,TVS
Classic Desert Storm,175000,Pune,3400,First Owner,4,500,Royal Enfield
Splendor Plus,30000,Chennai,20208,First Owner,6,100,Hero
CB Hornet 160R CBS,55000,Chennai,21000,First Owner,5,160,Honda
FZs,42000,Mumbai,14500,First Owner,7,150,Yamaha
FZ S V 2.0,38500,Mumbai,21500,First Owner,6,150,Yamaha
Thunderbird X,200000,Coimbatore,6300,First Owner,3,500,Royal Enfield
Pulsar,57500,Delhi,15000,First Owner,4,180,Bajaj
Pulsar,47500,Delhi,15000,First Owner,7,220,Bajaj
FZ,35500,Delhi,15000,First Owner,9,150,Yamaha
Pulsar,35000,Ahmedabad,58464,First Owner,7,150,Bajaj
Passion Pro i3S Alloy,48000,Delhi,8000,First Owner,3,100,Hero
Dream Yuga,24500,Ahmedabad,54867,First Owner,9,110,Honda
Discover,25000,Ahmedabad,84644,First Owner,10,125,Bajaj
Pulsar 200 NS,45900,Valsad,12700,First Owner,7,200,Bajaj
Fazer FI V 2.0,50000,Pune,50000,First Owner,7,150,Yamaha
Thunderbird,120000,Delhi,20000,First Owner,5,350,Royal Enfield
Avenger Street 150,55000,Bangalore,18255,First Owner,5,150,Bajaj
CB Unicorn,32000,Bangalore,21455,First Owner,9,150,Honda
Pulsar,76000,Bangalore,26724,First Owner,4,220,Bajaj
Dominar 400,115000,Hyderabad,29500,First Owner,4,400,Bajaj
Pulsar,16500,Delhi,26850,First Owner,12,150,Bajaj
FZ S V 2.0,72000,Pune,17800,First Owner,4,150,Yamaha
Avenger,58000,Pune,33000,First Owner,6,220,Bajaj
Xpulse FI,104000,Chennai,5618,First Owner,1,200,Hero
YZF-R15 2.0,83000,Chennai,14208,First Owner,4,150,Yamaha
YZF-R15 V3,115000,Chennai,6900,First Owner,3,150,Yamaha
Discover,23000,Delhi,23560,First Owner,9,100,Bajaj
Duke,150000,Mumbai,17500,First Owner,4,250,KTM
Pulsar NS200,49000,Mumbai,28800,First Owner,8,200,Bajaj
HF Deluxe i3s,52000,Mumbai,13000,First Owner,3,100,Hero
Passion Pro i3S Alloy,45000,Mumbai,10700,First Owner,4,100,Hero
Star City Plus,26000,Delhi,26000,First Owner,6,110,TVS
Passion Pro,28000,Delhi,22000,First Owner,6,100,Hero
Pulsar 135LS,42000,Delhi,11898,First Owner,5,135,Bajaj
Duke,195000,Mumbai,5000,First Owner,2,250,KTM
Discover 125ST,20000,Gurgaon,35000,First Owner,9,125,Bajaj
Splendor Plus,40000,Delhi,9550,First Owner,4,100,Hero
Bullet Twinspark,115000,Delhi,10000,First Owner,3,350,Royal Enfield
Thunderbird,85000,Delhi,25000,First Owner,6,350,Royal Enfield
Classic,92000,Delhi,21000,Second Owner,6,350,Royal Enfield
Classic,125000,Mumbai,14000,First Owner,4,350,Royal Enfield
Pulsar NS200 ABS,105000,Mumbai,500,First Owner,2,200,Bajaj
Passion Pro,42000,Hyderabad,29000,First Owner,7,100,Hero
Discover,30000,Pune,26000,First Owner,8,125,Bajaj
CB Shine,52099,Pune,13500,First Owner,4,125,Honda
Pulsar,32000,Pune,5937,First Owner,11,180,Bajaj
Passion Pro,45000,Delhi,17300,First Owner,3,100,Hero
Splendor Plus,18000,Ludhiana,42000,First Owner,12,100,Hero
Avenger,56000,Bangalore,56000,First Owner,5,220,Bajaj
RC,152000,Delhi,40,First Owner,2,125,KTM
Continental GT,130000,Hyderabad,15000,Second Owner,6,535,Royal Enfield
Pulsar 220F,58000,Bangalore,24000,First Owner,5,220,Bajaj
Apache RTR Matt Red Rear Disc,76000,Delhi,8000,First Owner,2,160,TVS
Apache RTR,60000,Delhi,2400,First Owner,3,180,TVS
Splendor Plus,9500,Ghaziabad,60000,First Owner,17,100,Hero
Duke,68000,Mumbai,20000,Second Owner,9,200,KTM
Centuro NXT,35000,Ludhiana,1400,First Owner,4,110,Mahindra
GTX,75000,Delhi,500,Second Owner,41,175,Rajdoot
Classic,82400,Bangalore,52000,First Owner,8,350,Royal Enfield
Avenger Street 150,65000,Delhi,10500,First Owner,5,150,Bajaj
Intruder,57800,Gurgaon,3000,First Owner,3,150,Suzuki
Pulsar RS200 ABS,138900,Delhi,280,First Owner,3,200,Bajaj
Thunderbird,110000,Vadodara,14000,First Owner,8,500,Royal Enfield
Ninja,204600,Satna,5000,First Owner,6,300,Kawasaki
Classic Desert Storm,95000,Bangalore,12233,First Owner,6,500,Royal Enfield
Scout Bobber,700000,Coimbatore,173,First Owner,3,1130,Indian
Ninja,320000,Bangalore,12000,Second Owner,7,650,Kawasaki
Ninja,300000,Patna,383,First Owner,3,650,Kawasaki
Glamour Disc,13100,Delhi,47000,First Owner,13,125,Hero
Pulsar,36500,Hooghly,21000,First Owner,6,180,Bajaj
CB Trigger,30000,Delhi,71188,First Owner,7,150,Honda
FZs,30500,Faridabad,22500,Second Owner,8,150,Yamaha
Avenger Cruise 220,72000,Bhopal,4000,First Owner,3,220,Bajaj
Thunderbird,82000,Delhi,12000,First Owner,9,500,Royal Enfield
Classic,82000,Noida,27000,First Owner,10,350,Royal Enfield
Splendor Pro,37000,Gurdaspur,37000,First Owner,6,100,Hero
Fazer 25,110000,Pune,9463,First Owner,4,250,Yamaha
FZs,75500,Mumbai,10000,First Owner,3,150,Yamaha
SZ-RR,23600,Delhi,30100,First Owner,9,150,Yamaha
Bullet Electra Twinspark,142000,Mumbai,6800,First Owner,3,350,Royal Enfield
Thunderbird,75000,Mohali,33000,First Owner,9,350,Royal Enfield
Discover,13500,Amritsar,48021,First Owner,16,125,Bajaj
CB Hornet 160R CBS,85000,Chennai,4300,First Owner,4,160,Honda
HF Deluxe,35000,Delhi,15689,First Owner,4,100,Hero
CB Trigger,49000,Mumbai,10000,First Owner,7,150,Honda
Xtreme 200R ABS,97400,Guwahati,9700,First Owner,2,200,Hero
Pulsar RS200 ABS,80000,Delhi,10500,First Owner,6,200,Bajaj
Discover,25000,Jaipur,34500,First Owner,8,100,Bajaj
Classic,105000,Mumbai,2109,First Owner,6,500,Royal Enfield
V15,42000,Karnal,18000,First Owner,5,150,Bajaj
GT650R,493500,Ahmedabad,7500,First Owner,4,650,Hyosung
Duke,113000,Mumbai,16000,First Owner,7,390,KTM
Discover,18000,Delhi,17000,First Owner,14,135,Bajaj
Thunderbird,51600,Dadri,9000,First Owner,11,350,Royal Enfield
Apache RTR 200 4V Carburetor,91400,Delhi,4500,First Owner,4,200,TVS
CB Shine,22000,Tiruvallur,30000,First Owner,9,125,Honda
Standard,90000,Delhi,14000,Second Owner,7,350,Royal Enfield
Classic,134100,Bangalore,10000,First Owner,5,350,Royal Enfield
RC,150000,Delhi,4000,First Owner,5,200,KTM
Discover,25500,Ahmedabad,65365,First Owner,15,125,Bajaj
Discover,18500,Delhi,21500,First Owner,12,135,Bajaj
Pulsar RS200,98900,Bangalore,22000,First Owner,6,200,Bajaj
CB Trigger,45600,Mumbai,37000,First Owner,8,150,Honda
Karizma R,25600,Vadodara,22000,First Owner,11,223,Hero
Thunderbird,140000,Mumbai,17000,First Owner,6,500,Royal Enfield
Duke,222800,Mumbai,7500,First Owner,4,390,KTM
Bullet Electra,84200,Delhi,24000,First Owner,9,350,Royal Enfield
FZ16,30000,Delhi,96000,First Owner,8,150,Yamaha
Avenger Street 150,60000,Delhi,14500,First Owner,5,150,Bajaj
Avenger Street 150,70600,Hyderabad,23000,First Owner,5,150,Bajaj
Livo Disc,39900,Delhi,29000,First Owner,5,110,Honda
Bullet Electra Twinspark,100000,Bangalore,18500,First Owner,6,350,Royal Enfield
Dominar 400 ABS,140000,Delhi,6900,First Owner,4,400,Bajaj
RC,150000,Mumbai,12000,First Owner,6,390,KTM
Avenger Street 220,69600,Delhi,14900,First Owner,4,220,Bajaj
Avenger,85000,Bangalore,8000,First Owner,4,220,Bajaj
Passion Pro,35000,Jaipur,19980,First Owner,7,100,Hero
Pulsar AS150,42990,Delhi,31000,First Owner,6,150,Bajaj
Classic,115000,Pune,18000,First Owner,6,350,Royal Enfield
Classic,89600,Mumbai,40000,First Owner,9,350,Royal Enfield
Street 750,428600,Gurgaon,9000,First Owner,6,750,Harley-Davidson
Classic-Redditch Edition,142000,Chennai,9500,First Owner,3,350,Royal Enfield
Pulsar RS200,122200,Bangalore,13000,First Owner,4,200,Bajaj
RC,138000,Amravati,22000,First Owner,6,200,KTM
Thunderbird,103000,Tiruvallur,35000,First Owner,6,350,Royal Enfield
Pulsar 135LS,25000,Durg,40000,First Owner,8,135,Bajaj
Bullet Electra,80000,Mumbai,9500,First Owner,9,350,Royal Enfield
Classic,135000,Mehsana,6151,First Owner,4,350,Royal Enfield
Livo Disc,32600,Delhi,46000,First Owner,6,110,Honda
Apache RTR 200 4V Carburetor,92600,Ghaziabad,5300,First Owner,4,200,TVS
Passion Plus,17200,Gurgaon,37250,First Owner,17,100,Hero
Classic,127100,Faridabad,8000,First Owner,4,350,Royal Enfield
Classic,120000,Rajkot,20783,First Owner,6,350,Royal Enfield
Passion Plus,21000,Bharuch,22000,First Owner,12,100,Hero
Thunderbird,86700,Vadodara,45000,First Owner,7,350,Royal Enfield
Avenger,60000,Bangalore,7600,First Owner,6,220,Bajaj
Avenger Street 150,70000,Lansdowne,9000,First Owner,4,150,Bajaj
Pulsar RS200 ABS,99000,Cuttack,9000,First Owner,6,200,Bajaj
Pulsar AS150,56800,Thane,5500,First Owner,6,150,Bajaj
GT250R,260000,Pune,4400,First Owner,5,250,Hyosung
V15,44000,Delhi,15000,First Owner,4,150,Bajaj
Passion Pro,23000,Jaisalmer,30000,Second Owner,10,100,Hero
Karizma ZMR,60000,Kolhapur,72000,First Owner,8,223,Hero
FZ S V 2.0,65000,Delhi,8500,First Owner,5,150,Yamaha
Street 750,450000,Hanumangarh,6000,First Owner,5,750,Harley-Davidson
CBR 150R,100000,Chennai,15000,First Owner,5,150,Honda
Thunderbird,135000,Pune,9800,Second Owner,6,500,Royal Enfield
Passion Pro i3S Alloy,36000,Delhi,12388,First Owner,4,100,Hero
Pulsar 220F,51100,Pune,23500,First Owner,7,220,Bajaj
YZF-R15 2.0,85000,Dungarpur,5000,First Owner,4,150,Yamaha
CB Unicorn 160,52000,Kolkata,70000,First Owner,6,160,Honda
CBR 250R ABS,68000,Mumbai,39028,First Owner,10,250,Honda
Avenger Street 180,80000,Sri Ganganagar,7456,First Owner,3,180,Bajaj
Passion Pro,31200,Delhi,20000,First Owner,5,100,Hero
Pulsar 220F,67700,Kottayam,15000,First Owner,4,220,Bajaj
Classic,135000,Jalandhar,7000,First Owner,3,350,Royal Enfield
V15,44600,Bangalore,21000,First Owner,4,150,Bajaj
Bullet Electra Twinspark,95000,Navi Mumbai,39000,First Owner,7,350,Royal Enfield
CB Hornet 160R Special Edition-CBS,77600,Noida,4730,First Owner,4,160,Honda
V15,42700,Delhi,440,First Owner,4,150,Bajaj
Centuro,20000,Delhi,20000,Second Owner,8,110,Mahindra
Thunderbird,105000,Bangalore,28655,First Owner,8,500,Royal Enfield
Bullet Electra,70000,Karnal,48500,First Owner,11,350,Royal Enfield
Avenger,32000,Ghaziabad,20500,First Owner,8,220,Bajaj
Duke,127000,Noida,6700,Second Owner,3,200,KTM
Apache RTR 200 4V Fi,80000,Navi Mumbai,1000,First Owner,5,200,TVS
RC,150000,Jalandhar,9000,Second Owner,4,390,KTM
Classic,111500,Delhi,29299,First Owner,4,350,Royal Enfield
YZF-R15 2.0,105900,Bangalore,17000,First Owner,4,150,Yamaha
Bullet Electra,85000,Delhi,39000,First Owner,8,350,Royal Enfield
Apache RR310,200000,Margao,10550,First Owner,4,310,TVS
YZF-R15,100000,Chennai,10500,First Owner,5,150,Yamaha
Classic,81000,Chinsurah,44000,First Owner,8,350,Royal Enfield
Bullet Electra,79300,Delhi,8561,First Owner,9,350,Royal Enfield
Avenger,66000,Bhatinda,6000,First Owner,10,220,Bajaj
Passion Pro,32000,Delhi,31385,First Owner,5,100,Hero
Passion Pro,25000,Delhi,29538,First Owner,8,100,Hero
Gixxer SF Fi SP ABS,95000,Pune,5300,First Owner,2,150,Suzuki
FZ25,86000,Delhi,15465,First Owner,3,250,Yamaha
Splendor Plus,16400,Jhansi,35000,First Owner,12,100,Hero
Apache RTR 200 4V Carburetor Pirelli Tyres Race Edition 2.0,122000,Chennai,3100,First Owner,2,200,TVS
RC,106200,Delhi,19696,First Owner,5,200,KTM
Bullet Electra,110000,Gurgaon,9600,First Owner,5,350,Royal Enfield
Thunderbird X ABS,135000,Sibsagar,3800,First Owner,2,350,Royal Enfield
RC,110000,Chennai,27000,First Owner,7,200,KTM
Classic,133000,Delhi,5600,First Owner,4,350,Royal Enfield
RC,110000,Mumbai,8000,First Owner,6,200,KTM
Thunderbird,90000,Panchkula,14783,First Owner,12,350,Royal Enfield
RC,130000,Mumbai,14000,First Owner,5,390,KTM
Discover,20000,Thane,39500,First Owner,8,100,Bajaj
Splendor plus,23000,Ludhiana,14000,First Owner,10,100,Hero
Pulsar NS160,65000,Gurgaon,6348,First Owner,4,160,Bajaj
Apache RTR ABS,48000,Delhi,20000,Second Owner,5,180,TVS
CBR 250R ABS,190000,Bangalore,6000,First Owner,3,250,Honda
FZ25 ABS,130000,Mumbai,1143,Second Owner,2,250,Yamaha
FZ S V 2.0,74000,Delhi,19000,First Owner,3,150,Yamaha
Pulsar,38000,Pune,23000,First Owner,9,150,Bajaj
Passion Xpro,25000,Mumbai,46000,First Owner,9,110,Hero
Pulsar NS200,95000,Siliguri,8700,First Owner,4,200,Bajaj
Gixxer,55000,Coimbatore,18500,Second Owner,5,150,Suzuki
Classic,125000,Pune,37000,First Owner,11,500,Royal Enfield
YZF-R15 2.0,80000,Kolkata,9964,First Owner,5,150,Yamaha
YZF-R15 2.0,56600,Mumbai,32000,First Owner,8,150,Yamaha
Aquila GV250,160000,Mumbai,5000,First Owner,6,250,Hyosung
Apache RTR,60000,Gurgaon,8121,First Owner,4,160,TVS
Passion Pro i3S Alloy,39799,Khalilabad,14500,First Owner,3,100,Hero
CT 100,23484,Delhi,19525,First Owner,4,100,Bajaj
Standard,88000,Ambala,18000,Second Owner,9,350,Royal Enfield
Duke,75000,Delhi,35000,First Owner,7,200,KTM
Duke,83000,Mumbai,30000,First Owner,7,200,KTM
Iron 883,400000,Delhi,19000,First Owner,9,883,Harley-Davidson
CB Shine,30000,Ahmedabad,30544,First Owner,11,125,Honda
Avenger Cruise 220,46200,Lucknow,44000,First Owner,6,220,Bajaj
Pulsar NS200,90000,Bangalore,8200,First Owner,4,200,Bajaj
Apache RR310 Slipper Clutch,224000,Vadodara,3900,First Owner,2,310,TVS
Avenger Street 150,56500,Delhi,19300,First Owner,4,150,Bajaj
Splendor Plus,15800,Faridabad,15939,First Owner,13,100,Hero
CBR 250R,57000,Delhi,32802,Second Owner,10,250,Honda
Thunderbird ABS,144700,Kharar,770,First Owner,2,350,Royal Enfield
Pulsar NS200,37000,Gurgaon,32262,First Owner,8,200,Bajaj
CT 100,22500,Vadodara,22500,First Owner,6,100,Bajaj
Avenger,48000,Dehradun,21000,First Owner,7,220,Bajaj
Mojo UT300,105000,Jaipur,6000,First Owner,3,300,Mahindra
Thunderbird,100000,Bangalore,15500,First Owner,8,500,Royal Enfield
CB Twister,20000,Ahmedabad,74000,First Owner,9,110,Honda
Splendor Plus,24600,Pune,20000,First Owner,5,100,Hero
YZF-R15 V3,100000,Guwahati,1300,First Owner,3,150,Yamaha
RC,89000,Mumbai,29301,First Owner,7,200,KTM
YZF-R15 S,71400,Mumbai,3086,First Owner,3,150,Yamaha
Thunderbird,90000,Delhi,29436,First Owner,7,500,Royal Enfield
Pulsar,33000,Delhi,27000,First Owner,6,150,Bajaj
Pulsar,58000,Faridabad,5100,First Owner,3,150,Bajaj
CT 100,22000,Faridabad,23043,First Owner,6,100,Bajaj
HF Deluxe,14500,Faridabad,17604,First Owner,12,100,Hero
Passion Pro,42000,Delhi,26434,First Owner,5,100,Hero
Street 750,480000,Delhi,1450,First Owner,4,750,Harley-Davidson
RC,127800,Delhi,4000,First Owner,4,200,KTM
CB Shine CBS,39000,Kanpur,27000,First Owner,5,125,Honda
CB Unicorn,47000,Mumbai,39428,First Owner,7,150,Honda
Classic Gunmetal Grey,160000,Mumbai,5000,First Owner,3,350,Royal Enfield
Pulsar NS200,42000,Mumbai,40000,Second Owner,6,200,Bajaj
CBZ Xtreme,21000,Anand,34000,First Owner,10,150,Hero
CD Deluxe,27000,Vadodara,20000,First Owner,10,100,Hero
Apache RTR 200 4V Carburetor Pirelli Tyres Race Edition 2.0,98500,Delhi,2800,First Owner,2,200,TVS
Star City Plus Dual Tone,36000,Delhi,7580,First Owner,4,110,TVS
RC,111100,Gurgaon,8197,First Owner,5,200,KTM
V15,37300,Jhansi,16000,First Owner,5,150,Bajaj
Classic,110000,Delhi,16689,First Owner,5,350,Royal Enfield
Passion Xpro,27100,Jhansi,29000,First Owner,8,110,Hero
Pulsar NS200,120000,Delhi,8000,First Owner,2,200,Bajaj
Super Splendor,60000,Delhi,8000,First Owner,3,125,Hero
Bullet Twinspark Kickstart,145000,Delhi,5000,First Owner,2,350,Royal Enfield
Star City Plus,35000,Delhi,8000,First Owner,5,110,TVS
FZs,40000,Delhi,18000,First Owner,8,150,Yamaha
Bullet Twinspark,125000,Delhi,8000,First Owner,3,350,Royal Enfield
Passion Pro,25100,Jhansi,32800,First Owner,7,100,Hero
Continental GT,133100,Gorakhpur,2954,Second Owner,4,535,Royal Enfield
Ninja,480300,Bangalore,10800,First Owner,5,650,Kawasaki
Thunderbird,110000,Mumbai,950,First Owner,8,500,Royal Enfield
FZ S V 2.0,55000,Delhi,24000,First Owner,4,150,Yamaha
Pulsar,26000,Pune,18412,First Owner,11,150,Bajaj
Pulsar,38000,Sambalpur,78000,First Owner,6,180,Bajaj
Thunderbird X ABS,172000,Delhi,3800,First Owner,2,350,Royal Enfield
CB Trigger,36600,Dadri,57000,First Owner,8,150,Honda
Apache RTR 160 4V DISC ABS,89135,Delhi,2800,First Owner,2,160,TVS
CB Hornet 160R STD,75000,Ahmedabad,1307,First Owner,3,160,Honda
CB Hornet 160R Special Edition-CBS,60000,Ghaziabad,21719,First Owner,4,160,Honda
Duke,71000,Rajkot,46000,First Owner,8,200,KTM
Apache RTR,35000,Chennai,33000,First Owner,8,160,TVS
FZ S V 2.0,60000,Mumbai,12332,Second Owner,6,150,Yamaha
FZs,57000,Delhi,23000,First Owner,4,150,Yamaha
FZS FI,55000,Delhi,3600,First Owner,5,150,Yamaha
FZs,47000,Jaipur,18227,First Owner,6,150,Yamaha
Discover,43000,Delhi,25000,First Owner,3,110,Bajaj
Avenger Street 150,42000,Vadodara,30000,First Owner,5,150,Bajaj
Passion Pro,35000,Vadodara,18000,First Owner,5,100,Hero
Pulsar,25000,Pune,86283,Third Owner,10,150,Bajaj
Discover,25000,Pune,23564,First Owner,11,100,Bajaj
Passion Pro,18000,Gurgaon,69758,Second Owner,11,100,Hero
Pulsar 135LS,38000,Chennai,10850,First Owner,4,135,Bajaj
YZF-R15 2.0,128000,Pune,6506,First Owner,2,150,Yamaha
YZF-R15 2.0,90000,Delhi,16000,First Owner,4,150,Yamaha
FZ S V 2.0-Ltd. Edition,79000,Delhi,8000,First Owner,3,150,Yamaha
Passion Plus,25000,Delhi,11892,First Owner,9,100,Hero
Thunderbird,70000,Hyderabad,29500,First Owner,10,350,Royal Enfield
Avenger Street 150,62000,Bangalore,19137,First Owner,6,150,Bajaj
Classic,100000,Mumbai,59000,First Owner,7,350,Royal Enfield
Karizma ZMR,29500,Pune,45000,Second Owner,10,223,Hero
V15,55000,Mumbai,5000,First Owner,5,150,Bajaj
Splendor Plus,42630,Delhi,9900,First Owner,3,100,Hero
Boxer BM150,22345,Delhi,87383,First Owner,9,150,Bajaj
Pulsar 135LS,45000,Delhi,7125,First Owner,4,135,Bajaj
Street 750,460000,Gurgaon,2607,First Owner,5,750,Harley-Davidson
Pulsar,22000,Gautam Buddha Nagar,19262,First Owner,9,150,Bajaj
CB Shine,30500,Gurgaon,19999,First Owner,6,125,Honda
CD 110 Dream,35600,Gurgaon,11314,First Owner,4,110,Honda
Discover,14000,Mumbai,25398,Third Owner,13,135,Bajaj
Bullet Electra,85000,Delhi,25000,First Owner,6,350,Royal Enfield
Himalayan Fi ABS,166000,Guwahati,250,First Owner,2,410,Royal Enfield
Sport,24000,Faridabad,19744,First Owner,5,100,TVS
Ignitor Disc,27000,Delhi,16500,First Owner,8,125,Hero
Pulsar,68000,Delhi,10386,First Owner,4,220,Bajaj
X-Blade,81000,Delhi,6000,First Owner,3,160,Honda
Bullet Twinspark,90000,Delhi,12300,First Owner,6,500,Royal Enfield
Apache RTR,88000,Gurgaon,900,First Owner,2,180,TVS
Apache RTR 160 4V Disc,78000,Delhi,5112,First Owner,3,160,TVS
Classic,125000,Delhi,13800,First Owner,3,350,Royal Enfield
Bullet Electra,110000,Mumbai,16000,First Owner,5,350,Royal Enfield
Passion Pro,28000,Pune,23371,First Owner,12,100,Hero
V15,61000,Ludhiana,1700,First Owner,4,150,Bajaj
Xtreme Sports Rear Disc,53000,Chennai,7021,First Owner,4,150,Hero
CT 100,26000,Delhi,12000,First Owner,5,100,Bajaj
Gixxer SF Fi ABS,74000,Delhi,4800,First Owner,3,150,Suzuki
CB Shine,42000,Chaksu,22819,First Owner,3,125,Honda
Passion Pro,21000,Delhi,58000,First Owner,10,100,Hero
Discover,14800,Jhansi,23000,First Owner,10,100,Bajaj
Star City Plus,31500,Chaksu,28725,First Owner,4,110,TVS
Xtreme 200R,80000,Delhi,12000,First Owner,3,200,Hero
Apache RTR,47000,Delhi,55326,First Owner,5,160,TVS
Intruder,95000,Delhi,1408,First Owner,3,150,Suzuki
CT 100 ES Alloy,39000,Faridabad,2564,First Owner,2,100,Bajaj
Platina  Alloy ES-,39000,Faridabad,12193,First Owner,2,100,Bajaj
CB Unicorn,35000,Pune,30000,First Owner,10,150,Honda
Discover,15300,Jhansi,26000,First Owner,9,100,Bajaj
CD Deluxe,29000,Delhi,18000,First Owner,5,100,Hero
CD Deluxe,37500,Kota,20904,First Owner,6,100,Hero
Duke,170000,24 Pargana,2800,First Owner,2,250,KTM
Apache RTR 200 4V Carburetor,65000,Delhi,8000,First Owner,4,200,TVS
Splendor Plus,16600,Jhansi,35000,First Owner,12,100,Hero
Splendor Plus,13700,Jhansi,26000,Second Owner,13,100,Hero
YZF-R15 2.0,65000,Delhi,25205,First Owner,5,150,Yamaha
MT-15,125100,Ankleshwar,7000,First Owner,2,150,Yamaha
CBF Stunner,26000,Pune,24801,First Owner,11,125,Honda
Avenger Street 220,59999,Delhi,27000,Second Owner,5,220,Bajaj
Pulsar,22000,Pune,51516,First Owner,13,180,Bajaj
CB Trigger,47000,Pune,83000,First Owner,6,150,Honda
Splendor Pro,32000,Pune,23936,First Owner,10,100,Hero
Duke,140000,Pune,11000,First Owner,6,390,KTM
Discover 150F,43000,Purnia,45000,First Owner,6,150,Bajaj
Pulsar RS200 ABS,90000,Hyderabad,27500,First Owner,6,200,Bajaj
Bullet Electra,90000,Mumbai,24000,First Owner,9,350,Royal Enfield
Apache RTR 160 4V Disc,65000,Delhi,10000,Second Owner,3,160,TVS
Apache RTR 200 4V Carburetor,64600,Kalyan,21200,First Owner,4,200,TVS
Avenger,47000,Pune,42000,Second Owner,7,220,Bajaj
GT 650N,340000,Delhi,2500,First Owner,4,650,Hyosung
Street Twin,790000,Delhi,2500,First Owner,3,900,Triumph
Passion Pro,22000,Delhi,45000,First Owner,10,100,Hero
FZs,22000,Delhi,33000,Second Owner,10,150,Yamaha
Gixxer SF Special MOTOGP Edition Rear Disc,63700,Delhi,18000,First Owner,4,150,Suzuki
Splendor Plus,28000,Pune,22608,First Owner,11,100,Hero
Dream Yuga,30000,Bangalore,105500,First Owner,8,110,Honda
CB Shine,30000,Delhi,23199,First Owner,5,125,Honda
Dominar 400 ABS,140000,Jalandhar,800,First Owner,3,400,Bajaj
Splendor Plus,25000,Pune,40000,First Owner,12,100,Hero
V15,48000,Pune,27192,First Owner,5,150,Bajaj
Pulsar RS200,90000,Thane,6700,First Owner,4,200,Bajaj
Dominar 400 ABS,96750,Tiruverkadu,3084,First Owner,3,400,Bajaj
CT 100,32000,Faridabad,19808,First Owner,3,100,Bajaj
V15,31000,Faridabad,27451,First Owner,5,150,Bajaj
Platina,30000,Faridabad,16884,First Owner,4,100,Bajaj
CT 100 Alloy,30000,Faridabad,11131,First Owner,4,100,Bajaj
Discover 100M,30000,Pune,23697,First Owner,7,100,Bajaj
Platina  Alloy ES-,38000,Faridabad,12692,First Owner,2,100,Bajaj
Platina  Alloy ES-,38000,Faridabad,11047,First Owner,3,100,Bajaj
Splendor Plus,23000,Ludhiana,15000,First Owner,11,100,Hero
Centuro,35000,Delhi,29451,Second Owner,6,110,Mahindra
HF Deluxe self Alloy,40000,Faridabad,7788,First Owner,3,100,Hero
Classic,109000,Delhi,25600,First Owner,6,350,Royal Enfield
Classic,108000,Delhi,7299,First Owner,5,350,Royal Enfield
Bullet Twinspark,105000,Faridabad,12822,First Owner,4,350,Royal Enfield
Classic,90000,Delhi,8765,First Owner,8,500,Royal Enfield
Discover,24500,Ahmedabad,36451,First Owner,9,125,Bajaj
Platina,20000,Faridabad,37473,First Owner,9,100,Bajaj
CD Deluxe,31500,Jaipur,22845,First Owner,8,100,Hero
Apache RTR,66000,Chaksu,26421,First Owner,3,180,TVS
Apache RTR,62000,Delhi,13200,First Owner,4,160,TVS
Apache RTR,62000,Faridabad,23226,First Owner,3,160,TVS
Duke,177300,Mumbai,19000,First Owner,4,390,KTM
Classic Chrome,159700,Pune,17346,First Owner,4,500,Royal Enfield
Classic,115400,Bahadurgarh,11400,First Owner,4,350,Royal Enfield
Avenger,42000,Thane,17028,First Owner,7,220,Bajaj
Classic Stealth Black,190000,Aurangabad,3600,First Owner,3,500,Royal Enfield
Apache RTR,39000,Coimbatore,40000,First Owner,8,180,TVS
CB Shine,28000,Pune,20473,First Owner,10,125,Honda
CB Unicorn,42000,Pune,22000,First Owner,10,150,Honda
Street 750,428600,Delhi,9000,First Owner,6,750,Harley-Davidson
CB Trigger,30000,Noida,17300,Second Owner,8,150,Honda
CBR 150R,65000,Vadodara,16664,First Owner,7,150,Honda
Street Triple 765,860000,Udaipur,2100,First Owner,3,765,Triumph
TNT 300,315000,Delhi,7000,First Owner,4,300,Benelli
Apache RTR 160 4V Disc,68000,Delhi,32644,First Owner,3,160,TVS
Interceptor,270000,Ahmedabad,6500,First Owner,2,650,Royal Enfield
Pulsar,14000,Ahmedabad,48000,First Owner,12,150,Bajaj
Avenger Street 150,70000,Hyderabad,8000,First Owner,5,150,Bajaj
Thunderbird,128000,Coimbatore,40000,Second Owner,6,350,Royal Enfield
RC,130000,Bangalore,20000,First Owner,7,390,KTM
Street 750,380700,Hyderabad,6000,First Owner,7,750,Harley-Davidson
Pulsar RS200 ABS,90000,Jaipur,11760,First Owner,4,200,Bajaj
FZs,60000,Delhi,11217,First Owner,9,150,Yamaha
Bullet Twinspark,109000,Jalandhar,6200,First Owner,4,350,Royal Enfield
Thunderbird X,148000,Jalandhar,3000,First Owner,3,350,Royal Enfield
Splendor Plus Self Alloy,50000,Jodhpur,3400,First Owner,3,100,Hero
Classic Chrome,102850,Faridabad,3198,First Owner,5,500,Royal Enfield
CB Trigger,34850,Mumbai,38527,First Owner,7,150,Honda
Avenger Cruise 220,90000,Bangalore,16000,First Owner,3,220,Bajaj
Xtreme 200R ABS,88000,Sheikhpura,6600,First Owner,2,200,Hero
Duke,220000,Kolhapur,6700,First Owner,4,390,KTM
Splendor iSmart,50000,Jalandhar,65718,First Owner,4,110,Hero
FZ V 2.0,70000,Delhi,8418,First Owner,4,150,Yamaha
Pulsar RS200 ABS,140000,Asansol,3300,First Owner,4,200,Bajaj
Avenger,35000,Delhi,32994,First Owner,10,220,Bajaj
Pulsar,65000,Delhi,14000,First Owner,3,150,Bajaj
Thunderbird,130000,Bangalore,20000,First Owner,4,350,Royal Enfield
GT250R,180500,Delhi,5100,First Owner,7,250,Hyosung
CBF Stunner,18000,Lucknow,28000,First Owner,9,125,Honda
Bullet,164100,Delhi,8000,First Owner,2,500,Royal Enfield
Apache RTR 160 4V Drum,85000,Vadodara,15929,First Owner,3,160,TVS
SZ RR V 2.0 Limited Edition,54000,Ludhiana,5600,First Owner,4,150,Yamaha
Platina,28000,Delhi,7758,First Owner,5,100,Bajaj
FZs,28300,Delhi,35000,Second Owner,7,150,Yamaha
Pulsar 135LS,23500,Delhi,18000,First Owner,7,135,Bajaj
Fazer,30000,Delhi,13250,Second Owner,8,150,Yamaha
Machismo,94200,Bangalore,43500,First Owner,13,500,Royal Enfield
Dominar 400 ABS,110000,Delhi,13000,First Owner,4,400,Bajaj
Apache RTR 200 4V Carburetor,83000,Gurgaon,7400,First Owner,4,200,TVS
FZs,23300,Delhi,12580,Second Owner,11,150,Yamaha
Standard,250000,Chennai,1400,Second Owner,27,350,Royal Enfield
YZF-R15 V3,100000,Lucknow,27300,First Owner,3,150,Yamaha
Honda Splendor,15600,Bangalore,20000,First Owner,10,100,Hero
Bullet,92000,Mumbai,12447,First Owner,6,350,Royal Enfield
Bullet Twinspark,70440,Delhi,41036,First Owner,6,500,Royal Enfield
HF Deluxe self Alloy,50000,Delhi,12000,First Owner,3,100,Hero
Duke,160000,Mumbai,6218,First Owner,3,250,KTM
Duke,140000,Mumbai,15000,First Owner,4,250,KTM
YZF-R15 2.0,108600,Pune,8600,First Owner,4,150,Yamaha
Thunderbird,110000,Surat,33500,First Owner,8,500,Royal Enfield
Ignitor Disc,27000,Bangalore,55000,First Owner,8,125,Hero
V15,52000,Mumbai,1210,First Owner,3,150,Bajaj
Passion Pro,26000,Delhi,28658,First Owner,7,100,Hero
Classic,123000,Jalandhar,8000,First Owner,4,350,Royal Enfield
Classic,135000,Jalandhar,3300,First Owner,4,350,Royal Enfield
Duke,228800,Delhi,8500,First Owner,3,390,KTM
Bullet Twinspark,100000,Delhi,7000,First Owner,5,350,Royal Enfield
CBR 250R ABS,90000,Guwahati,34000,First Owner,7,250,Honda
Pulsar,70000,Bangalore,31000,First Owner,5,220,Bajaj
Classic,71299,Gurgaon,32000,First Owner,9,350,Royal Enfield
Classic,98000,Kolkata,9855,First Owner,5,350,Royal Enfield
Thunderbird,50000,Hyderabad,19400,First Owner,10,350,Royal Enfield
CBR 150R,58000,Mumbai,12728,First Owner,5,150,Honda
CBR 150R Deluxe,75000,Pondicherry,22500,First Owner,5,150,Honda
Apache RTR 200 4V Carburetor,65000,Delhi,17000,First Owner,4,200,TVS
Pulsar,32000,Bangalore,77000,First Owner,9,150,Bajaj
Pulsar,72500,Bangalore,5000,First Owner,4,150,Bajaj
Apache RTR 200 4V Carburetor,85000,Sirsa,5600,First Owner,3,200,TVS
CB Hornet 160R CBS,46500,Gurgaon,6500,First Owner,5,160,Honda
Sport,20000,Ghaziabad,21570,First Owner,6,100,TVS
YZF-R1M,600000,Surat,183,First Owner,5,1000,Yamaha
Bullet,115000,Ludhiana,9100,First Owner,4,350,Royal Enfield
Bullet,102600,Mumbai,21000,First Owner,5,500,Royal Enfield
Classic,63618,Ghaziabad,16000,Second Owner,7,350,Royal Enfield
Thunderbird X,160000,Hyderabad,4200,First Owner,3,350,Royal Enfield
RC,230000,Bangalore,10000,First Owner,4,390,KTM
Classic,136000,Amritsar,20200,First Owner,5,350,Royal Enfield
Pulsar,16000,Ludhiana,36500,First Owner,13,180,Bajaj
Classic,130000,Patna,13000,First Owner,3,350,Royal Enfield
Thunderbird,130000,Bangalore,50000,First Owner,5,500,Royal Enfield
Duke,215000,Chennai,6000,First Owner,4,390,KTM
Pulsar 220F,40000,Bangalore,42000,First Owner,8,220,Bajaj
CBZ Xtreme,16088,Rajkot,25000,First Owner,12,150,Hero
Avenger Street 150,44400,Lucknow,21000,First Owner,5,150,Bajaj
YZF-R15 2.0,56950,Delhi,27000,First Owner,4,150,Yamaha
Avenger Street 220,60000,Delhi,18700,First Owner,5,220,Bajaj
Classic,101000,Bangalore,12800,First Owner,8,500,Royal Enfield
RC,160000,Patna,13000,First Owner,4,200,KTM
Discover,21000,Ahmedabad,52342,First Owner,13,125,Bajaj
Dominar 400 ABS,110000,Hyderabad,36000,First Owner,4,400,Bajaj
Passion Pro,25000,Gurgaon,27116,First Owner,11,100,Hero
Achiever Disc,45000,Kolkata,9500,First Owner,4,150,Hero
Pulsar 220F,70000,Pune,31767,First Owner,4,220,Bajaj
Apache RR310,185000,Jaipur,2845,First Owner,3,310,TVS
Pulsar NS160,58416,Delhi,13982,First Owner,3,160,Bajaj
Gixxer SF,47000,Chennai,49000,First Owner,5,150,Suzuki
CT 100,25000,Bhopal,21000,First Owner,5,100,Bajaj
Classic,181200,Baripara,5000,First Owner,2,500,Royal Enfield
Street 750 ABS,560000,Ahmedabad,2592,First Owner,2,750,Harley-Davidson
YZF-R15 2.0,54800,Chennai,75000,First Owner,7,150,Yamaha
Karizma R,20400,Delhi,8000,First Owner,14,223,Hero
RC,210000,Surat,5100,First Owner,2,390,KTM
Classic,158400,Patna,2100,First Owner,4,500,Royal Enfield
Splendor Plus,23000,Gurgaon,38790,First Owner,7,100,Hero
HF Deluxe,23000,Gurgaon,4130,First Owner,5,100,Hero
HF Deluxe,18000,Gurgaon,30000,First Owner,10,100,Hero
Pulsar RS200 ABS,83000,Patna,26000,First Owner,6,200,Bajaj
Classic Desert Storm,140000,Godavari,16800,First Owner,3,500,Royal Enfield
Pulsar,49500,Delhi,15000,Second Owner,5,220,Bajaj
Splendor iSmart,38000,Delhi,14000,First Owner,4,110,Hero
Thunderbird,115000,Delhi,18000,First Owner,6,350,Royal Enfield
RC,120000,Pune,12000,First Owner,6,200,KTM
‎ Bullet,95000,Delhi,26000,Second Owner,9,350,Royal Enfield
Glamour i3s,37000,Delhi,12000,First Owner,4,125,Hero
Roadster XL 1200CX,865000,Delhi,11000,First Owner,3,1200,Harley-Davidson
Classic Gunmetal Grey,145000,Jalandhar,3000,First Owner,3,350,Royal Enfield
Classic Gunmetal Grey,148000,Jalandhar,4000,First Owner,3,350,Royal Enfield
Classic Gunmetal Grey,145000,Jalandhar,4900,First Owner,3,350,Royal Enfield
Iron 883,670000,Ajmer,1210,First Owner,5,883,Harley-Davidson
Iron 883,453700,Mumbai,3500,First Owner,8,883,Harley-Davidson
Iron 883,599999,Moradabad,800,First Owner,5,883,Harley-Davidson
Fazer FI V 2.0,70000,Bangalore,9500,First Owner,5,150,Yamaha
FZ S V 2.0,46000,Noida,28700,Second Owner,6,150,Yamaha
Platina  Alloy ES-,38000,Faridabad,13170,First Owner,3,100,Bajaj
Gixxer,45000,Bangalore,45000,First Owner,6,150,Suzuki
FZ,25000,Navi Mumbai,26000,Second Owner,12,150,Yamaha
Apache RR310,187000,Delhi,14800,First Owner,3,310,TVS
Apache RR310,185000,Pune,14870,First Owner,3,310,TVS
Passion Pro,35000,Pune,33172,First Owner,8,100,Hero
Dream Yuga,57000,Pune,6518,First Owner,2,110,Honda
Pulsar RS200 ABS,123000,Pune,5319,First Owner,3,200,Bajaj
Platina,20400,Jhansi,26000,First Owner,8,100,Bajaj
Discover,23000,Delhi,32000,First Owner,8,100,Bajaj
FZ S V 2.0,37000,Delhi,25000,First Owner,7,150,Yamaha
Classic,71000,Delhi,11000,Second Owner,10,350,Royal Enfield
Apache RTR,70000,Delhi,7000,Second Owner,3,180,TVS
Pulsar,32000,Pune,30042,First Owner,10,180,Bajaj
CBR 250R ABS,62700,Mumbai,5678,Third Owner,9,250,Honda
‎ Bullet,85990,Raipur,19000,Fourth Owner Or More,37,350,Royal Enfield
CBZ Xtreme,46000,Pune,39000,Second Owner,10,150,Hero
Classic Desert Storm,135000,Gurgaon,19926,Second Owner,7,500,Royal Enfield
CB Shine,16500,Mumbai,26835,First Owner,15,125,Honda
CB Hornet 160R CBS,65000,Mumbai,15000,First Owner,4,160,Honda
Passion Xpro,55555,Navsari,9600,First Owner,3,110,Hero
Tiger 800 XR,1170000,Pune,31500,First Owner,5,800,Triumph
Classic Chrome,150000,Herbertpur,15000,First Owner,9,500,Royal Enfield
Duke ABS,152200,Kolkata,7000,First Owner,2,200,KTM
Himalayan,124999,Faridabad,15000,First Owner,5,410,Royal Enfield
Apache RR310,180500,Jamshedpur,2200,First Owner,3,310,TVS
CB Shine,42000,Pune,20675,First Owner,7,125,Honda
Iron 883,939200,Bangalore,5700,First Owner,3,883,Harley-Davidson
CD Deluxe,19000,Jodhpur,33018,First Owner,9,100,Hero
Classic,96100,Chennai,9800,First Owner,6,350,Royal Enfield
FZs,40000,Chennai,31003,First Owner,7,150,Yamaha
Classic,120000,Kanpur,15000,First Owner,5,350,Royal Enfield
Pulsar AS200,46300,Ramanagar,32000,Second Owner,6,200,Bajaj
CBR1000RR Fireblade,799999,Gurgaon,16000,First Owner,11,1000,Honda
Platina,39000,Faridabad,8491,First Owner,2,100,Bajaj
SP125 Disc BS6,73200,Mumbai,25000,First Owner,2,125,Honda
Pulsar,39000,Pune,49073,First Owner,5,180,Bajaj
Pulsar 220F,65000,Thane,2164,First Owner,4,220,Bajaj
V15,31000,Faridabad,12315,First Owner,5,150,Bajaj
RC,98600,Mumbai,15500,First Owner,6,200,KTM
Discover,20000,Ahmedabad,37734,First Owner,10,100,Bajaj
YZF-R15,46500,Ahmedabad,30600,Second Owner,9,150,Yamaha
Centuro,27000,Chandigarh,15200,First Owner,6,110,Mahindra
Duke,135000,Chennai,7840,First Owner,3,250,KTM
Platina 110 H Gear Disc,43500,Jaipur,18346,First Owner,2,110,Bajaj
Duke,75000,Delhi,25754,First Owner,7,390,KTM
Duke,90000,Mumbai,30000,First Owner,7,390,KTM
Splendor Plus,35000,Jalandhar,53000,First Owner,4,100,Hero
Thunderbird,67000,Delhi,45000,First Owner,10,350,Royal Enfield
Z900,710000,Berhampur,14500,First Owner,3,900,Kawasaki
Pulsar 220F,55000,Kolkata,29000,First Owner,7,220,Bajaj
CBR 150R,100000,Solapur,6500,First Owner,5,150,Honda
CB Shine,32702,Ernakulam,12356,First Owner,4,125,Honda
Karizma R,23000,Delhi,11565,First Owner,9,223,Hero
Avenger Street 220,60000,Thane,15000,First Owner,6,220,Bajaj
TNT 600i,450000,Mumbai,13000,First Owner,5,600,Benelli
Himalayan,92500,Mumbai,21407,Second Owner,5,410,Royal Enfield
Apache RTR,30000,Bangalore,54500,First Owner,9,160,TVS
Honda Splendor,10000,Ghaziabad,61145,Second Owner,10,100,Hero
Continental GT,99000,Gurgaon,17750,First Owner,6,535,Royal Enfield
CB Hornet 160R CBS,61000,Kolkata,12050,First Owner,5,160,Honda
Thunderbird,120000,Vadodara,32000,First Owner,5,350,Royal Enfield
Super Splendor,30000,Surat,38385,First Owner,11,125,Hero
Duke,73000,Delhi,7000,First Owner,9,200,KTM
Dream Yuga,34000,Mumbai,20812,First Owner,5,110,Honda
Passion Pro,23000,Durg,50000,First Owner,11,100,Hero
CB Hornet 160R CBS,80000,Hyderabad,4500,First Owner,3,160,Honda
Passion Plus,15000,Udaipur,90000,First Owner,16,100,Hero
Passion Pro,30000,Chennai,44000,First Owner,7,100,Hero
Avenger Street 150,70500,Chennai,15600,First Owner,4,150,Bajaj
Splendor Plus,15000,Thane,10000,First Owner,16,100,Hero
RC,120000,Thane,15000,First Owner,4,200,KTM
Pulsar NS200,89000,Vijayawada,600,First Owner,3,200,Bajaj
Pulsar,15000,Ahmedabad,34710,Third Owner,14,150,Bajaj
RC,160000,Delhi,13400,First Owner,4,390,KTM
Duke,95000,Delhi,8200,Second Owner,6,200,KTM
CBZ Xtreme,14000,Ghaziabad,79305,First Owner,11,150,Hero
Himalayan,125000,Pune,10312,First Owner,4,410,Royal Enfield
Apache RTR 200 4V ABS Race Edition,58742,Delhi,11068,First Owner,3,200,TVS
Standard,102500,Ludhiana,16771,First Owner,6,350,Royal Enfield
Interceptor,280000,Mumbai,5000,First Owner,2,650,Royal Enfield
GT 650N,230000,Delhi,7800,First Owner,8,650,Hyosung
Pulsar NS160,82000,Mumbai,3500,First Owner,4,160,Bajaj
V15,46000,Chennai,7840,First Owner,5,150,Bajaj
CBR 250R Repsol,90600,Gurgaon,8970,First Owner,4,250,Honda
Classic,81100,Faridabad,21000,First Owner,7,350,Royal Enfield
Splendor Plus,30000,Pune,19976,First Owner,11,100,Hero
Discover,29500,Mumbai,25000,First Owner,7,100,Bajaj
Apache RR310,185000,Chennai,17000,First Owner,3,310,TVS
Pulsar 135LS,34500,Mumbai,25341,First Owner,8,135,Bajaj
Bonneville T100,550000,Bangalore,25536,First Owner,7,865,Triumph
CB Hornet 160R STD,62000,Pune,17100,First Owner,4,160,Honda
Classic Chrome,90950,Hyderabad,26100,First Owner,7,500,Royal Enfield
CBR 150R,70000,Godhara,26000,First Owner,8,150,Honda
Classic,115000,Mumbai,14900,First Owner,5,500,Royal Enfield
Splendor Pro,36500,Chennai,10658,First Owner,5,100,Hero
CB Shine,42000,Faridabad,9396,First Owner,3,125,Honda
Himalayan,120000,Bangalore,20000,First Owner,5,410,Royal Enfield
Splendor Plus,32000,Pune,20925,First Owner,9,100,Hero
Star City Plus,24000,Gurgaon,23244,First Owner,5,110,TVS
Glamour,25000,Gurgaon,46411,First Owner,6,125,Hero
Z650,499000,Mumbai,8000,First Owner,2,650,Kawasaki
YZF-R1M,600000,Faridabad,152,First Owner,5,1000,Yamaha
RX135 4-Speed,85000,Mumbai,300,Third Owner,24,135,Yamaha
302R,250000,Jalandhar,12000,First Owner,4,302,Benelli
Z900,500000,Coimbatore,182,First Owner,3,900,Kawasaki
Apache RTR,35999,Ahmedabad,16000,First Owner,5,180,TVS
Dominar 400 ABS,130000,Bangalore,15000,First Owner,4,400,Bajaj
Splendor iSmart,25000,Satara,15000,First Owner,5,100,Hero
CB Shine,54000,Surat,7658,First Owner,4,125,Honda
Street 750,395000,Mumbai,2500,Second Owner,4,750,Harley-Davidson
Apache RTR,35000,Delhi,14400,First Owner,8,160,TVS
YZF-R15 2.0,82800,Jaipur,6500,First Owner,3,150,Yamaha
Avenger,28500,Ahmedabad,26452,First Owner,10,220,Bajaj
Thunderbird X ABS,151300,Sonipat,14000,First Owner,2,350,Royal Enfield
Himalayan,131000,Murad Nagar,8700,First Owner,4,410,Royal Enfield
FZ16,40000,Pune,50000,First Owner,12,150,Yamaha
Mojo UT300,126000,Bangalore,22000,First Owner,3,300,Mahindra
Classic,100000,Ahmedabad,33500,First Owner,5,350,Royal Enfield
Thunderbird,120000,Mumbai,22000,First Owner,5,350,Royal Enfield
Discover,20300,Jhansi,28000,Second Owner,6,125,Bajaj
Classic Dual Disc,156000,Pune,6517,First Owner,2,350,Royal Enfield
CB 1000R,800000,Varanasi,300,First Owner,6,1000,Honda
CBZ,28000,Patna,61000,Second Owner,13,150,Hero
CBR 600RR,500000,Solapur,8000,Second Owner,14,600,Honda
V15,29156,Gurgaon,20127,First Owner,4,150,Bajaj
Panigale 959,1220000,Pune,4400,Second Owner,5,959,Ducati
Avenger,56000,Ahmednagar,42500,First Owner,6,220,Bajaj
FZ S V 2.0,68000,Bangalore,17000,First Owner,5,150,Yamaha
Monster 797,625000,Delhi,3000,First Owner,4,797,Ducati
Monster 1200,680000,Ahmedabad,16000,First Owner,10,1200,Ducati
Splendor Plus,24000,Ludhiana,15500,First Owner,11,100,Hero
GSX-R,700000,Aurangabad,183,First Owner,3,1000,Suzuki
Duke,180800,Bagalkot,32000,First Owner,4,390,KTM
CB Shine,30000,Pune,24936,First Owner,10,125,Honda
CB Shine,28000,Pune,6231,First Owner,11,125,Honda
Passion Pro,20100,Chennai,66000,First Owner,12,100,Hero
CD 100SS,10000,Chennai,646000,First Owner,24,100,Hero
Hayabusa,950000,Mumbai,312,First Owner,8,1300,Suzuki
Hayabusa,1250000,Chandrapur,3800,First Owner,7,1300,Suzuki
Apache RTR,19542,Jaipur,56592,First Owner,9,160,TVS
CB Twister,22800,Delhi,19800,First Owner,8,110,Honda
Thunderbird,101100,Delhi,14000,First Owner,6,350,Royal Enfield
Splendor iSmart,32000,Gurgaon,19000,First Owner,4,110,Hero
CD Deluxe,30000,Gurgaon,26000,First Owner,4,100,Hero
Fazer,27500,Hyderabad,76000,First Owner,10,150,Yamaha
CB Unicorn 160 STD,35000,Mumbai,9000,Second Owner,6,160,Honda
MT-15,125000,Delhi,1500,First Owner,2,150,Yamaha
Classic,66200,Delhi,3400,First Owner,10,500,Royal Enfield
Avenger Street 220,50900,Kolkata,38800,First Owner,5,220,Bajaj
GT250R,335000,Bangalore,3700,First Owner,4,250,Hyosung
TNT 899,575000,Delhi,6000,First Owner,4,899,Benelli
Classic Gunmetal Grey,135000,Bangalore,14171,First Owner,3,350,Royal Enfield
Splendor Pro,39000,Jaipur,20700,First Owner,5,100,Hero
Passion Pro,33000,Jaipur,22518,First Owner,5,100,Hero
Apache RTR ABS,47500,Mumbai,38311,Second Owner,4,180,TVS
Apache RTR 200 4V ABS,92000,Mumbai,4500,First Owner,2,200,TVS
Duke,84300,Hyderabad,15000,First Owner,8,200,KTM
Thunderbird,85000,Gurgaon,10000,First Owner,6,350,Royal Enfield
Himalayan,120000,Hyderabad,15000,First Owner,5,410,Royal Enfield
Avenger Cruise 220,53900,Mumbai,25000,First Owner,5,220,Bajaj
FZ,18000,Bangalore,28000,Second Owner,12,150,Yamaha
Continental GT,94836,Jamtara,8000,First Owner,5,535,Royal Enfield
Interceptor,265000,Delhi,8500,First Owner,2,650,Royal Enfield
Avenger Cruise 220,70000,Noida,17000,First Owner,5,220,Bajaj
Monster 796 Corse Stripe,380000,Chennai,30000,First Owner,9,796,Ducati
CBR 150R,69000,Bangalore,62000,First Owner,9,150,Honda
FZ,24000,Delhi,14000,First Owner,11,150,Yamaha
Apache RTR 200 4V Fi,68000,Bangalore,14497,First Owner,5,200,TVS
Classic,145000,Mumbai,12000,First Owner,3,350,Royal Enfield
Passion Pro,24000,Delhi,25683,First Owner,9,100,Hero
CB Twister,21000,Delhi,22000,First Owner,11,110,Honda
Passion Pro,36000,Delhi,17225,First Owner,4,100,Hero
CD 110 Dream,48000,Chennai,7119,First Owner,2,110,Honda
Bullet Electra,92000,Pune,17400,First Owner,9,350,Royal Enfield
Classic,98000,Chennai,19033,First Owner,5,350,Royal Enfield
Passion Pro,19500,Ludhiana,45000,First Owner,11,100,Hero
Discover,17000,Ludhiana,45000,First Owner,9,100,Bajaj
FZ,50000,Bangalore,28000,First Owner,7,150,Yamaha
Pulsar,20000,Ahmedabad,36000,First Owner,10,150,Bajaj
Apache RR310,205000,Delhi,14000,First Owner,3,310,TVS
Thunderbird,95000,Pune,23000,First Owner,7,350,Royal Enfield
YZF-R15,55000,Pune,32011,First Owner,11,150,Yamaha
Apache RTR ABS,86000,Delhi,6000,First Owner,3,180,TVS
Victor Disc SBT,54000,Delhi,6000,First Owner,2,110,TVS
Classic,132000,Pune,9648,First Owner,4,350,Royal Enfield
Avenger Street 150,62000,Pune,16128,First Owner,4,150,Bajaj
Avenger Cruise 220,55000,Pune,13157,Third Owner,5,220,Bajaj
Apache RTR,35000,Pune,19411,First Owner,9,160,TVS
Bullet,45000,Gurgaon,40000,Second Owner,20,350,Royal Enfield
FZ,23500,Delhi,8000,First Owner,9,150,Yamaha
Pulsar 220F,41000,Delhi,20000,First Owner,6,220,Bajaj
CB Trigger,30000,Bangalore,28524,Third Owner,8,150,Honda
Pulsar,72000,Pune,13000,First Owner,3,180,Bajaj
FZ S V 2.0,50000,Pune,37246,First Owner,6,150,Yamaha
Pulsar RS200,107300,Ludhiana,2500,First Owner,5,200,Bajaj
CD Deluxe,28000,Pune,20108,First Owner,10,100,Hero
Glamour,25000,Pune,22728,First Owner,11,125,Hero
Iron 883,540000,Mumbai,27000,First Owner,4,883,Harley-Davidson
Duke,120000,Chennai,10536,Second Owner,4,250,KTM
Dominar 400 ABS,160000,Delhi,2412,First Owner,4,400,Bajaj
CB ShineSP CBS Disc,65000,Bangalore,2750,First Owner,2,125,Honda
Z250,145000,Delhi,10800,Second Owner,6,250,Kawasaki
Ninja,180000,Uppidamangalam,180,First Owner,4,300,Kawasaki
CB ShineSP,33000,Delhi,25000,First Owner,5,125,Honda
Pulsar RS200 ABS,106100,Noida,11000,First Owner,6,200,Bajaj
Avenger,35000,Bangalore,43000,First Owner,9,220,Bajaj
Classic Squadron Blue,175000,Noida,7000,First Owner,4,500,Royal Enfield
Classic Squadron Blue,165073,Thrissur,18000,First Owner,5,500,Royal Enfield
CB Unicorn,13700,Palakkad,75000,First Owner,16,150,Honda
Apache RTR 160 4V DISC ABS,85000,Delhi,11496,First Owner,2,160,TVS
Avenger Street 220,54000,Nalagarh,5000,First Owner,5,220,Bajaj
Avenger Street 220,70000,Delhi,9799,First Owner,4,220,Bajaj
Pulsar,25000,Nagpur,48785,First Owner,14,180,Bajaj
CT 100,9000,Una,42945,First Owner,15,100,Bajaj
Avenger Street 150,56000,Bangalore,32987,First Owner,4,150,Bajaj
Glamour,13000,Ahmedabad,45466,Second Owner,14,125,Hero
Pulsar RS200 ABS,80000,Bangalore,45380,First Owner,6,200,Bajaj
Bullet Electra,82000,Rohtak,30000,Second Owner,12,350,Royal Enfield
Classic,190000,Mysore,4800,First Owner,4,500,Royal Enfield
Avenger,60000,Thane,3500,First Owner,6,220,Bajaj
Thunderbird,118000,Chennai,13500,First Owner,5,350,Royal Enfield
Discover 125M,32500,Delhi,16000,First Owner,6,125,Bajaj
Avenger,60600,Hyderabad,7200,First Owner,6,220,Bajaj
Pulsar RS200 ABS,112400,Bangalore,12000,First Owner,6,200,Bajaj
Pulsar RS200,99999,Bangalore,20500,First Owner,6,200,Bajaj
Standard,141500,Bangalore,4200,First Owner,5,500,Royal Enfield
Thunderbird,140000,Rajkot,8300,First Owner,4,350,Royal Enfield
Splendor plus,50000,Rajkot,14892,First Owner,4,100,Hero
Avenger,75000,Rajkot,10000,First Owner,5,220,Bajaj
V15,50000,Delhi,15000,First Owner,5,150,Bajaj
CBR 150R,69000,Gandhidham,41000,First Owner,8,150,Honda
Discover,33400,Delhi,18300,First Owner,6,150,Bajaj
CBF Stunner,34400,Ghaziabad,36000,First Owner,6,125,Honda
Thunderbird,124000,Mumbai,4600,First Owner,7,500,Royal Enfield
Classic,104000,Delhi,29100,First Owner,7,350,Royal Enfield
Splendor iSmart,47000,Delhi,10000,First Owner,5,110,Hero
Passion Xpro,39000,Mumbai,36850,First Owner,8,110,Hero
Thunderbird,100000,Delhi,46000,First Owner,7,350,Royal Enfield
Pulsar,38000,Gurgaon,28000,First Owner,9,150,Bajaj
Pulsar,80000,Chakan,2400,First Owner,4,150,Bajaj
CB Shine,32000,Gurdaspur,35000,First Owner,7,125,Honda
Apache RTR ABS,65000,Ghaziabad,15000,First Owner,5,180,TVS
Thunderbird,73500,Ahmedabad,62000,First Owner,9,350,Royal Enfield
Fazer,43100,Delhi,20000,First Owner,7,150,Yamaha
Classic,106700,Delhi,14500,First Owner,7,350,Royal Enfield
Thunderbird,105800,Bangalore,27000,First Owner,6,350,Royal Enfield
Passion Pro,35000,Jaipur,23430,First Owner,7,100,Hero
Classic,125000,Idukki,27000,First Owner,7,500,Royal Enfield
Pulsar,65000,Pune,26000,First Owner,7,150,Bajaj
Thunderbird,120000,Bangalore,18300,First Owner,7,350,Royal Enfield
Gixxer Dual Tone Rear Disc,90000,Bangalore,610,First Owner,3,150,Suzuki
Thunderbird,107300,Pune,16000,First Owner,9,500,Royal Enfield
Glamour,57000,Shivpuri,7000,First Owner,4,125,Hero
Karizma,19900,Delhi,28300,First Owner,15,223,Hero
Pulsar RS200 ABS,140000,Ghaziabad,640,First Owner,4,200,Bajaj
Pulsar AS150,58000,Arkalgud,20222,First Owner,5,150,Bajaj
Dream Yuga,21000,Ahmedabad,54105,First Owner,9,110,Honda
Classic,125000,Pune,10300,First Owner,4,350,Royal Enfield
CB Hornet 160R CBS,55000,Kolkata,89000,First Owner,5,160,Honda
Thunderbird,140000,Ernakulam,10000,First Owner,3,500,Royal Enfield
Standard,101700,Gurgaon,20600,First Owner,6,350,Royal Enfield
Apache RTR 200 4V,90000,Bangalore,5000,First Owner,4,200,TVS
FZs,40000,Ghaziabad,14526,First Owner,10,150,Yamaha
Avenger Street 150,50000,Mumbai,39037,First Owner,5,150,Bajaj
FZ25,110000,Thane,11149,First Owner,3,250,Yamaha
Classic,110000,Bangalore,17200,First Owner,6,350,Royal Enfield
FZ16,32500,Bangalore,42500,First Owner,12,150,Yamaha
Thunderbird,110000,Bidar,22400,First Owner,6,350,Royal Enfield
V15,35000,Rupnagar,11000,First Owner,4,150,Bajaj
Discover,46400,Indore,9500,First Owner,3,125,Bajaj
Thunderbird,84200,Delhi,21000,First Owner,7,350,Royal Enfield
Bullet,150000,Hyderabad,35595,First Owner,3,500,Royal Enfield
Discover,18800,Delhi,46000,First Owner,12,135,Bajaj
Splendor Plus IBS i3S,47167,Delhi,4664,First Owner,2,100,Hero
RC,120000,Mumbai,10500,First Owner,6,200,KTM
Bullet,110000,Karnal,14000,First Owner,5,350,Royal Enfield
Pulsar RS200 ABS,87000,Bangalore,15334,First Owner,6,200,Bajaj
Avenger,31100,Kolhapur,11500,Second Owner,9,220,Bajaj
Victor Disc,40000,Chennai,7500,First Owner,5,110,TVS
FZ16,40000,Bangalore,26500,First Owner,9,150,Yamaha
Classic Desert Storm,132100,Chennai,29000,First Owner,5,500,Royal Enfield
Apache RR310,200000,Pune,3594,First Owner,3,310,TVS
Apache RR310,190000,Pune,4136,First Owner,3,310,TVS
Dominar 400,110000,Bhubaneshwar,25000,First Owner,4,400,Bajaj
FZs,35000,Delhi,22000,First Owner,8,150,Yamaha
Livo,40000,Gurgaon,5080,First Owner,4,110,Honda
Avenger Cruise 220,80000,Pune,16296,First Owner,5,220,Bajaj
Star City Plus,27800,Ahmedabad,35552,First Owner,4,110,TVS
Sport,39900,Bangalore,15000,First Owner,3,100,TVS
Glamour i3s,55500,Gautam Buddha Nagar,17729,First Owner,4,125,Hero
CBR 250R,90000,Ghaziabad,14000,First Owner,7,250,Honda
Livo Disc CBS,65000,Ghaziabad,2780,First Owner,2,110,Honda
CBR 150R,55000,Jodhpur,25000,Third Owner,8,150,Honda
Classic,125000,Gautam Buddha Nagar,21057,Second Owner,5,500,Royal Enfield
CB Trigger,38000,Patiala,14000,First Owner,8,150,Honda
Discover 100M,20000,Delhi,41781,First Owner,9,100,Bajaj
Pulsar,59000,Delhi,18083,First Owner,5,220,Bajaj
Passion Plus,15000,Ahmedabad,78000,First Owner,13,100,Hero
Gixxer,38700,Delhi,35500,First Owner,7,150,Suzuki
YZF-R15 2.0,105000,Deoghar,9000,First Owner,4,150,Yamaha
CBF Stunner,42400,Chennai,17000,First Owner,5,125,Honda
FZs,37000,Delhi,53500,First Owner,8,150,Yamaha
Avenger,35000,Delhi,15200,First Owner,10,220,Bajaj
Discover 125ST,20000,Delhi,49500,First Owner,8,125,Bajaj
SZR,21200,Kanchipuram,25000,First Owner,10,150,Yamaha
Discover 100T,25000,Amritsar,32000,First Owner,7,100,Bajaj
YZF-R15 2.0,65000,Mumbai,22000,First Owner,8,150,Yamaha
CBF Stunner,24000,Delhi,16000,First Owner,8,125,Honda
Xtreme,52000,Chandigarh,6000,First Owner,5,150,Hero
Star City Plus,38000,Bhopal,36000,First Owner,5,110,TVS
RC,160000,Delhi,7965,First Owner,6,390,KTM
Thunderbird,95000,Faridabad,16250,First Owner,7,350,Royal Enfield
HF Dawn,32500,Delhi,12045,First Owner,5,100,Hero
Bullet Electra Twinspark,109400,Delhi,22550,First Owner,6,350,Royal Enfield
Classic Desert Storm,100000,Chennai,22000,First Owner,7,500,Royal Enfield
Fazer,34000,Jaipur,39000,First Owner,9,150,Yamaha
Duke,260000,Vapi,1500,First Owner,2,390,KTM
Classic,103700,Guwahati,26125,First Owner,6,350,Royal Enfield
Duke,90000,Navsari,24072,First Owner,5,200,KTM
CD Deluxe,30000,Ghaziabad,13452,First Owner,8,100,Hero
Iron 883,550000,Gautam Buddha Nagar,11455,First Owner,6,883,Harley-Davidson
CB Unicorn Dazzler,30000,Bangalore,49000,First Owner,11,150,Honda
Continental GT,115000,Thane,7247,Second Owner,6,535,Royal Enfield
FZ S V 2.0,51000,Medak,24000,First Owner,4,150,Yamaha
CBR 250R,80000,Delhi,11004,First Owner,7,250,Honda
Thunderbird,105000,Chennai,26000,First Owner,5,350,Royal Enfield
Thunderbird X,138000,Kasargode,6500,First Owner,3,350,Royal Enfield
Classic Gunmetal Grey,136424,Dhanbad,16000,First Owner,3,350,Royal Enfield
RC,172000,Howrah,50926,First Owner,6,390,KTM
Pulsar RS200,107000,Delhi,9100,First Owner,5,200,Bajaj
Thunderbird,110000,Guwahati,24500,First Owner,5,500,Royal Enfield
Classic Chrome,115000,Ahmedabad,21651,First Owner,9,500,Royal Enfield
CD Deluxe,32000,Delhi,35984,First Owner,8,100,Hero
Standard,140000,Delhi,23444,First Owner,4,500,Royal Enfield
Bullet Electra,81865,Pune,36000,First Owner,15,350,Royal Enfield
Classic Chrome,135000,Thane,28969,First Owner,5,500,Royal Enfield
V15,50000,Delhi,9718,First Owner,5,150,Bajaj
Avenger,26800,Ghaziabad,37248,First Owner,11,220,Bajaj
Thunderbird,153400,Vadodara,8600,First Owner,5,500,Royal Enfield
TNT 300,220500,Dakshina Kannada,10000,First Owner,4,300,Benelli
Thunderbird,60000,Delhi,30591,Second Owner,8,350,Royal Enfield
Splendor NXG,18500,Ganaur,30000,First Owner,9,100,Hero
Avenger Cruise 220,50000,Delhi,32276,Second Owner,5,220,Bajaj
Avenger,35000,Kanchipuram,60000,First Owner,7,220,Bajaj
Classic Squadron Blue,130000,Faridabad,11191,First Owner,4,500,Royal Enfield
V15,36000,Gurgaon,9177,First Owner,5,150,Bajaj
Avenger Cruise 220,75000,Ahmedabad,18096,First Owner,5,220,Bajaj
Discover,17000,Ahmedabad,47204,First Owner,13,135,Bajaj
Thunderbird,123800,Jamalpur,2600,First Owner,4,350,Royal Enfield
Bullet,99650,Chennai,27235,First Owner,4,350,Royal Enfield
Bullet Twinspark,94000,Mumbai,13779,First Owner,6,500,Royal Enfield
Apache RTR Rear Disc,70000,Bangalore,16575,First Owner,4,160,TVS
Avenger Cruise 220,62000,Bangalore,17547,First Owner,4,220,Bajaj
Pulsar,22000,Gurgaon,58706,First Owner,8,180,Bajaj
FZ S V 3.0,105000,Kanchipuram,1800,First Owner,2,150,Yamaha
Avenger Street 150,47000,Gurgaon,16873,First Owner,5,150,Bajaj
V15,34000,Ghaziabad,40976,First Owner,5,150,Bajaj
Avenger Cruise 220,88000,Bangalore,610,First Owner,4,220,Bajaj
CBF Stunner,13200,Delhi,37000,First Owner,13,125,Honda
Thunderbird,100000,Bangalore,25555,Second Owner,5,350,Royal Enfield
Bullet Twinspark,100000,Bangalore,39645,First Owner,6,350,Royal Enfield
SZR,15500,Delhi,61841,First Owner,10,150,Yamaha
Classic Gunmetal Grey,135000,Delhi,15559,First Owner,3,350,Royal Enfield
Discover 125ST,21000,Amraoti,25000,First Owner,8,125,Bajaj
Pulsar 220F,39000,Kanchipuram,25600,Second Owner,7,220,Bajaj
Pulsar,22000,Gautam Buddha Nagar,44496,First Owner,11,150,Bajaj
Pulsar RS200,110000,Pune,16000,Second Owner,5,200,Bajaj
Avenger Street 220,55000,Delhi,42585,First Owner,5,220,Bajaj
Apache RTR,62000,Delhi,23185,First Owner,4,160,TVS
Dream Yuga,26000,Delhi,23188,First Owner,6,110,Honda
Thunderbird,150000,Hyderabad,3208,First Owner,4,350,Royal Enfield
Livo Disc,50000,Delhi,11047,First Owner,3,110,Honda
Discover,11000,Bangalore,51805,First Owner,15,125,Bajaj
FZ V 2.0,40300,Mangalore,26000,First Owner,6,150,Yamaha
Avenger Street 150,48000,Gautam Buddha Nagar,5233,First Owner,5,150,Bajaj
RC,185000,Delhi,1400,First Owner,5,390,KTM
Discover,13000,Ahmedabad,70142,First Owner,10,100,Bajaj
Avenger,35000,Deolali,14000,First Owner,8,220,Bajaj
Apache RTR,49999,Delhi,20000,Second Owner,6,180,TVS
Intruder,82500,Bangalore,31500,First Owner,3,150,Suzuki
Avenger,40000,Surat,29890,First Owner,6,220,Bajaj
FZs,35000,Faridabad,19000,First Owner,9,150,Yamaha
CB Trigger,25000,Delhi,98971,First Owner,8,150,Honda
Dominar 400 ABS,111200,Pune,6832,First Owner,4,400,Bajaj
Gixxer SF ABS,71000,Delhi,14802,First Owner,3,150,Suzuki
Thunderbird,92000,Gandhinagar,25000,Second Owner,5,350,Royal Enfield
HF Deluxe,36900,Jhansi,12000,First Owner,4,100,Hero
CB Shine,17000,Jhansi,35000,Third Owner,10,125,Honda
HF Deluxe Self,37300,Jhansi,13000,Second Owner,4,100,Hero
Pulsar 135LS,16000,Gurgaon,42107,Second Owner,10,135,Bajaj
CBR 150R,78000,Thane,9700,First Owner,7,150,Honda
CBR 250R,97200,Delhi,20700,First Owner,10,250,Honda
CBF Stunner,21000,Delhi,35710,First Owner,8,125,Honda
Street 750,445600,Jaipur,1500,First Owner,5,750,Harley-Davidson
Pulsar RS200,95000,Thane,4300,First Owner,5,200,Bajaj
CBF Stunner,25000,Delhi,40000,First Owner,8,125,Honda
Dominar 400 ABS,170000,Chitradurga,9200,First Owner,4,400,Bajaj
CBR 150R,100000,Chinchwad,15618,First Owner,5,150,Honda
Mojo UT300,118000,Delhi,2350,First Owner,2,300,Mahindra
Z650,525000,Mumbai,6000,First Owner,4,650,Kawasaki
Ninja,550000,Bangalore,8000,First Owner,3,650,Kawasaki
HF Deluxe,34000,Jaipur,21775,First Owner,6,100,Hero
Gixxer SP Rear Disc,54000,Mumbai,19334,First Owner,4,150,Suzuki
Gixxer SF ABS,82000,Ranchi,4200,First Owner,4,150,Suzuki
Classic,98000,Delhi,9816,Second Owner,5,350,Royal Enfield
Bullet,95000,Chandigarh,20069,Second Owner,6,350,Royal Enfield
G 310 GS,350000,Mumbai,14482,First Owner,2,310,BMW
Discover,25500,Jaipur,22793,First Owner,6,125,Bajaj
Livo,31000,Jaipur,31282,First Owner,6,110,Honda
Duke,237200,Chennai,3400,First Owner,3,390,KTM
Classic,120000,Bangalore,16400,First Owner,7,350,Royal Enfield
Classic,127000,Indore,16000,First Owner,6,350,Royal Enfield
Pulsar,35000,Kanchipuram,57000,First Owner,7,180,Bajaj
Karizma R,42500,Bangalore,50788,First Owner,12,223,Hero
Ignitor,30000,Delhi,53301,First Owner,9,125,Hero
CB Unicorn,30000,Lucknow,50000,First Owner,8,150,Honda
Platina,19500,Gurgaon,48101,First Owner,6,100,Bajaj
Thunderbird,105200,Bhubaneshwar,20000,First Owner,4,350,Royal Enfield
Fazer,17000,Noida,100000,Second Owner,11,150,Yamaha
Classic Signals Edition,160000,Bangalore,10000,First Owner,2,350,Royal Enfield
Classic,80000,Ratnagiri,13260,Second Owner,5,350,Royal Enfield
YZF-R15,33000,Jhajjar,57000,Third Owner,10,150,Yamaha
Pulsar,16400,Chennai,55000,Second Owner,11,150,Bajaj
Avenger,46000,Delhi,1656,First Owner,6,220,Bajaj
Classic,125000,Gurgaon,3841,First Owner,3,350,Royal Enfield
Splendor iSmart Plus IBS,50000,Delhi,11584,First Owner,2,110,Hero
Classic,114000,Delhi,31216,First Owner,5,500,Royal Enfield
Centuro,25000,Ghaziabad,26460,First Owner,8,110,Mahindra
Dominar 400 ABS,135000,Mumbai,9324,First Owner,4,400,Bajaj
Glamour,55000,Hyderabad,3607,First Owner,4,125,Hero
Classic,89000,Hyderabad,48602,First Owner,9,350,Royal Enfield
Passion Plus,19000,Delhi,23588,First Owner,12,100,Hero
Avenger,52000,Delhi,31782,First Owner,6,220,Bajaj
Glamour,28000,Ghaziabad,32041,First Owner,5,125,Hero
Gixxer SF,89900,Hyderabad,6000,First Owner,4,150,Suzuki
Bullet Electra Twinspark Double Disc,135000,Howrah,2200,First Owner,3,350,Royal Enfield
Street 750,421000,Delhi,10000,First Owner,5,750,Harley-Davidson
Standard,102200,Gurgaon,15400,First Owner,5,350,Royal Enfield
Bullet Electra,96000,Durgapur,9000,First Owner,16,350,Royal Enfield
Pulsar RS200 ABS,91100,Gurgaon,18470,First Owner,6,200,Bajaj
Classic,100000,Noida,40000,First Owner,6,350,Royal Enfield
Pulsar,12000,Delhi,32148,Second Owner,14,150,Bajaj
Pulsar,17500,Delhi,30000,First Owner,12,150,Bajaj
Pulsar RS200,85000,Jagdalpur,2700,First Owner,6,200,Bajaj
Gixxer,52000,Hyderabad,28000,First Owner,5,150,Suzuki
Apache RTR 200 4V Carburetor Race Edition 2.0,85000,Delhi,8811,First Owner,3,200,TVS
Avenger Street 150,70000,Pune,14600,First Owner,4,150,Bajaj
Avenger,45000,Jaipur,15091,Second Owner,7,220,Bajaj
Passion Pro i3S Alloy,60000,Ghaziabad,1877,First Owner,2,100,Hero
Thunderbird,110000,Pune,50697,First Owner,8,500,Royal Enfield
Avenger Street 220,60000,Noida,15097,Second Owner,5,220,Bajaj
Pulsar RS200,81700,Ankleshwar,16000,First Owner,5,200,Bajaj
Discover,13000,Ranoli,135000,First Owner,10,125,Bajaj
Intruder,74000,Delhi,13059,First Owner,3,150,Suzuki
Thunderbird,122400,Chennai,17000,First Owner,5,500,Royal Enfield
YZF-R15 2.0,65000,Cuttack,48000,First Owner,5,150,Yamaha
Hunk,12000,Raiwala,60000,First Owner,13,150,Hero
CB Hornet 160R STD,75000,Kolkata,4100,First Owner,5,160,Honda
Apache RTR,31000,Faridabad,38140,First Owner,8,160,TVS
Machismo,85000,Delhi,50143,First Owner,14,500,Royal Enfield
Pulsar RS200,75000,Pune,34640,First Owner,6,200,Bajaj
Pulsar NS160,85000,Delhi,2500,First Owner,3,160,Bajaj
Pulsar,27999,Guntur,53999,First Owner,11,180,Bajaj
Classic,146000,Pune,5000,First Owner,4,350,Royal Enfield
CBR 150R,80000,Bangalore,45945,First Owner,7,150,Honda
Avenger,40000,Bangalore,26070,Second Owner,8,220,Bajaj
Thunderbird,115000,Mumbai,4376,First Owner,5,350,Royal Enfield
Ninja,420000,Gwalior,5000,First Owner,6,650,Kawasaki
V12,36700,Badarpur,11000,First Owner,4,125,Bajaj
Pulsar NS200,43000,Rudrapur,12000,First Owner,8,200,Bajaj
Pulsar RS200 ABS,100000,Mumbai,21306,First Owner,5,200,Bajaj
Pulsar NS200,79000,Delhi,9556,First Owner,4,200,Bajaj
Bullet Twinspark,110000,Bangalore,75956,First Owner,7,500,Royal Enfield
CB Trigger,40000,Adalaj,29800,First Owner,6,150,Honda
V12,37000,Delhi,17288,First Owner,4,125,Bajaj
Pulsar,17000,Durg,70000,First Owner,11,180,Bajaj
Thunderbird,90000,Bangalore,34276,First Owner,8,350,Royal Enfield
Avenger,40000,Gurgaon,7600,First Owner,8,220,Bajaj
Pulsar AS200,75000,Pune,12000,First Owner,5,200,Bajaj
Avenger,51000,Pune,25102,First Owner,6,220,Bajaj
CB Unicorn,25000,Delhi,30000,First Owner,11,150,Honda
Passion Plus,20050,Ghaziabad,39000,First Owner,14,100,Hero
Discover,13900,Alipore,99999,First Owner,17,125,Bajaj
YZF-R15 2.0,60000,Kolkata,20500,First Owner,10,150,Yamaha
‎ Bullet,94049,Surat,32000,First Owner,7,350,Royal Enfield
Thunderbird,63000,Anand,15500,First Owner,8,350,Royal Enfield
Mojo,145000,Mumbai,7000,First Owner,5,300,Mahindra
Thunderbird,120000,Bangalore,12300,First Owner,5,350,Royal Enfield
Thunderbird,80000,Delhi,14448,First Owner,6,350,Royal Enfield
CD Deluxe,33680,Delhi,28000,First Owner,4,100,Hero
Passion Plus,14000,Jaipur,70756,First Owner,13,100,Hero
Pulsar,30000,Bhawani Mandi,35000,First Owner,9,150,Bajaj
Pulsar 135LS,27000,Pune,61000,First Owner,6,135,Bajaj
YZF-R15 2.0,75000,Delhi,48000,First Owner,8,150,Yamaha
Achiever Disc,45400,Delhi,12510,First Owner,4,150,Hero
Splendor Plus,40000,Ghaziabad,15450,First Owner,6,100,Hero
CB Shine,55000,Ghaziabad,13443,First Owner,3,125,Honda
RC,175000,Jammu,14200,First Owner,5,390,KTM
Bullet Electra Twinspark,90000,Hyderabad,35123,First Owner,6,350,Royal Enfield
Apache RTR,40000,Chennai,19500,First Owner,6,180,TVS
Classic,140000,Mumbai,16000,First Owner,6,350,Royal Enfield
Passion,25000,Mughalsarai,22113,First Owner,18,100,Hero
Street 750 ABS,450000,Bangalore,21913,First Owner,4,750,Harley-Davidson
Street 750,370000,Mumbai,4899,Second Owner,5,750,Harley-Davidson
Victor,40000,Chennai,12530,First Owner,3,110,TVS
Apache RTR 200 4V Carburetor,65000,Ahmedabad,28000,First Owner,4,200,TVS
Electra,105000,Pune,23397,First Owner,4,350,Royal Enfield
Passion Pro,33000,Pune,17500,First Owner,11,100,Hero
Apache RTR 200 4V Carburetor,75000,Ghaziabad,14271,First Owner,4,200,TVS
Pulsar,15000,Delhi,23000,First Owner,17,150,Bajaj
Thunderbird,110400,Vadodara,10600,First Owner,5,350,Royal Enfield
Classic,109000,Purnia,35000,First Owner,4,350,Royal Enfield
Thunderbird,74500,Mumbai,26081,First Owner,7,350,Royal Enfield
Classic,84000,Delhi,16694,First Owner,7,350,Royal Enfield
Avenger Street 220,57000,Mumbai,6777,First Owner,5,220,Bajaj
Classic,146300,Hyderabad,750,First Owner,4,350,Royal Enfield
Thunderbird,128000,Bangalore,18552,First Owner,4,500,Royal Enfield
Thunderbird,108000,Pune,56273,First Owner,5,350,Royal Enfield
Passion Plus,10500,Ghaziabad,39252,First Owner,17,100,Hero
Classic,100000,Delhi,14576,Second Owner,6,350,Royal Enfield
V15,53000,Delhi,2792,Second Owner,5,150,Bajaj
Bullet Electra,66000,Delhi,15306,Second Owner,13,350,Royal Enfield
CBF Stunner,17000,Faridabad,30124,First Owner,11,125,Honda
V12,45000,Delhi,17281,First Owner,3,125,Bajaj
Intruder FI,98000,Kollam,14495,First Owner,3,150,Suzuki
Pulsar,17000,Faridabad,55534,First Owner,10,150,Bajaj
Iron 883,900000,Bangalore,13782,First Owner,4,883,Harley-Davidson
Classic Gunmetal Grey ABS,167000,Farukhabad,2500,First Owner,2,350,Royal Enfield
Pulsar NS200,85000,Delhi,5848,First Owner,3,200,Bajaj
FZS FI,65000,24 Pargana,23000,First Owner,5,150,Yamaha
Ninja,415000,Kanchipuram,8500,First Owner,5,650,Kawasaki
CB Hornet 160R STD,62000,Thiruvallur,7500,Second Owner,3,160,Honda
Thunderbird,147000,Bangalore,200,First Owner,4,350,Royal Enfield
Classic,136000,Delhi,5800,First Owner,5,350,Royal Enfield
Super Splendor,38000,Delhi,29030,First Owner,4,125,Hero
FZs,32600,Udaipurwati,25000,First Owner,10,150,Yamaha
Thunderbird,64000,Mumbai,31571,Second Owner,10,350,Royal Enfield
FZ16,40000,Delhi,40169,First Owner,5,150,Yamaha
Pulsar RS200 ABS,108000,Mumbai,10200,First Owner,5,200,Bajaj
Bullet Electra,80162,Delhi,17500,Second Owner,9,350,Royal Enfield
GT250R,192000,Delhi,7390,First Owner,6,250,Hyosung
Apache RTR ABS,55000,Bhopal,14061,First Owner,6,180,TVS
Thunderbird,111300,Hyderabad,20000,First Owner,8,500,Royal Enfield
Thunderbird,84800,Gurgaon,20000,Second Owner,6,350,Royal Enfield
Bullet Electra Twinspark,100000,Delhi,11937,First Owner,4,350,Royal Enfield
Pulsar RS200,105000,Delhi,10500,First Owner,4,200,Bajaj
Splendor Plus,18000,Ludhiana,52928,First Owner,11,100,Hero
Hunk,14000,Rasra,58000,First Owner,11,150,Hero
Pulsar,32000,Latur,37000,Second Owner,9,220,Bajaj
Pulsar AS200,70700,Bangalore,12000,First Owner,5,200,Bajaj
Pulsar,40400,Chennai,33000,First Owner,5,180,Bajaj
Thunderbird,110000,Mumbai,100670,First Owner,5,350,Royal Enfield
Pulsar,32500,Ahmedabad,56482,First Owner,8,150,Bajaj
Gixxer SF Special MOTOGP Edition Rear Disc,55000,Delhi,29331,First Owner,4,150,Suzuki
Apache RTR,35000,Noida,67363,First Owner,8,180,TVS
SZR,25000,Hyderabad,55000,First Owner,10,150,Yamaha
Thunderbird,77616,Delhi,31530,First Owner,6,350,Royal Enfield
Passion Plus,20000,Gautam Buddha Nagar,51000,First Owner,10,100,Hero
Electra,86000,Kanchipuram,15000,First Owner,7,350,Royal Enfield
Avenger,50000,Faridabad,13000,First Owner,7,220,Bajaj
Apache RTR 200 4V Fi,72000,Bangalore,21458,First Owner,5,200,TVS
FZ S V 2.0,50000,Krishna,33000,First Owner,6,150,Yamaha
Dream Yuga,25000,Delhi,33755,First Owner,7,110,Honda
Pulsar,67000,Delhi,35409,First Owner,4,180,Bajaj
CB Shine,58000,Rajkot,8000,First Owner,4,125,Honda
Pulsar,50000,Gangaikondan,20000,First Owner,6,180,Bajaj
CB Unicorn 160 CBS,64400,Mumbai,3310,First Owner,5,160,Honda
Splendor Plus,16000,Madurai,58000,First Owner,13,100,Hero
Duke,95000,Gurgaon,33300,First Owner,8,390,KTM
Pulsar RS200 ABS,100000,Warangal,15000,First Owner,6,200,Bajaj
Classic Chrome,95000,Mumbai,18000,First Owner,8,500,Royal Enfield
Gixxer,52200,Uluberia,29000,First Owner,4,150,Suzuki
Discover,17000,Palwal,20000,Second Owner,8,125,Bajaj
FZ16,36000,Jodhpur,14615,First Owner,12,150,Yamaha
Platina 110 CBS,47000,Gurgaon,2860,First Owner,2,110,Bajaj
Xtreme Sports,51100,Pondicherry,24065,First Owner,6,150,Hero
FZs,24000,Delhi,9614,First Owner,11,150,Yamaha
Pulsar,12200,Gurgaon,30000,Second Owner,14,150,Bajaj
Pulsar NS160,55000,Delhi,7034,First Owner,4,160,Bajaj
Thunderbird,110000,Chennai,21000,First Owner,4,350,Royal Enfield
Classic,79400,Gurgaon,19225,First Owner,10,350,Royal Enfield
CB Twister,19000,Ajmer,68000,First Owner,10,110,Honda
YZF-R15 2.0,83000,Poonamallee,29500,First Owner,6,150,Yamaha
Centuro,22500,Delhi,20000,First Owner,8,110,Mahindra
Pulsar 220F,51500,Mumbai,32000,First Owner,7,220,Bajaj
CB Shine,30000,Karnal,30000,First Owner,7,125,Honda
V15,46900,Ghaziabad,20468,First Owner,4,150,Bajaj
YZF-R15 2.0,50000,Ahmedabad,45000,First Owner,7,150,Yamaha
Thunderbird,95000,Ahmedabad,30000,Third Owner,8,500,Royal Enfield
HF Deluxe,26000,Faridabad,30000,First Owner,6,100,Hero
Pulsar NS200,55000,Mumbai,39309,Second Owner,8,200,Bajaj
V15,48999,Patna,9600,First Owner,5,150,Bajaj
YZF-R15 2.0,70000,Hyderabad,14854,First Owner,7,150,Yamaha
Avenger Street 220,55000,Delhi,12000,First Owner,5,220,Bajaj
Avenger Street 150,46000,Bangalore,35596,First Owner,5,150,Bajaj
FZ25,63000,Delhi,45686,First Owner,4,250,Yamaha
Classic,89000,Faridabad,24516,First Owner,6,350,Royal Enfield
V15,50000,Delhi,14000,First Owner,5,150,Bajaj
V15,39000,Vadodara,96611,First Owner,4,150,Bajaj
Avenger,45000,Bangalore,38500,First Owner,7,220,Bajaj
Super Splendor,43000,Pali,12000,First Owner,3,125,Hero
Avenger Cruise 220,65000,Navi Mumbai,25000,First Owner,4,220,Bajaj
YZF-R15 2.0,85000,Pune,32000,First Owner,7,150,Yamaha
YZF-R15 2.0,60000,Pune,52667,First Owner,8,150,Yamaha
Classic Desert Storm,110000,Chennai,30000,First Owner,9,500,Royal Enfield
Duke,173000,Palakkad,18500,First Owner,5,390,KTM
Bullet Twinspark,98000,Hyderabad,20783,First Owner,5,350,Royal Enfield
YZF-R15 2.0,75000,Pune,47489,First Owner,5,150,Yamaha
Street 750 ABS,450000,Delhi,1174,Second Owner,3,750,Harley-Davidson
Bullet Electra,80000,Bangalore,34000,First Owner,8,350,Royal Enfield
Duke,190000,Delhi,9500,First Owner,4,390,KTM
Ignitor,42000,Udaipur,15000,First Owner,5,125,Hero
Apache RTR,55000,Ghaziabad,18934,First Owner,6,160,TVS
Avenger Street 220,62000,Bangalore,8500,First Owner,5,220,Bajaj
Discover,12000,Gautam Buddha Nagar,72901,First Owner,16,125,Bajaj
Avenger,35590,Gautam Buddha Nagar,45217,Second Owner,7,220,Bajaj
Avenger Street 150,45000,Gautam Buddha Nagar,30000,First Owner,6,150,Bajaj
Intruder,76000,Gautam Buddha Nagar,481,First Owner,3,150,Suzuki
Avenger,50700,Gautam Buddha Nagar,16000,First Owner,7,220,Bajaj
Pulsar NS200,43999,Bangalore,50000,Second Owner,8,200,Bajaj
Avenger,60000,Ahmedabad,6193,First Owner,6,220,Bajaj
Thunderbird,101400,Pune,30000,First Owner,7,500,Royal Enfield
Thunderbird,110000,Pune,5921,First Owner,6,500,Royal Enfield
Thunderbird,105000,Nagaon,15000,First Owner,3,350,Royal Enfield
Pulsar,55000,Bhubaneshwar,20000,First Owner,9,220,Bajaj
FZ S V 2.0-Ltd. Edition,70000,Delhi,9355,First Owner,4,150,Yamaha
Electra,85500,Delhi,5645,First Owner,4,350,Royal Enfield
Bullet Electra Twinspark,85000,Delhi,16439,Second Owner,6,350,Royal Enfield
Classic Chrome,125000,Delhi,15888,First Owner,5,500,Royal Enfield
Avenger,73000,Nagpur,5000,First Owner,5,220,Bajaj
Avenger Cruise 220 ABS,99000,Delhi,1958,First Owner,2,220,Bajaj
YZF-R15 2.0,54500,Hissar,50000,First Owner,8,150,Yamaha
Pulsar,35000,Gurgaon,25651,First Owner,10,220,Bajaj
CT 100,30000,Bhopal,7004,First Owner,5,100,Bajaj
Avenger,48700,Gurgaon,16000,First Owner,6,220,Bajaj
Pulsar,19000,Kanpur,35000,First Owner,13,150,Bajaj
RC,154800,Patna,3800,First Owner,6,200,KTM
CB Hornet 160R STD SP,66000,Gurgaon,11500,First Owner,5,160,Honda
Classic,104000,Mumbai,27623,First Owner,5,350,Royal Enfield
Avenger Cruise 220,66000,Bangalore,20919,First Owner,6,220,Bajaj
Classic,105000,Jalandhar,11600,First Owner,7,350,Royal Enfield
Avenger,60000,Hyderabad,25000,First Owner,6,220,Bajaj
Pulsar,25000,Jaipur,45000,First Owner,10,150,Bajaj
CBR 150R,90000,Jaipur,8740,First Owner,6,150,Honda
V15,50000,Hyderabad,16000,First Owner,3,150,Bajaj
Apache RTR,22500,Kanyakumari,33000,First Owner,11,160,TVS
Bullet,100000,Morbi,60000,First Owner,4,350,Royal Enfield
CB Unicorn 160 STD,45000,Chennai,17400,First Owner,6,160,Honda
Thunderbird,90000,Delhi,22000,First Owner,7,350,Royal Enfield
Pulsar,14000,Ahmedabad,50000,First Owner,12,150,Bajaj
Classic,124000,Gurgaon,12827,First Owner,4,500,Royal Enfield
Classic,118000,Gurgaon,15256,First Owner,3,350,Royal Enfield
Pulsar,20000,Delhi,60000,Second Owner,12,180,Bajaj
Pulsar,15000,Agra,27000,First Owner,18,150,Bajaj
Pulsar 135LS,32000,Bangalore,34378,First Owner,7,135,Bajaj
Discover 125M,17000,Delhi,47543,First Owner,8,125,Bajaj
Pulsar,16500,Delhi,41012,First Owner,10,150,Bajaj
Versys,550000,Pune,11000,First Owner,5,650,Kawasaki
Bullet Electra Twinspark,120000,Delhi,15148,First Owner,4,350,Royal Enfield
Fazer,37000,Lucknow,48500,First Owner,11,150,Yamaha
Fazer,25000,Lucknow,41004,First Owner,11,150,Yamaha
YZF-R15,48000,Lucknow,17505,Second Owner,10,150,Yamaha
Aquila GV250,190000,Delhi,10500,First Owner,6,250,Hyosung
YZF-R15 2.0,110000,Pune,2500,First Owner,4,150,Yamaha
RC,230000,Delhi,1900,First Owner,4,390,KTM
Pulsar,19000,Gurgaon,39858,First Owner,11,150,Bajaj
CBF Stunner,26000,Gurgaon,32489,First Owner,7,125,Honda
Duke,110000,Noida,27240,Second Owner,7,390,KTM
CB Shine,22500,Gurgaon,17644,First Owner,8,125,Honda
Apache RTR Rear Disc,65000,Delhi,12917,First Owner,3,160,TVS
Star City Plus,23000,Gurgaon,23244,First Owner,5,110,TVS
Splendor Plus,23000,Gurgaon,17853,First Owner,8,100,Hero
CT 100,25000,Gurgaon,24510,First Owner,5,100,Bajaj
Discover,20000,Mumbai,21000,First Owner,14,125,Bajaj
Intruder,65000,Gurgaon,73281,First Owner,3,150,Suzuki
Splendor Plus,17000,Gurgaon,26886,First Owner,10,100,Hero
Discover,13000,Gurgaon,32042,First Owner,10,125,Bajaj
CBR 150R,70000,Pune,15671,First Owner,5,150,Honda
HF Deluxe,23000,Gurgaon,14364,First Owner,8,100,Hero
Classic,120000,Noida,2701,First Owner,4,500,Royal Enfield
CB Shine,40500,Gurgaon,10489,First Owner,5,125,Honda
Classic,130000,Delhi,2503,First Owner,4,350,Royal Enfield
Gixxer SF,66700,Pune,16600,First Owner,5,150,Suzuki
Gixxer SF,55000,Pune,29000,First Owner,4,150,Suzuki
Passion Pro,36000,Mumbai,36000,First Owner,6,100,Hero
Pulsar,35000,Jaipur,19000,First Owner,8,150,Bajaj
Thunderbird,110000,Bangalore,10400,First Owner,4,350,Royal Enfield
HF Deluxe Self,30000,Vadodara,25000,First Owner,8,100,Hero
CD Deluxe,27500,Vadodara,25000,First Owner,9,100,Hero
Multistrada 1200 Enduro,1400000,Gurgaon,3174,First Owner,4,1200,Ducati
CB Unicorn 160 CBS,45000,Mumbai,35866,First Owner,5,160,Honda
Splendor Plus,27167,Ludhiana,27110,First Owner,7,100,Hero
YZF-R15 V3,109000,Mumbai,19274,Second Owner,2,150,Yamaha
Duke,170000,Bankura,14500,First Owner,4,390,KTM
Discover,14000,Ahmedabad,52902,First Owner,13,135,Bajaj
Discover 150F,31000,Kolkata,17000,Third Owner,5,150,Bajaj
Duke,215000,Virar,4500,First Owner,3,390,KTM
Classic,111600,Bangalore,22000,First Owner,7,350,Royal Enfield
Avenger,25000,Pune,25388,First Owner,11,220,Bajaj
Bullet Electra,85000,Delhi,17500,Second Owner,6,350,Royal Enfield
Bullet Twinspark,110000,Faridabad,10111,First Owner,3,350,Royal Enfield
Bullet Twinspark,95000,Faridabad,8901,First Owner,4,350,Royal Enfield
Bullet Twinspark,110000,Faridabad,9053,First Owner,4,350,Royal Enfield
CD Deluxe,16000,Gurgaon,26276,First Owner,11,100,Hero
Pulsar NS200,75000,Bangalore,6625,First Owner,4,200,Bajaj
CD Deluxe,32000,Delhi,12000,First Owner,6,100,Hero
FZs,35000,Delhi,28000,First Owner,9,150,Yamaha
Discover,27000,Delhi,39000,First Owner,7,150,Bajaj
Standard,97000,Ludhiana,45000,First Owner,8,350,Royal Enfield
Bullet Twinspark,95000,Mohali,15000,First Owner,5,350,Royal Enfield
Pulsar,22000,Mumbai,23000,First Owner,10,180,Bajaj
CB Shine,35000,Mumbai,23905,First Owner,7,125,Honda
Himalayan Fi ABS,184000,Bardhaman,1380,First Owner,2,410,Royal Enfield
CT 100,25000,Gurgaon,26533,First Owner,5,100,Bajaj
CB Unicorn 160 STD,50000,Delhi,13141,First Owner,4,160,Honda
Pulsar,12000,Ahmedabad,43596,First Owner,11,150,Bajaj
CB Trigger,35000,Mumbai,37000,First Owner,7,150,Honda
Classic Desert Storm,90000,Gurgaon,2539,First Owner,7,500,Royal Enfield
Classic,120000,Gurgaon,12827,First Owner,4,500,Royal Enfield
Standard,95000,Mumbai,16000,First Owner,6,350,Royal Enfield
Platina,21500,Vadodara,30000,First Owner,9,100,Bajaj
CBF Stunner,18000,Delhi,24657,First Owner,12,125,Honda
Discover,27000,Delhi,102892,First Owner,8,100,Bajaj
CT 100,22000,Gurgaon,14459,First Owner,5,100,Bajaj
Pulsar RS200 ABS,82000,Bangalore,41292,First Owner,6,200,Bajaj
CT 100,10000,Ahmedabad,27000,First Owner,16,100,Bajaj
Thunderbird,61000,Gurgaon,14159,First Owner,8,350,Royal Enfield
CB Shine,28000,Gurgaon,24310,First Owner,7,125,Honda
CT 100,21500,Gurgaon,22398,First Owner,5,100,Bajaj
Pulsar,20000,Gurgaon,65000,First Owner,10,150,Bajaj
Gixxer,38000,Chennai,19300,Second Owner,4,150,Suzuki
Forty Two,190000,Mumbai,2000,First Owner,2,295,Jawa
Duke,200000,Mumbai,16000,First Owner,3,390,KTM
Classic,125000,Mumbai,36000,First Owner,4,350,Royal Enfield
FZ S V 2.0,45000,Delhi,40718,First Owner,7,150,Yamaha
Passion Pro i3S Alloy IBS,62000,Mumbai,1800,First Owner,2,100,Hero
Gixxer SF,76000,Hyderabad,17000,First Owner,4,150,Suzuki
YZF-R15 V3,106400,Noida,10000,First Owner,3,150,Yamaha
Intruder FI,85000,Ghaziabad,7444,First Owner,3,150,Suzuki
G 310 R,360000,Bangalore,7093,First Owner,3,310,BMW
Platina ComforTec Alloy,35599,Gurgaon,14616,First Owner,3,100,Bajaj
Apache RTR,60000,Faridabad,838,First Owner,3,160,TVS
Discover,43000,Hyderabad,13500,First Owner,5,125,Bajaj
Apache RTR,47000,Faridabad,24000,Second Owner,4,180,TVS
Standard,110000,Delhi,27000,First Owner,5,350,Royal Enfield
YZF-R15 2.0,73000,Gurgaon,13175,Second Owner,5,150,Yamaha
Pulsar RS200,86300,Gurgaon,18500,First Owner,5,200,Bajaj
Pulsar 200 NS,45000,Gurgaon,27700,First Owner,7,200,Bajaj
X-Blade,81300,Chennai,8331,First Owner,3,160,Honda
Pulsar,73000,Delhi,2055,First Owner,3,180,Bajaj
Duke,135000,Patna,4549,First Owner,2,125,KTM
Apache RTR,55000,Gurgaon,20363,First Owner,4,180,TVS
Apache RTR,36000,Gurgaon,35688,First Owner,6,180,TVS
Pulsar AS150,41000,Gurgaon,5095,First Owner,5,150,Bajaj
RC,140000,Mumbai,6000,First Owner,2,125,KTM
Gixxer SF,65000,Mumbai,27700,First Owner,5,150,Suzuki
CD Deluxe,19500,Jaipur,10000,First Owner,14,100,Hero
Avenger,38000,Mumbai,40000,First Owner,6,220,Bajaj
Pulsar,24000,Mumbai,59944,First Owner,8,180,Bajaj
Discover,14900,Alipore,99890,First Owner,17,125,Bajaj
Pulsar 135LS,22000,Gurgaon,38000,First Owner,10,135,Bajaj
‎ Bullet,95000,Bangalore,50000,Third Owner,43,350,Royal Enfield
Classic Gunmetal Grey,132000,Tikamgarh,6100,First Owner,3,350,Royal Enfield
‎ Bullet,135000,Hyderabad,85000,First Owner,43,350,Royal Enfield
CB Hornet 160R CBS,45297,Mumbai,55268,First Owner,5,160,Honda
Classic-Redditch Edition,137000,Sultanpur,8400,First Owner,2,350,Royal Enfield
CT 100,15000,Jaipur,48000,First Owner,17,100,Bajaj
Splendor Pro,20000,Faridabad,19420,First Owner,10,100,Hero
Pulsar,18800,Faridabad,46555,First Owner,10,180,Bajaj
SZR,19000,Faridabad,22617,First Owner,9,150,Yamaha
Platina  Alloy ES-,35000,Jaipur,10181,First Owner,4,100,Bajaj
RC,165000,Bangalore,10000,First Owner,4,200,KTM
Karizma ZMR,51000,Mumbai,23564,First Owner,8,223,Hero
Classic,85000,Howrah,10000,Second Owner,9,500,Royal Enfield
CD Deluxe,26000,Delhi,15099,First Owner,9,100,Hero
Passion Pro,27000,Delhi,11237,First Owner,9,100,Hero
Gixxer SF SP Rear Disc,52500,Delhi,24487,First Owner,4,150,Suzuki
CB Unicorn,13000,Gurgaon,32641,First Owner,13,150,Honda
Duke,155000,Tirunelveli,7500,First Owner,4,200,KTM
Machismo,56000,Delhi,47000,First Owner,16,350,Royal Enfield
Xtreme Sports,65000,Pune,4500,First Owner,5,149,Hero
Iron 883,482000,Lucknow,7500,First Owner,6,883,Harley-Davidson
Thunderbird,95000,Delhi,9392,Fourth Owner Or More,6,350,Royal Enfield
Super Splendor,35000,Faridabad,12669,First Owner,4,125,Hero
Apache RTR 160 4V Carburetor,65000,Faridabad,7421,First Owner,3,160,TVS
Splendor iSmart,28000,Ahmedabad,32914,First Owner,5,100,Hero
Passion Pro,23000,Ahmedabad,62433,Second Owner,7,100,Hero
Passion Pro,23000,Faridabad,16286,First Owner,9,100,Hero
Pulsar 135LS,29000,Faridabad,29189,First Owner,4,135,Bajaj
Discover,18000,Ahmedabad,50732,First Owner,10,125,Bajaj
Thruxton R,1000000,Delhi,1500,First Owner,4,1200,Triumph
Avenger Street 150,50000,Lucknow,42149,First Owner,4,150,Bajaj
Himalayan,120000,Jaipur,14290,First Owner,5,410,Royal Enfield
Apache RTR,45000,Bangalore,26500,Second Owner,7,180,TVS
YZF-R15,50000,Meerut,38000,First Owner,12,150,Yamaha
FZs,30000,Noida,34500,Second Owner,7,150,Yamaha
CD 110 Dream DX,45000,Ahmedabad,16106,First Owner,3,110,Honda
Splendor Plus,28000,Faridabad,17942,First Owner,6,100,Hero
Electra,90000,Bihar Shariff,2000,First Owner,4,350,Royal Enfield
S 1000 XR Pro,1500000,Delhi,18000,First Owner,4,1000,BMW
YZF-R15 2.0,69000,Lucknow,25000,First Owner,9,150,Yamaha
Platina,21000,Gurgaon,20386,First Owner,9,100,Bajaj
Avenger Cruise 220,51000,Pune,18791,First Owner,6,220,Bajaj
CB ShineSP Disc,51000,Delhi,17261,First Owner,3,125,Honda
Apache RTR,40500,Gurgaon,39125,First Owner,6,180,TVS
Karizma R,16900,Delhi,30000,Second Owner,13,223,Hero
Duke,79990,Chennai,60000,First Owner,8,200,KTM
Karizma R,23000,Raipur,67000,First Owner,13,223,Hero
CT 100,27000,Ludhiana,23000,First Owner,3,100,Bajaj
Pulsar RS200 ABS,79000,Bhubaneshwar,32000,First Owner,6,200,Bajaj
Discover,26200,Delhi,29000,First Owner,10,125,Bajaj
CBF Stunner,18000,Chandigarh,19687,First Owner,10,125,Honda
HF Deluxe Eco,55000,Gurgaon,2309,First Owner,2,100,Hero
RC,128700,Hyderabad,11300,First Owner,5,200,KTM
V15,50000,Bangalore,7500,First Owner,3,150,Bajaj
XCD 125,13000,Goa-panaji,44000,First Owner,13,125,Bajaj
FZs,26000,Ghaziabad,27454,First Owner,9,150,Yamaha
Classic,130000,Bangalore,13000,First Owner,4,350,Royal Enfield
CB Unicorn,35000,Chennai,37000,First Owner,9,150,Honda
Apache RTR ABS,44000,Delhi,36000,First Owner,6,180,TVS
Star City,15000,Ghaziabad,28757,First Owner,13,110,TVS
Karizma R,20000,Ghaziabad,46007,First Owner,13,223,Hero
Avenger,32000,Hyderabad,11278,First Owner,11,220,Bajaj
Discover,24000,Ghaziabad,18085,First Owner,7,125,Bajaj
Discover 100M,20500,Ghaziabad,47057,First Owner,9,100,Bajaj
Platina,19000,Ghaziabad,74594,First Owner,11,100,Bajaj
Avenger,33969,Mumbai,33075,Second Owner,8,220,Bajaj
Discover 125M,25000,Mumbai,6500,Second Owner,7,125,Bajaj
Dominar 400 ABS,106080,Mumbai,4633,First Owner,4,400,Bajaj
Classic Chrome,120000,Bangalore,48000,Second Owner,8,500,Royal Enfield
Passion Xpro,39000,Faridabad,12457,First Owner,3,110,Hero
CT 100 Alloy,28000,Faridabad,13290,First Owner,4,100,Bajaj
Thunderbird,110000,Bangalore,14201,First Owner,5,350,Royal Enfield
FZ25,90000,Lucknow,8800,First Owner,3,250,Yamaha
Livo,32000,Meerut,10005,First Owner,5,110,Honda
Classic,120000,Faridabad,11000,First Owner,3,350,Royal Enfield
Himalayan,120000,Bangalore,33360,First Owner,5,410,Royal Enfield
Apache RTR,54000,Ghaziabad,18454,First Owner,4,160,TVS
Passion Plus,19000,Gurgaon,49826,First Owner,13,100,Hero
Platina  Alloy ES-,30000,Ghaziabad,33907,First Owner,4,100,Bajaj
FZ25,80000,Mumbai,23000,First Owner,4,250,Yamaha
CBZ Xtreme,12000,Ahmedabad,45000,First Owner,12,150,Hero
CB Twister,22000,Bangalore,65585,First Owner,11,110,Honda
FZs,22000,Delhi,30378,First Owner,9,150,Yamaha
Pulsar,25000,Noida,31634,First Owner,8,150,Bajaj
CBR 250R,100000,Hyderabad,28000,First Owner,5,250,Honda
YZF-R15,47000,Delhi,12643,Second Owner,9,150,Yamaha
Apache RTR,36000,Bangalore,21905,First Owner,9,160,TVS
Bullet Twinspark,110000,Bangalore,24000,First Owner,7,500,Royal Enfield
Apache RTR 160 4V DISC ABS,94000,Ahmedabad,893,First Owner,2,160,TVS
Hayabusa,850000,Delhi,13223,First Owner,12,1300,Suzuki
Honda Splendor Plus,21000,Gurgaon,20000,First Owner,9,100,Hero
Duke,125000,Noida,24451,First Owner,3,200,KTM
CB Unicorn,35000,Ghaziabad,38195,First Owner,7,150,Honda
Centuro,18700,Gurgaon,34409,First Owner,7,110,Mahindra
CB ShineSP CBS,60000,Bhatinda,68,First Owner,3,125,Honda
Passion Pro,32000,Faridabad,18080,First Owner,5,100,Hero
Super Splendor,25000,Gurgaon,68717,First Owner,9,125,Hero
Platina,23000,Gurgaon,44002,First Owner,5,100,Bajaj
Splendor iSmart,35000,Gurgaon,27877,First Owner,4,110,Hero
Avenger,55000,Pune,12500,First Owner,6,220,Bajaj
Pulsar 135LS,19000,Delhi,17272,First Owner,8,135,Bajaj
Bullet,170000,Delhi,8015,First Owner,2,500,Royal Enfield
Splendor Plus,12000,Gurgaon,67569,First Owner,13,100,Hero
Ignitor,26000,Gurgaon,32145,First Owner,5,125,Hero
Ignitor,22000,Gurgaon,38755,First Owner,8,125,Hero
Pulsar,39000,Gurgaon,29330,First Owner,6,180,Bajaj
Classic Desert Storm Dual Disc,239000,Mumbai,1264,First Owner,2,500,Royal Enfield
Discover,32000,Gurgaon,38327,First Owner,4,125,Bajaj
CT 100,30000,Gurgaon,12696,First Owner,4,100,Bajaj
CB Shine,51000,Mumbai,20683,First Owner,5,125,Honda
Bullet Electra Twinspark,135000,Indore,23000,First Owner,3,350,Royal Enfield
Pulsar 135LS,32000,Jaipur,19510,First Owner,9,135,Bajaj
Street Triple ABS,650000,Mumbai,16000,First Owner,4,675,Triumph
RC ABS,190000,Mumbai,2500,First Owner,2,200,KTM
Continental GT,161300,Pune,17000,First Owner,5,535,Royal Enfield
Duke ABS,190000,Delhi,2600,First Owner,2,250,KTM
HF Deluxe,18000,Faridabad,13290,First Owner,9,100,Hero
Pulsar,32000,Delhi,23553,Second Owner,6,150,Bajaj
CT110 ES Alloy,48000,Bangalore,1850,First Owner,2,110,Bajaj
Pulsar,25000,Faridabad,90393,First Owner,10,180,Bajaj
Glamour,16000,Faridabad,13551,First Owner,13,125,Hero
Discover,17000,Faridabad,32997,First Owner,11,100,Bajaj
YZF-R15,57000,Tiruvallur,28000,First Owner,7,150,Yamaha
CT 100,33000,Faridabad,12992,First Owner,3,100,Bajaj
Star City,9000,Delhi,72302,First Owner,15,110,TVS
V15,36000,Bangalore,6652,First Owner,4,150,Bajaj
YZF-R15 2.0,51715,Delhi,13191,Second Owner,8,150,Yamaha
Classic,120000,Gandhinagar,39000,First Owner,6,350,Royal Enfield
Avenger,75000,Bangalore,8600,First Owner,4,220,Bajaj
Avenger,70000,Bangalore,15000,First Owner,5,220,Bajaj
Himalayan,107000,Sibsagar,14000,First Owner,5,410,Royal Enfield
CB Trigger,42000,Ahmedabad,59589,First Owner,6,150,Honda
CBF Stunner,18000,Gwalior,50000,First Owner,10,125,Honda
CD Deluxe,22000,Faridabad,14978,First Owner,9,100,Hero
Passion Pro,29500,Vadodara,19000,First Owner,8,100,Hero
Apache RTR 160 4V FI,90000,Delhi,12131,First Owner,3,160,TVS
Platina  Alloy ES-,32000,Faridabad,34859,First Owner,3,100,Bajaj
CT 100 ES Alloy,32000,Faridabad,12000,First Owner,2,100,Bajaj
V15,30000,Delhi,26701,First Owner,5,150,Bajaj
RC,200000,Surat,167,First Owner,2,390,KTM
Bonneville T100,640000,Delhi,7500,Second Owner,4,900,Triumph
Gixxer,50000,Bangalore,43900,First Owner,7,150,Suzuki
Super Splendor,38000,Delhi,12500,First Owner,4,125,Hero
Avenger,52000,Ghaziabad,11226,First Owner,5,220,Bajaj
Passion Pro,37000,Bangalore,18067,First Owner,7,100,Hero
Pulsar,20000,Pune,30000,First Owner,14,150,Bajaj
Bullet Twinspark,120000,Bangalore,23500,First Owner,6,500,Royal Enfield
Passion Xpro,24000,Jaipur,18300,First Owner,9,110,Hero
Pulsar,31000,Ahmedabad,30000,Second Owner,7,150,Bajaj
V15,33000,Delhi,27836,First Owner,4,150,Bajaj
Pulsar,31500,Bangalore,80353,Second Owner,10,220,Bajaj
Platina,19000,Ghaziabad,48754,First Owner,9,100,Bajaj
V15,35000,Ghaziabad,15071,First Owner,4,150,Bajaj
CB Hornet 160R Special Edition STD,70000,Bangalore,38000,First Owner,4,160,Honda
CBF Stunner,15000,Ghaziabad,7900,First Owner,12,125,Honda
Avenger Street 150,43000,Faridabad,9430,First Owner,5,150,Bajaj
YZF-R15 2.0,45000,Gurgaon,15910,First Owner,7,150,Yamaha
RC,170000,Durgapur,8000,First Owner,5,390,KTM
Avenger,32000,Bangalore,35000,First Owner,10,220,Bajaj
Avenger Street 220,45000,Bangalore,39000,First Owner,5,220,Bajaj
Avenger,42400,Bangalore,23000,First Owner,7,220,Bajaj
Gixxer SF Fi ABS,70000,Noida,9000,First Owner,3,150,Suzuki
Pulsar AS200,66700,Noida,5000,First Owner,5,200,Bajaj
Thunderbird X ABS,160000,Delhi,1189,First Owner,2,350,Royal Enfield
RC,145000,Bangalore,23085,First Owner,7,390,KTM
Discover,24000,Mumbai,39000,First Owner,10,150,Bajaj
Bullet Electra,100000,Mumbai,100000,First Owner,19,350,Royal Enfield
Duke,120000,Pune,26400,First Owner,8,390,KTM
Gixxer SF Fi ABS,95000,Mumbai,5493,First Owner,2,150,Suzuki
Intruder,66000,Ghaziabad,17545,First Owner,3,150,Suzuki
Avenger,47000,Faridabad,16000,First Owner,5,220,Bajaj
Apache RTR,26000,Ghaziabad,51875,First Owner,9,160,TVS
Avenger Street 160 ABS,85000,Mumbai,7000,First Owner,2,160,Bajaj
Glamour,18000,Delhi,79000,First Owner,11,125,Hero
Pulsar NS200,35000,Faridabad,34000,First Owner,9,200,Bajaj
Apache RTR White Race Edition Rear Disc,82000,Bangalore,52198,First Owner,2,160,TVS
RC,170000,Durgapur,14500,First Owner,4,390,KTM
CB Unicorn,55000,Nashik,27200,First Owner,11,150,Honda
CT 100,19400,Dhanbad,50000,First Owner,5,100,Bajaj
Bullet,82000,Bangalore,11766,First Owner,8,350,Royal Enfield
Pulsar,50000,Mumbai,9500,First Owner,7,220,Bajaj
CB Unicorn 160 CBS,57000,Mumbai,18374,Second Owner,5,160,Honda
Passion Pro,34000,Ludhiana,19000,First Owner,7,100,Hero
YZF-R15,100000,Bangalore,10784,Second Owner,5,150,Yamaha
Discover 125ST,23000,Ghaziabad,51000,First Owner,8,125,Bajaj
CB Shine,23000,Jaipur,22310,First Owner,11,125,Honda
Classic Desert Storm,130000,Bangalore,16000,First Owner,6,500,Royal Enfield
Classic Desert Storm,200000,Bangalore,10000,First Owner,4,500,Royal Enfield
Monster 797,750000,Gurgaon,1550,First Owner,2,797,Ducati
Pulsar,15000,Meerut,52000,First Owner,15,180,Bajaj
Pulsar,18000,Delhi,27391,First Owner,9,180,Bajaj
Pulsar,16000,Chennai,18002,First Owner,15,150,Bajaj
Pulsar,28000,Ghaziabad,22047,First Owner,7,180,Bajaj
Classic,90000,Delhi,6465,First Owner,9,350,Royal Enfield
Duke,115100,Mumbai,15184,First Owner,5,390,KTM
Duke,110147,Mumbai,13193,First Owner,5,390,KTM
Duke,130000,Mumbai,27000,First Owner,6,390,KTM
Pulsar RS200 ABS,95000,Chennai,3500,First Owner,6,200,Bajaj
Splendor,23300,Gurgaon,52000,First Owner,15,100,Hero
CB Unicorn,19000,Gurgaon,2872,First Owner,9,150,Honda
Splendor iSmart,35100,Jhansi,15000,First Owner,5,110,Hero
CBR 250R ABS,150000,Gurgaon,10956,First Owner,3,250,Honda
Glamour,24500,Faridabad,17874,First Owner,6,125,Hero
Discover 150F,28000,Gurgaon,31634,First Owner,6,150,Bajaj
Discover 150F,30000,Mumbai,22000,First Owner,6,150,Bajaj
Discover 150F Disc,27000,Mumbai,6042,First Owner,5,150,Bajaj
Discover 150F,26200,Gurgaon,17000,First Owner,6,150,Bajaj
Thunderbird,75500,Ghaziabad,25212,First Owner,6,350,Royal Enfield
Pulsar RS200 ABS,110000,Hyderabad,4831,First Owner,3,200,Bajaj
Star City Plus,28000,Ghaziabad,21171,First Owner,5,110,TVS
Splendor Plus,42000,Ghaziabad,12737,First Owner,4,100,Hero
Apache RTR,34500,Ghaziabad,13219,First Owner,9,160,TVS
Discover,17900,Ghaziabad,23719,First Owner,14,135,Bajaj
Splendor iSmart,34000,Ghaziabad,13820,First Owner,7,100,Hero
FZ S V 2.0 Rear Disc,90000,Pune,10000,First Owner,3,150,Yamaha
FZs,45000,Chennai,33000,First Owner,9,150,Yamaha
302R,320000,Pune,8000,First Owner,3,302,Benelli
Bullet Electra,80000,Bangalore,24000,First Owner,12,350,Royal Enfield
Himalayan Sleet Edition,200000,Bangalore,8094,First Owner,3,410,Royal Enfield
Pulsar,50000,Mumbai,6150,First Owner,3,150,Bajaj
Pulsar RS200 ABS,70000,Chennai,17187,First Owner,5,200,Bajaj
Bullet,84000,Ahmedabad,39301,First Owner,5,350,Royal Enfield
Classic Gunmetal Grey,140000,Kanchipuram,7300,First Owner,3,350,Royal Enfield
Hunk,29000,Lucknow,67987,Second Owner,5,150,Hero
HF Deluxe,23000,Faridabad,14244,First Owner,7,100,Hero
RC,96000,Mumbai,25000,First Owner,7,390,KTM
Honda Splendor Plus,24000,Gurgaon,20000,First Owner,9,100,Hero
Pulsar,51000,Thane,9200,First Owner,5,180,Bajaj
Avenger Cruise 220,89700,Kolkata,918,First Owner,4,220,Bajaj
RC,135000,Mumbai,5000,First Owner,2,125,KTM
Passion Pro,23000,Mumbai,38499,Second Owner,11,100,Hero
Pulsar,12000,Bangalore,38000,First Owner,15,180,Bajaj
Discover,25500,Delhi,19000,First Owner,8,100,Bajaj
Thunderbird,110000,Ganganagar,9000,First Owner,7,500,Royal Enfield
Pulsar,65000,Ahmedabad,30000,First Owner,9,220,Bajaj
YZF-R15,73000,Kolar,11000,First Owner,7,150,Yamaha
Pulsar RS200,90000,Jalandhar,16000,Second Owner,6,200,Bajaj
Classic Chrome,165000,Coimbatore,19500,First Owner,6,500,Royal Enfield
V15,60000,Delhi,4000,First Owner,4,150,Bajaj
Splendor+,20000,Bahadurpur,25000,First Owner,7,100,Hero
Avenger Street 150,67000,Delhi,30000,First Owner,5,150,Bajaj
FZ25,115000,Batala,3195,First Owner,4,250,Yamaha
CD Deluxe,19000,Budhlada,18000,Second Owner,9,100,Hero
Classic,107900,Delhi,9767,First Owner,7,350,Royal Enfield
Thunderbird,115000,Bangalore,9100,First Owner,8,350,Royal Enfield
Avenger,41245,Hyderabad,55000,First Owner,9,220,Bajaj
Classic,97100,Delhi,15000,First Owner,8,350,Royal Enfield
Pulsar RS200 ABS,105000,Mumbai,15000,First Owner,6,200,Bajaj
Pulsar RS200 ABS,125000,Pune,11500,First Owner,4,200,Bajaj
Fazer,45000,Haldwani,8800,First Owner,11,150,Yamaha
Karizma R,21800,Delhi,8000,First Owner,14,223,Hero
Passion Pro,29000,Delhi,12972,First Owner,7,100,Hero
Splendor iSmart,34000,Delhi,14494,First Owner,6,110,Hero
Splendor Plus IBS i3S,56000,Delhi,1745,First Owner,2,100,Hero
TNT 25,155000,Bangalore,7800,First Owner,5,250,Benelli
Classic,125000,Chennai,20000,First Owner,5,500,Royal Enfield
Splendor Pro,26500,Faridabad,17857,First Owner,6,100,Hero
Pulsar,10500,Ranga Reddy,60000,First Owner,13,150,Bajaj
Splendor Pro,19000,Gurgaon,13723,Second Owner,10,100,Hero
Thunderbird,115000,Ghaziabad,12288,First Owner,3,350,Royal Enfield
Avenger,65000,Navi Mumbai,27500,First Owner,5,220,Bajaj
Thunderbird,100000,Bangalore,15428,First Owner,6,350,Royal Enfield
Centuro,21400,Delhi,27000,First Owner,6,110,Mahindra
Avenger Cruise 220,89000,Jaipur,10000,First Owner,3,220,Bajaj
Classic,89000,Ranga Reddy,39000,First Owner,7,350,Royal Enfield
Pulsar RS200 ABS,88000,Ahmedabad,7150,First Owner,5,200,Bajaj
Avenger Street 220,48000,Mumbai,28081,Second Owner,6,220,Bajaj
Fazer,40000,Thane,48000,First Owner,7,150,Yamaha
Gixxer SF Rear Disc,60000,Mumbai,12919,First Owner,5,150,Suzuki
FZ,30000,Mumbai,27411,First Owner,12,150,Yamaha
Avenger Street 220,50000,Faridabad,10500,First Owner,5,220,Bajaj
RC,148000,Mumbai,19750,First Owner,5,390,KTM
CB Hornet 160R CBS,87000,Pune,7113,First Owner,3,160,Honda
V15,40000,Bangalore,31000,Second Owner,4,150,Bajaj
CB Twister,17000,Ghaziabad,36849,First Owner,10,110,Honda
CBR 250R,100000,Navi Mumbai,36000,First Owner,8,250,Honda
Discover 125ST,30000,Ghaziabad,13223,First Owner,8,125,Bajaj
Classic,105000,Bangalore,29000,First Owner,7,350,Royal Enfield
Pulsar,12000,Surat,25000,First Owner,13,150,Bajaj
Standard,85000,Mumbai,8000,First Owner,7,350,Royal Enfield
CB Trigger,39700,Visakhapatnam,58000,First Owner,8,150,Honda
Mojo,124000,Delhi,14407,First Owner,5,300,Mahindra
Classic,120000,Faridabad,14354,First Owner,3,350,Royal Enfield
HF Deluxe,33000,Faridabad,19365,First Owner,4,100,Hero
Classic Dual Disc,120000,Jaipur,21000,First Owner,4,350,Royal Enfield
Apache RTR 160 4V Carburetor With Rear Disc,85000,Mumbai,6821,First Owner,2,160,TVS
Pulsar,38000,Lucknow,32800,First Owner,7,150,Bajaj
Intruder,75400,Hyderabad,11200,First Owner,3,150,Suzuki
Classic,115000,Ahmedabad,17000,First Owner,4,350,Royal Enfield
Classic Chrome,89000,Gandhinagar,29235,Second Owner,6,500,Royal Enfield
HF Deluxe Self,36000,Jaipur,24990,First Owner,4,100,Hero
CB Shine CBS,37000,Jaipur,22057,First Owner,5,125,Honda
Classic,125000,Delhi,33160,First Owner,3,350,Royal Enfield
Pulsar,50000,Surat,13098,First Owner,6,220,Bajaj
Pulsar 220F,39000,Surat,48000,First Owner,7,220,Bajaj
Pulsar,33000,Surat,30000,First Owner,5,150,Bajaj
Apache RTR,63823,Surat,28500,First Owner,5,180,TVS
Sport,32000,Faridabad,15820,First Owner,3,100,TVS
CD Deluxe,24000,Jaipur,20100,First Owner,10,100,Hero
Star City Plus,30000,Jaipur,27000,First Owner,6,110,TVS
Super Splendor,15000,Jaipur,52391,First Owner,15,125,Hero
Heat,8000,Gurgaon,44030,Second Owner,15,125,Suzuki
Discover 125ST,35000,Pune,47000,Second Owner,8,125,Bajaj
Thunderbird,149700,Indore,4000,First Owner,3,350,Royal Enfield
Dominar 400 ABS,100000,Delhi,20821,Second Owner,4,400,Bajaj
Avenger Cruise 220,80000,Bangalore,2985,First Owner,5,220,Bajaj
CB Hornet 160R  ABS STD,80000,Delhi,12025,First Owner,3,160,Honda
Avenger,27000,Mumbai,30633,Second Owner,10,220,Bajaj
Avenger,55000,Ahmedabad,29550,First Owner,6,220,Bajaj
Thunderbird,85000,Gurgaon,7504,Second Owner,7,500,Royal Enfield
Thunderbird,55000,Delhi,53000,First Owner,9,350,Royal Enfield
RC,188600,Pune,10838,First Owner,4,390,KTM
Pulsar AS200,44000,Ghaziabad,29000,Second Owner,6,200,Bajaj
Discover,18000,Muzaffarnagar,403833,First Owner,15,125,Bajaj
RC,135000,Gurgaon,32000,First Owner,7,390,KTM
Mojo,110000,Noida,30000,First Owner,5,300,Mahindra
Apache RTR 160 4V Disc,92000,Mumbai,14289,First Owner,2,160,TVS
RC,183000,Gurgaon,4866,First Owner,4,390,KTM
CB Twister,25000,Delhi,51848,First Owner,8,110,Honda
Splendor Plus,15000,Meerut,7500,Second Owner,12,100,Hero
Pulsar,25000,Delhi,14524,First Owner,10,180,Bajaj
Classic,135000,Jalandhar,8000,First Owner,4,350,Royal Enfield
Electra,89000,Adyar,28395,First Owner,10,350,Royal Enfield
Pulsar RS200 ABS,112500,Delhi,5300,First Owner,5,200,Bajaj
Avenger Street 150,68000,Thane,12642,First Owner,3,150,Bajaj
HF Deluxe,23000,Ahmedabad,61889,First Owner,7,100,Hero
Dominar 400 ABS,125000,Gurgaon,13192,First Owner,4,400,Bajaj
Thunderbird,140000,Pune,5740,First Owner,6,500,Royal Enfield
Pulsar 220F,68000,Mumbai,23511,First Owner,4,220,Bajaj
Fazer25,105000,Thrissur,14300,First Owner,3,250,Yamaha
Electra,70000,Delhi,38214,First Owner,10,350,Royal Enfield
CB Trigger,40000,Ghaziabad,40323,First Owner,7,150,Honda
Dominar 400 ABS,121000,Mumbai,9650,First Owner,4,400,Bajaj
Pulsar NS200,42000,Varanasi,33000,Second Owner,8,200,Bajaj
CBZ Xtreme,18000,Surat,24710,First Owner,11,150,Hero
Bullet,90000,Pondicherry,19500,First Owner,6,350,Royal Enfield
Pulsar RS200,104000,Delhi,12000,First Owner,5,200,Bajaj
Passion Plus,13000,Delhi,62517,First Owner,13,100,Hero
Classic Chrome,135000,Noida,11514,First Owner,3,500,Royal Enfield
Classic,98000,Noida,19398,First Owner,7,500,Royal Enfield
Pulsar RS200,115000,Thane,21500,First Owner,4,200,Bajaj
Pulsar,26000,Mumbai,80293,Second Owner,9,220,Bajaj
V15,55000,Bangalore,6500,First Owner,4,150,Bajaj
Pulsar NS160 Rear Disc,81100,Mumbai,12400,First Owner,3,160,Bajaj
Pulsar,17000,Delhi,51411,First Owner,11,150,Bajaj
Mojo,140000,Delhi,6000,Second Owner,4,300,Mahindra
302R,310000,Chennai,11000,First Owner,4,302,Benelli
Avenger Street 220,47000,Sonipat,31500,First Owner,5,220,Bajaj
Apache RTR,36000,Chennai,24234,First Owner,7,160,TVS
Dominar 400,165000,Calicut,8300,First Owner,3,400,Bajaj
Pulsar 200 NS,58000,Karnal,52500,First Owner,6,200,Bajaj
CB Hornet 160R,78000,Chakan,2200,First Owner,4,160,Honda
FZs,65000,Mumbai,216000,First Owner,8,150,Yamaha
Pulsar,74000,Bangalore,24000,First Owner,5,220,Bajaj
Discover 125M,36000,Bangalore,9200,First Owner,6,125,Bajaj
CB Trigger,36000,24 Pargana,24000,Second Owner,7,150,Honda
Gixxer,45000,Delhi,18000,Second Owner,5,150,Suzuki
Victor,17500,Bhopal,32849,First Owner,18,110,TVS
Pulsar 135LS,18000,Delhi,25000,First Owner,11,135,Bajaj
Passion Pro,43000,Delhi,10224,First Owner,5,100,Hero
Pulsar,58000,Delhi,28435,First Owner,6,220,Bajaj
Splendor iSmart,35000,Karnal,10000,First Owner,5,100,Hero
CB Shine,38000,Raigarh,24533,First Owner,6,125,Honda
Pulsar 200 NS,62000,Gurgaon,25000,First Owner,6,200,Bajaj
RC,150000,Sonepat,3800,First Owner,5,200,KTM
Discover150,42000,Jaipur,8094,First Owner,6,150,Bajaj
Duke,135000,Chikkaballapur,8000,First Owner,5,200,KTM
Karizma R,52000,Kasba,8100,Second Owner,5,223,Hero
CBF Stunner,37900,Jaipur,26500,First Owner,6,125,Honda
Discover 100M,25000,Jaipur,25000,First Owner,9,100,Bajaj
RC,250000,Bulandshahr,3000,First Owner,4,390,KTM
Apache RTR 200 4V Carburetor,92000,Mumbai,4000,First Owner,4,200,TVS
Pulsar,42000,Jaipur,28100,First Owner,8,150,Bajaj
Thunderbird,125000,Bangalore,8300,First Owner,5,350,Royal Enfield
YZF-R15 2.0,82000,Bangalore,42000,First Owner,7,150,Yamaha
Duke,169100,Chennai,21800,First Owner,5,390,KTM
Himalayan,155000,Navi Mumbai,2000,First Owner,5,410,Royal Enfield
Sport,17000,Cuttack,32031,First Owner,11,100,TVS
Dream Yuga,31000,Mumbai,26000,First Owner,7,110,Honda
Passion Xpro,49500,Delhi,5000,First Owner,5,110,Hero
Platina,14500,Ahmedabad,39023,First Owner,14,100,Bajaj
Thunderbird,150000,Mumbai,4000,First Owner,5,500,Royal Enfield
Thunderbird,155551,Rajkot,3450,First Owner,4,350,Royal Enfield
Avenger Street 220,76000,Thane,7500,First Owner,5,220,Bajaj
SZ-RR,29700,Chennai,39000,First Owner,8,150,Yamaha
Bullet Electra,112200,Bangalore,40,First Owner,7,350,Royal Enfield
Discover 125T,29000,Delhi,21000,First Owner,7,125,Bajaj
Thunderbird,63499,Gurgaon,18000,First Owner,11,350,Royal Enfield
RC,135000,Faridabad,14357,First Owner,6,200,KTM
Discover 100M,25999,Delhi,17000,First Owner,7,100,Bajaj
Passion Pro,52000,Delhi,3200,First Owner,4,100,Hero
Pulsar 200 NS,53100,Delhi,30000,First Owner,7,200,Bajaj
Classic,145000,Kottayam,18000,First Owner,4,350,Royal Enfield
Bullet Electra Twinspark,105600,Burdwan,9700,First Owner,7,350,Royal Enfield
Splendor iSmart,50200,Chhatarpur,13500,First Owner,4,110,Hero
Classic,137300,Dharwad,15200,First Owner,5,350,Royal Enfield
Discover 125M,34200,Anjar,25000,First Owner,6,125,Bajaj
Avenger,52000,Jaipur,19400,First Owner,7,220,Bajaj
Pulsar,18158,Gurgaon,44000,First Owner,13,180,Bajaj
Apache RTR,79450,Durg,3500,First Owner,4,160,TVS
Avenger Street 220,75000,Hyderabad,11800,First Owner,5,220,Bajaj
SZR,32000,Patiala,20000,First Owner,9,150,Yamaha
Avenger,56500,Delhi,20000,First Owner,6,220,Bajaj
CBZ Xtreme,36000,Chennai,26700,First Owner,10,150,Hero
YZF-R15 2.0,65000,Hooghly,26000,First Owner,9,150,Yamaha
Bullet Electra,100000,Hyderabad,18973,First Owner,7,350,Royal Enfield
Gixxer SF,40000,Delhi,45426,First Owner,6,150,Suzuki
RC ABS,200000,Marandahalli,5600,First Owner,2,200,KTM
Discover,18000,Ludhiana,37230,First Owner,12,100,Bajaj
Xtreme Sports,48500,Delhi,26008,First Owner,4,150,Hero
Passion Xpro,28000,Khalilabad,52800,First Owner,8,110,Hero
Aquila GV250,190000,Kanpur,9560,First Owner,4,250,Hyosung
YZF-R15,65000,Delhi,15048,Second Owner,8,150,Yamaha
V12,34000,Delhi,23722,First Owner,4,125,Bajaj
V15,37000,Delhi,9581,First Owner,5,150,Bajaj
Pulsar,30000,Delhi,36000,First Owner,11,150,Bajaj
Pulsar RS200 ABS,120000,Bangalore,9236,First Owner,4,200,Bajaj
Pulsar,30000,Badaun,50000,First Owner,6,150,Bajaj
Passion Pro,25000,Ghaziabad,41055,First Owner,10,100,Hero
Pulsar RS200 ABS,92000,Namakkal,26500,First Owner,5,200,Bajaj
Avenger Street 220,70000,Faridabad,11052,First Owner,3,220,Bajaj
FZs,47000,Dakshina Kannada,35000,First Owner,6,150,Yamaha
Apache RTR,48000,Delhi,64831,First Owner,5,180,TVS
Avenger,35300,Vadodara,40000,First Owner,8,220,Bajaj
Dominar 400,100000,Puri,25000,First Owner,4,400,Bajaj
Dominar 400,140000,Mumbai,9019,First Owner,3,400,Bajaj
FZ S V 2.0,41500,Mumbai,12986,Second Owner,7,150,Yamaha
Aquila GV250,139000,Kolhapur,22000,First Owner,7,250,Hyosung
Duke,125000,Navi Mumbai,51600,First Owner,6,390,KTM
YZF-R15 2.0,60000,Pune,16984,First Owner,7,150,Yamaha
Thunderbird,117000,Guwahati,13600,First Owner,3,350,Royal Enfield
Passion Pro i3S Alloy,36500,Delhi,17400,First Owner,3,100,Hero
Pulsar RS200,110000,Delhi,28000,First Owner,3,200,Bajaj
Pulsar 220F,56000,Noida,20012,First Owner,4,220,Bajaj
Classic,95000,Mumbai,12107,First Owner,5,350,Royal Enfield
Classic Desert Storm,108900,Mumbai,25660,First Owner,9,500,Royal Enfield
RC,165000,Sonepat,484,First Owner,3,200,KTM
Apache RTR 200 4V Carburetor Race Edition 2.0,75000,Gurgaon,20000,First Owner,3,200,TVS
Classic,85000,Delhi,32000,First Owner,7,350,Royal Enfield
Pulsar 135LS,17000,Mumbai,69234,First Owner,11,135,Bajaj
Ninja,250000,Thane,9400,First Owner,6,300,Kawasaki
FZ25,86000,Hyderabad,12398,First Owner,3,250,Yamaha
Victor Disc,32000,Ghaziabad,33142,First Owner,5,110,TVS
Pulsar,15000,Chennai,68000,First Owner,16,150,Bajaj
Splendor Plus Self Alloy,32000,Faridabad,15948,First Owner,4,100,Hero
Splendor Plus,35000,Faridabad,11197,First Owner,3,100,Hero
Classic Desert Storm,145000,Bangalore,14717,First Owner,4,500,Royal Enfield
Pulsar NS200,43100,Delhi,28000,First Owner,9,200,Bajaj
CD Dawn,25000,Bhopal,58000,First Owner,8,100,Hero
Livo Disc,35000,Ahmedabad,32377,First Owner,5,110,Honda
Pulsar Classic,47800,Delhi,18000,First Owner,3,150,Bajaj
Pulsar,11000,Bangalore,58000,Fourth Owner Or More,14,150,Bajaj
HF Deluxe,35000,Jaipur,22230,First Owner,6,100,Hero
Classic,126000,Rajkot,6000,First Owner,4,350,Royal Enfield
Passion Xpro,24000,Ahmedabad,35838,First Owner,6,110,Hero
FZ V 2.0,41000,Alwar,7737,First Owner,5,150,Yamaha
Discover,20000,Delhi,26896,First Owner,9,125,Bajaj
CB Trigger,48300,Noida,3100,First Owner,7,150,Honda
Avenger,47000,Satara,45000,Second Owner,7,220,Bajaj
Passion Pro,23000,Delhi,18114,First Owner,7,100,Hero
Discover 100M,25000,Delhi,56675,First Owner,7,100,Bajaj
Fazer,16500,Gurgaon,56113,First Owner,11,150,Yamaha
Bullet,65800,Kharar,45000,First Owner,13,350,Royal Enfield
GT250R,225000,Thane,9007,First Owner,5,250,Hyosung
Bullet Electra,109000,Delhi,27721,First Owner,7,350,Royal Enfield
FZ S V 3.0,92100,Delhi,4446,First Owner,2,150,Yamaha
CBZ Xtreme,40000,Surendranagar,29000,First Owner,5,150,Hero
Classic,90000,Mumbai,27922,First Owner,6,350,Royal Enfield
Aquila GV250,170000,Bhubaneshwar,19000,First Owner,5,250,Hyosung
Intruder,83000,Bangalore,9090,First Owner,4,150,Suzuki
Dominar 400 ABS,133600,Indore,5666,First Owner,4,400,Bajaj
Classic,113900,Ghaziabad,19500,First Owner,5,350,Royal Enfield
Thunderbird,63400,Bangalore,50000,First Owner,11,350,Royal Enfield
Duke,155000,Ahmedabad,8790,First Owner,4,250,KTM
Saluto,29000,Delhi,26076,First Owner,6,125,Yamaha
Passion XPRO,32000,Jaipur,26090,First Owner,7,110,Hero
CBR 250R ABS,68100,Noida,26500,First Owner,9,250,Honda
Classic,100000,Gurgaon,8942,First Owner,7,350,Royal Enfield
Pulsar,51000,Kolkata,70000,First Owner,5,150,Bajaj
Thunderbird,104600,Delhi,14000,First Owner,5,350,Royal Enfield
FZS FI Special Edition,84000,Bangalore,2110,First Owner,2,150,Yamaha
Dominar 400 ABS,150000,Gurgaon,9500,First Owner,3,400,Bajaj
Super Splendor,26000,Delhi,23188,First Owner,8,125,Hero
Classic,125600,Delhi,16000,First Owner,4,350,Royal Enfield
V15,40000,Delhi,30500,First Owner,5,150,Bajaj
Pulsar RS200 ABS,80000,Ahmedabad,10647,First Owner,6,200,Bajaj
Avenger Street 220,49000,Mumbai,38470,First Owner,5,220,Bajaj
CBR 250R ABS,102000,Delhi,16631,Second Owner,7,250,Honda
Dream Neo,25000,Rohtak,50000,First Owner,6,110,Honda
Pulsar,10000,Alibag,33520,First Owner,16,150,Bajaj
Flame,10000,Sonepat,30800,First Owner,12,125,TVS
Gixxer SF SP Rear Disc,80600,Hyderabad,4800,First Owner,4,150,Suzuki
Pulsar,20000,Delhi,38210,First Owner,10,180,Bajaj
Passion Pro,25000,Bangalore,45878,First Owner,11,100,Hero
V15,59000,Bangalore,12362,First Owner,4,150,Bajaj
Karizma ZMR,55000,Unnao,13000,First Owner,8,223,Hero
Thunderbird,175000,Mumbai,4500,First Owner,4,350,Royal Enfield
Himalayan,142000,Pondicherry,26000,First Owner,5,410,Royal Enfield
Duke,136000,Gurgaon,5738,First Owner,3,200,KTM
CB Twister,37500,Ghaziabad,15426,First Owner,6,110,Honda
Splendor iSmart,49500,Ghaziabad,10623,First Owner,4,110,Hero
Thunderbird,120000,Noida,13500,First Owner,5,350,Royal Enfield
Pulsar 220F,48000,Jaipur,43003,First Owner,9,220,Bajaj
Classic,105000,Khandela,22000,First Owner,5,350,Royal Enfield
RC,126000,Howrah,9000,First Owner,4,200,KTM
Classic Desert Storm,127000,Kullu,32000,First Owner,5,500,Royal Enfield
YZF-R15 2.0,90000,Bangalore,6772,First Owner,7,150,Yamaha
YZF-R15,55000,Ahmedabad,40958,Second Owner,10,150,Yamaha
Gixxer SP Rear Disc,80000,Pune,6000,First Owner,4,150,Suzuki
Gixxer,40000,Burdwan,8975,First Owner,7,150,Suzuki
Avenger Street 150,67000,Mumbai,3600,First Owner,5,150,Bajaj
Gixxer SP Rear Disc,88000,Bangalore,720,First Owner,4,150,Suzuki
Classic,135000,Pune,11767,First Owner,5,350,Royal Enfield
Pulsar AS200,66800,Mohammadabad,8000,First Owner,5,200,Bajaj
Bullet Electra,97500,Bangalore,25000,First Owner,8,350,Royal Enfield
Avenger,60000,Sangareddy,34000,First Owner,7,220,Bajaj
Avenger Street 220,65200,Bangalore,12000,First Owner,6,220,Bajaj
CBF Stunner,35000,Hissar,22000,First Owner,6,125,Honda
V15,38000,Lucknow,7708,First Owner,4,150,Bajaj
CBF Stunner,13000,Mumbai,64323,First Owner,11,125,Honda
Himalayan,119000,Ahmedabad,9000,Second Owner,5,410,Royal Enfield
Bullet Electra,65000,Delhi,30000,First Owner,11,350,Royal Enfield
Himalayan Sleet Edition,165000,Hyderabad,22876,First Owner,3,410,Royal Enfield
Classic Stealth Black,170000,Mumbai,26000,First Owner,3,500,Royal Enfield
Fiero,12000,Pune,36000,First Owner,18,150,TVS
Classic,100000,Delhi,13869,Second Owner,5,350,Royal Enfield
Fazer25,80000,Delhi,22000,First Owner,3,250,Yamaha
Classic,160000,Ghazipur,14000,First Owner,6,500,Royal Enfield
Duke,75000,Chinsurah,13000,First Owner,5,200,KTM
FZ V 2.0,50000,Thiruvallur,30000,First Owner,4,150,Yamaha
Mojo XT300,149292,Hyderabad,17564,First Owner,2,300,Mahindra
YZF-R15 2.0,56000,Lucknow,29339,Third Owner,6,150,Yamaha
Street 750,345000,Jaipur,10619,First Owner,6,750,Harley-Davidson
Duke,112600,Thane,21000,First Owner,4,200,KTM
Thunderbird,75000,Mumbai,55000,First Owner,6,350,Royal Enfield
FZ25,121000,Bangalore,18000,First Owner,4,250,Yamaha
Pulsar NS160,70000,Delhi,16880,Second Owner,2,160,Bajaj
Thunderbird,62000,Bangalore,56000,Second Owner,10,350,Royal Enfield
Discover,20000,Bangalore,42000,Second Owner,14,135,Bajaj
Bullet Electra,95000,Delhi,16932,First Owner,7,350,Royal Enfield
Street 750,382000,Jaipur,10000,First Owner,7,750,Harley-Davidson
Avenger,28000,Noida,40000,Second Owner,11,220,Bajaj
Machismo,70000,Delhi,21000,First Owner,12,350,Royal Enfield
Glamour,20999,Bangalore,75000,First Owner,14,125,Hero
Pulsar,40000,Delhi,38700,First Owner,9,220,Bajaj
Pulsar,55200,Shimla,11000,First Owner,4,150,Bajaj
Pulsar NS160 Rear Disc,72300,Delhi,4727,First Owner,3,160,Bajaj
Thunderbird,78500,Hyderabad,20500,First Owner,8,350,Royal Enfield
CB Hornet 160R CBS,65000,Krishna,27000,First Owner,3,160,Honda
CB Trigger,37000,Pune,11701,First Owner,8,150,Honda
Splendor Plus,45000,Delhi,18000,First Owner,3,100,Hero
Thunderbird,100000,Ghaziabad,26000,First Owner,6,350,Royal Enfield
Discover 125T,16900,Adalaj,19300,First Owner,8,125,Bajaj
YZF-R15 2.0,54000,Azamgarh,40000,Third Owner,8,150,Yamaha
Avenger Cruise 220,80000,Noida,13600,First Owner,4,220,Bajaj
Dream Yuga,20333,Ahmedabad,35000,First Owner,8,110,Honda
Apache RTR,42000,Delhi,30862,First Owner,5,180,TVS
CB Trigger,47400,Kolkata,13000,First Owner,8,150,Honda
Thunderbird,100000,Noida,47313,First Owner,9,350,Royal Enfield
Classic Desert Storm,138000,Bhatinda,5457,First Owner,5,500,Royal Enfield
Thunderbird,80000,Faridabad,17000,Second Owner,9,350,Royal Enfield
Glamour,25000,Cuttack,20000,First Owner,11,125,Hero
Avenger Street 150,59000,Gurgaon,16000,First Owner,5,150,Bajaj
Intruder,85000,Delhi,15891,First Owner,4,150,Suzuki
Classic Desert Storm,135000,Pune,17600,First Owner,7,500,Royal Enfield
V15,35000,Gurgaon,31006,First Owner,5,150,Bajaj
Classic,110000,Faridabad,7193,First Owner,4,350,Royal Enfield
Bullet Twinspark,90000,Faridabad,10195,First Owner,5,350,Royal Enfield
Bullet Twinspark,105000,Faridabad,8179,First Owner,3,350,Royal Enfield
CBR 150R,70000,Gurgaon,25000,First Owner,4,150,Honda
Platina,22000,Faridabad,19385,First Owner,6,100,Bajaj
V15,32000,Faridabad,12315,First Owner,5,150,Bajaj
CB Shine,35000,Faridabad,1909,First Owner,4,125,Honda
Apache RTR,20000,Faridabad,48782,First Owner,11,160,TVS
Classic Squadron Blue,130000,Delhi,22705,First Owner,5,500,Royal Enfield
Hunk,41000,Delhi,36000,First Owner,5,150,Hero
Splendor Plus,27000,Faridabad,20999,First Owner,8,100,Hero
FZ16,47000,Jaipur,18415,First Owner,8,150,Yamaha
CT 100,31000,Jaipur,23019,First Owner,4,100,Bajaj
Apache RTR,23000,Faridabad,16230,First Owner,9,160,TVS
CB Shine,37000,Jaipur,23691,First Owner,6,125,Honda
Platina,15000,Faridabad,19170,First Owner,11,100,Bajaj
Sport,22000,Faridabad,16592,First Owner,6,100,TVS
Platina  Alloy ES-,38000,Faridabad,11408,First Owner,3,100,Bajaj
Discover,33000,Faridabad,13478,First Owner,3,110,Bajaj
Splendor Plus Self Alloy,55000,Faridabad,4195,First Owner,2,100,Hero
Splendor Plus,22000,Faridabad,11381,First Owner,7,100,Hero
Avenger,45000,Delhi,15665,First Owner,7,220,Bajaj
Gixxer SF Special MOTOGP Edition Rear Disc,79999,Bangalore,9200,First Owner,3,150,Suzuki
Avenger Cruise 220,61700,Jaipur,21000,First Owner,4,220,Bajaj
Pulsar NS200,40000,Gurgaon,30711,Second Owner,9,200,Bajaj
Gixxer,40000,Delhi,32000,First Owner,6,150,Suzuki
HF Deluxe,32000,Faridabad,15898,First Owner,5,100,Hero
Splendor Plus,32000,Faridabad,25130,First Owner,5,100,Hero
HF Deluxe,32000,Faridabad,9338,First Owner,5,100,Hero
HF Deluxe,32000,Jaipur,25430,First Owner,7,100,Hero
Karizma R,32000,Gurgaon,36080,First Owner,11,223,Hero
HF Deluxe,32000,Faridabad,16271,First Owner,5,100,Hero
Apache RTR,51000,Jaipur,18314,First Owner,7,160,TVS
Apache RTR,50000,Ghaziabad,22932,Second Owner,9,160,TVS
Apache RTR,50000,Ghaziabad,18229,First Owner,5,160,TVS
Apache RTR,47000,Jaipur,26000,First Owner,8,160,TVS
Pulsar,38000,Bangalore,27350,First Owner,8,150,Bajaj
Avenger,38000,Ghaziabad,9370,First Owner,8,220,Bajaj
Platina Alloy ES,37000,Faridabad,17663,First Owner,3,100,Bajaj
Discover,36000,Faridabad,12000,First Owner,3,125,Bajaj
CT 100 ES Alloy,35000,Faridabad,33505,First Owner,3,100,Bajaj
Platina,35000,Jaipur,19374,First Owner,4,100,Bajaj
CT 100,34000,Faridabad,9660,First Owner,3,100,Bajaj
Pulsar,34000,Gurgaon,13000,First Owner,11,180,Bajaj
Pulsar,34000,Jaipur,18000,First Owner,8,150,Bajaj
Centuro,21000,Ghaziabad,22681,First Owner,8,110,Mahindra
Apache RTR,30000,Faridabad,28785,First Owner,10,160,TVS
Jive,29000,Pune,7000,First Owner,10,110,TVS
Star City,26500,Jaipur,2342,First Owner,9,110,TVS
RC,180000,Mumbai,2000,First Owner,2,200,KTM
Star City,26000,Jaipur,24000,First Owner,7,110,TVS
Sport,23000,Faridabad,26802,First Owner,8,100,TVS
HF Deluxe,38000,Faridabad,24956,First Owner,5,100,Hero
Passion Pro,38000,Jaipur,18945,First Owner,6,100,Hero
HF Deluxe,37000,Gurgaon,37880,First Owner,4,100,Hero
CB Shine,35000,Faridabad,22061,First Owner,4,125,Honda
CB Shine,35000,Ghaziabad,23298,First Owner,5,125,Honda
CB Shine,34000,Gurgaon,22430,First Owner,4,125,Honda
Splendor Plus,49000,Ghaziabad,16152,First Owner,3,100,Hero
Passion Pro i3S Alloy,49000,Chennai,5469,First Owner,3,100,Hero
Glamour,48000,Noida,15000,First Owner,3,125,Hero
Passion Xpro,46000,Faridabad,60078,First Owner,3,110,Hero
Splendor,45000,Jaipur,36344,First Owner,5,100,Hero
Star City Plus,31000,Ahmedabad,9000,First Owner,4,110,TVS
Gixxer,70000,Jaipur,28112,First Owner,4,150,Suzuki
FZs,19000,Faridabad,21878,First Owner,11,150,Yamaha
Pulsar,20000,Delhi,66386,First Owner,16,150,Bajaj
CT 100,33000,Faridabad,15127,First Owner,3,100,Bajaj
RC,155000,Bangalore,12900,First Owner,6,390,KTM
CB Unicorn,20000,Delhi,9100,First Owner,13,150,Honda
Livo,52000,Jaipur,12322,First Owner,2,110,Honda
Gixxer SF Rear Disc,60000,Bangalore,24000,First Owner,5,150,Suzuki
Platina,14000,Delhi,82289,First Owner,11,100,Bajaj
Discover,18000,Gurgaon,39363,First Owner,12,100,Bajaj
Xtreme 200R ABS,90000,Faridabad,1406,First Owner,2,200,Hero
Avenger,29000,Faridabad,20440,First Owner,11,220,Bajaj
Avenger Street 160 ABS,80000,Delhi,2700,First Owner,2,160,Bajaj
Discover,15000,Bhopal,11065,Second Owner,12,100,Bajaj
CB Shine,62000,Faridabad,2259,First Owner,2,125,Honda
CT 100 Alloy,23000,Faridabad,29530,First Owner,4,100,Bajaj
Discover,21000,Jaipur,18330,First Owner,10,135,Bajaj
Pulsar,32000,Faridabad,21588,First Owner,5,150,Bajaj
YZF-R15,45000,Faridabad,21580,First Owner,7,150,Yamaha
Pulsar,50000,Faridabad,18516,First Owner,3,150,Bajaj
Passion Pro,30000,Faridabad,21522,First Owner,5,100,Hero
Splendor Pro,19800,Faridabad,18100,First Owner,11,100,Hero
Standard,81300,Sri Ganganagar,25000,Second Owner,9,350,Royal Enfield
Pulsar AS200,50200,Chennai,10000,First Owner,5,200,Bajaj
Fazer,35000,Delhi,40271,First Owner,8,150,Yamaha
Pulsar,40000,Gurgaon,23800,First Owner,6,180,Bajaj
Pulsar,33000,Faridabad,10051,First Owner,5,150,Bajaj
Apache RTR,47000,Faridabad,7787,First Owner,4,160,TVS
Passion Pro,25000,Faridabad,16803,First Owner,6,100,Hero
YZF-R15,32000,Faridabad,33487,First Owner,13,150,Yamaha
Discover,39000,Raigarh(mh),6000,First Owner,3,110,Bajaj
Apache RTR,33000,Faridabad,18204,First Owner,6,160,TVS
Avenger,50000,Jaipur,18235,First Owner,5,220,Bajaj
Gixxer SF Fi ABS,90000,Delhi,15255,First Owner,3,150,Suzuki
CBF Stunner,35000,Kalyan,46000,First Owner,11,125,Honda
Passion Xpro,22000,Delhi,26083,First Owner,8,110,Hero
Pulsar 200 NS,43000,Delhi,11930,First Owner,7,200,Bajaj
FZs,28500,Faridabad,18748,First Owner,8,150,Yamaha
Livo,31000,Faridabad,16789,First Owner,5,110,Honda
CT 100,24000,Gurgaon,15780,First Owner,5,100,Bajaj
Platina,24000,Gurgaon,18710,First Owner,7,100,Bajaj
Discover,24000,Ghaziabad,35720,First Owner,9,125,Bajaj
CT 100,23000,Gurgaon,22173,First Owner,5,100,Bajaj
CT 100,23000,Faridabad,17904,First Owner,6,100,Bajaj
CT 100,23000,Faridabad,10597,First Owner,5,100,Bajaj
Discover 100M,22000,Ghaziabad,47853,First Owner,9,100,Bajaj
Pulsar,21000,Gurgaon,44770,First Owner,11,150,Bajaj
Discover,19000,Faridabad,36526,First Owner,9,125,Bajaj
Boxer AT100,18000,Ghaziabad,28709,First Owner,16,100,Bajaj
Platina,16000,Gurgaon,55000,First Owner,13,100,Bajaj
Discover,16000,Ghaziabad,32791,First Owner,12,100,Bajaj
Karizma R,31500,Mumbai,48568,Second Owner,10,223,Hero
Passion Xpro,31500,Jaipur,18652,First Owner,8,110,Hero
HF Deluxe,31000,Ghaziabad,17405,First Owner,6,100,Hero
CD Deluxe,30500,Jaipur,22598,First Owner,8,100,Hero
Splendor Plus,14000,Gurgaon,21999,First Owner,14,100,Hero
CD Dawn,12000,Ahmedabad,35000,First Owner,15,100,Hero
Pulsar 220F,48500,Delhi,28135,First Owner,7,220,Bajaj
Pulsar,44000,Delhi,42500,First Owner,7,220,Bajaj
Super Splendor,26000,Noida,17000,First Owner,11,125,Hero
Splendor Pro,26000,Faridabad,19617,First Owner,6,100,Hero
HF Deluxe,26000,Jaipur,13000,First Owner,10,100,Hero
Splendor Pro,26000,Faridabad,14882,First Owner,7,100,Hero
Splendor iSmart,27000,Gurgaon,25501,First Owner,6,100,Hero
HF Deluxe,27000,Gurgaon,17507,First Owner,7,100,Hero
Splendor Plus,27000,Delhi,20000,First Owner,7,100,Hero
HF Deluxe,29500,Faridabad,18197,First Owner,5,100,Hero
Passion,29000,Ghaziabad,20481,First Owner,15,100,Hero
CB Shine,57000,Delhi,1000,First Owner,3,125,Honda
Mojo,100000,Faridabad,21548,First Owner,5,300,Mahindra
Honda Splendor Plus,29500,Noida,18000,First Owner,10,100,Hero
Honda Splendor Plus,28000,Noida,13060,First Owner,10,100,Hero
Honda Splendor,26500,Jaipur,20385,First Owner,10,100,Hero
Honda Splendor Plus,23000,Jaipur,21332,First Owner,10,100,Hero
Honda Splendor Plus,21000,Faridabad,20859,First Owner,10,100,Hero
Honda Splendor Plus,20500,Faridabad,48412,First Owner,9,100,Hero
TNT 25,145000,Jaipur,19000,First Owner,5,250,Benelli
Pulsar,60000,Faridabad,10212,First Owner,3,150,Bajaj
Avenger,60000,Jaipur,17962,First Owner,5,220,Bajaj
Passion Pro,40000,Jaipur,20000,First Owner,4,100,Hero
CBF Stunner,22000,Ghaziabad,32600,First Owner,8,125,Honda
Splendor NXG,17000,Faridabad,13010,First Owner,10,100,Hero
Apache RTR 200 4V Carburetor,80000,Delhi,9895,First Owner,3,200,TVS
Discover 150S Disc,31600,Mumbai,50000,First Owner,6,150,Bajaj
YZF-R15,71600,Chenani,35000,Second Owner,6,150,Yamaha
Pulsar RS200 ABS,120000,Jalandhar,4000,First Owner,3,200,Bajaj
YZF-R15 2.0,115700,Chennai,2000,First Owner,4,150,Yamaha
Apache RTR 200 4V ABS Race Edition,85000,Delhi,3900,Second Owner,3,200,TVS
Pulsar,34000,Alwar,50000,Second Owner,7,150,Bajaj
Thunderbird,140000,Noida,12643,First Owner,5,500,Royal Enfield
Street 750,325000,Thane,4378,Second Owner,6,750,Harley-Davidson
CB Shine,30000,Kanpur Nagar,29508,First Owner,8,125,Honda
Gixxer,32000,Trivandrum,59500,Third Owner,5,150,Suzuki
CB Unicorn Dazzler,26500,Jhansi,25000,First Owner,9,150,Honda
HF Deluxe,42000,Jhansi,16000,First Owner,4,100,Hero
Splendor Plus,18900,Jhansi,35000,Second Owner,12,100,Hero
Classic Desert Storm,118000,Delhi,8000,First Owner,6,500,Royal Enfield
Passion Pro,24000,Delhi,18000,First Owner,8,100,Hero
Street 750,430000,Delhi,600,First Owner,5,750,Harley-Davidson
Pulsar,18000,Jhansi,22000,Second Owner,12,150,Bajaj
FZ V 2.0,40000,Bagalkot,41355,First Owner,7,150,Yamaha
CB Shine CBS,51000,Gurgaon,8972,First Owner,2,125,Honda
CBR 250R,70000,Thane,14550,First Owner,9,250,Honda
Duke,170000,Secunderabad,3000,First Owner,4,250,KTM
Hunk,30000,Mohali,66016,First Owner,9,150,Hero
Pulsar RS200 ABS,145400,Pune,1980,First Owner,2,200,Bajaj
Discover 125T,35000,Delhi,13330,First Owner,5,125,Bajaj
Apache RTR 160 4V Disc,65999,Delhi,9999,First Owner,3,160,TVS
Thunderbird,100500,Chennai,48000,First Owner,5,350,Royal Enfield
V15,39000,Gurgaon,8870,First Owner,4,150,Bajaj
HF Deluxe,27000,Faridabad,18661,First Owner,4,100,Hero
Avenger Cruise 220,71000,Ludhiana,2700,First Owner,3,220,Bajaj
Dream Yuga,28000,Ghaziabad,21605,First Owner,5,110,Honda
Dream Yuga,28000,Gurgaon,22444,First Owner,6,110,Honda
Dream Yuga,28000,Gurgaon,35719,First Owner,6,110,Honda
CB Shine,28000,Gurgaon,20776,First Owner,7,125,Honda
CB Shine,28000,Jaipur,24990,First Owner,8,125,Honda
CBF Stunner,26000,Pune,36250,First Owner,12,125,Honda
Passion Pro,55000,Jaipur,17000,First Owner,4,100,Hero
Splendor Plus Self Alloy,55000,Gurgaon,5238,First Owner,2,100,Hero
Pulsar,37000,Delhi,12500,First Owner,8,220,Bajaj
Fazer,33000,Ghaziabad,28422,First Owner,7,150,Yamaha
FZs,33000,Faridabad,15388,First Owner,7,150,Yamaha
FZ16,32000,Jalandhar,35000,First Owner,11,150,Yamaha
FZs,30000,Ghaziabad,23500,First Owner,9,150,Yamaha
SZR,28000,Jaipur,20555,First Owner,10,150,Yamaha
Bullet Twinspark,100000,Faridabad,18239,First Owner,6,350,Royal Enfield
Sport,33000,Jaipur,18677,First Owner,6,100,TVS
Dream Yuga,25500,Gurgaon,27272,First Owner,8,110,Honda
Karizma R,58000,Jaipur,20000,First Owner,5,223,Hero
Standard,66778,Delhi,33962,First Owner,10,350,Royal Enfield
Bullet Electra Twinspark,124000,Pune,23000,First Owner,5,350,Royal Enfield
RC,135000,Bhopal,15000,Second Owner,7,390,KTM
Pulsar,25000,Agra,22000,First Owner,13,180,Bajaj
Classic,130000,Ahmedabad,3700,First Owner,6,500,Royal Enfield
Classic,90000,Delhi,17900,First Owner,6,350,Royal Enfield
Bullet Electra,95000,Delhi,17553,Second Owner,6,350,Royal Enfield
Dream Yuga,30000,Jaipur,18516,First Owner,8,110,Honda
Livo,29700,Delhi,19500,First Owner,6,110,Honda
‎ Bullet,70100,Kurukshetra,35000,Second Owner,9,350,Royal Enfield
Bullet Twinspark,80000,Faridabad,10444,First Owner,6,350,Royal Enfield
Bullet Twinspark,92000,Faridabad,10043,First Owner,4,350,Royal Enfield
CD Deluxe,19000,Faridabad,16954,First Owner,9,100,Hero
Bullet Electra,71000,Faridabad,26379,First Owner,11,350,Royal Enfield
Classic,115000,Chennai,18500,First Owner,4,350,Royal Enfield
Duke,71000,Mumbai,14144,Second Owner,8,200,KTM
CB Unicorn 160 STD,45000,Bangalore,23910,First Owner,5,160,Honda
Classic Chrome,152500,Mumbai,4700,First Owner,4,500,Royal Enfield
Pulsar NS160 Rear Disc,70400,Delhi,8400,First Owner,3,160,Bajaj
Avenger Street 220,42500,Surat,9300,First Owner,5,220,Bajaj
Classic,110000,Ahmedabad,20844,First Owner,7,350,Royal Enfield
Bullet,107000,Pune,18443,First Owner,5,350,Royal Enfield
YZF-R15 S,113600,Howrah,6000,First Owner,4,150,Yamaha
Apache,23000,Ludhiana,12152,First Owner,11,150,TVS
Super Splendor,15244,Jaipur,40320,First Owner,15,125,Hero
FZs,30000,Hissar,18000,First Owner,7,150,Yamaha
Classic,75000,Chennai,24700,First Owner,8,500,Royal Enfield
Pulsar,32000,Ghaziabad,18880,First Owner,8,220,Bajaj
CB Unicorn,65000,Mumbai,4500,First Owner,4,150,Honda
YZF-R15 2.0,50000,Ahmedabad,28640,Second Owner,7,150,Yamaha
Pulsar 135LS,45000,Gorakhpur,33000,First Owner,7,135,Bajaj
FZ25,95000,Bangalore,7898,First Owner,4,250,Yamaha
Gixxer SF,50000,Mumbai,24336,First Owner,4,150,Suzuki
Classic,91161,Chandigarh,8800,First Owner,7,350,Royal Enfield
Pulsar,38000,Hyderabad,26000,First Owner,9,180,Bajaj
Thunderbird,75000,Navi Mumbai,23799,First Owner,15,350,Royal Enfield
RC,210000,Ranchi,1900,First Owner,2,390,KTM
Pulsar NS160,56000,Delhi,7974,First Owner,4,160,Bajaj
FZ S V 2.0,71000,Gurgaon,5340,First Owner,3,150,Yamaha
FZs,22500,Faridabad,40000,Second Owner,9,150,Yamaha
Thunderbird,94000,Noida,19869,First Owner,5,350,Royal Enfield
Thunderbird,102700,Noida,22000,First Owner,5,350,Royal Enfield
Thunderbird,107000,Navi Mumbai,27000,First Owner,5,350,Royal Enfield
GT250R,330000,Bangalore,4200,First Owner,3,250,Hyosung
SZR,23500,Faridabad,31374,First Owner,8,150,Yamaha
FZ S V 2.0-Ltd. Edition,62000,Kolkata,8010,First Owner,4,150,Yamaha
Radeon Drum SBT,38000,Delhi,21249,First Owner,3,110,TVS
Sport,18000,Ghaziabad,23650,First Owner,9,100,TVS
Pulsar 220F,55000,Chandigarh,12944,First Owner,7,220,Bajaj
Classic Desert Storm,105000,Chandigarh,20000,First Owner,8,500,Royal Enfield
RC,118000,Chandigarh,18331,First Owner,5,200,KTM
CT 100,26000,Chennai,15508,First Owner,6,100,Bajaj
Avenger,37000,Ahmedabad,30334,Fourth Owner Or More,7,220,Bajaj
Bullet Electra,48000,Gurgaon,52904,Second Owner,14,350,Royal Enfield
Avenger Cruise 220,53000,Jaipur,18200,First Owner,5,220,Bajaj
Classic,75000,Faridabad,30875,First Owner,7,350,Royal Enfield
Apache RTR 200 4V Carburetor,85000,Gurgaon,7500,First Owner,3,200,TVS
CD 110 Dream,23000,Gurgaon,14489,First Owner,4,110,Honda
Classic,160000,Thane,7299,First Owner,4,350,Royal Enfield
CD 110 Dream,34000,Gurgaon,18585,First Owner,6,110,Honda
Classic,135000,Chennai,7409,First Owner,4,500,Royal Enfield
CD 110 Dream Self,32000,Jaipur,25000,First Owner,5,110,Honda
Avenger Cruise 220,60000,Mumbai,20021,First Owner,5,220,Bajaj
Pulsar,40000,Kolkata,15000,First Owner,6,180,Bajaj
Duke,100000,Gurgaon,17600,First Owner,6,390,KTM
Duke,61000,Gurgaon,64284,First Owner,8,200,KTM
FZ V 2.0,69500,Delhi,9943,First Owner,2,150,Yamaha
Pulsar RS200,79000,Jaipur,18000,First Owner,5,200,Bajaj
FZs,55000,Gurgaon,4000,First Owner,4,150,Yamaha
Pulsar,18000,Kolkata,39303,First Owner,13,180,Bajaj
FZs,20500,Chennai,32000,First Owner,10,150,Yamaha
Dominar 400 ABS,120000,Bangalore,24200,First Owner,4,400,Bajaj
Gixxer SF,58690,Kolkata,20000,First Owner,5,150,Suzuki
Dominar 400 ABS,150000,Bangalore,11000,First Owner,4,400,Bajaj
Apache RTR,20000,Gurgaon,52487,First Owner,12,160,TVS
Splendor iSmart,25000,Gurgaon,23500,First Owner,6,110,Hero
CT 100,22000,Gurgaon,17799,First Owner,5,100,Bajaj
Discover,21000,Pune,57000,First Owner,10,125,Bajaj
Star Sport,15000,Dhariawad,35376,First Owner,11,100,TVS
Pulsar RS200,80900,Mumbai,19500,First Owner,6,200,Bajaj
Passion Pro,24000,Ahmedabad,26000,First Owner,8,100,Hero
Thunderbird,108000,Bangalore,29100,First Owner,6,350,Royal Enfield
RC,200000,Bangalore,14608,First Owner,3,200,KTM
Thunderbird,110000,Hyderabad,24815,First Owner,4,350,Royal Enfield
Passion Pro,31000,Delhi,12410,First Owner,7,100,Hero
CBR 150R Deluxe,95000,Bargarh,9293,First Owner,6,150,Honda
Duke,130000,Pune,6240,First Owner,5,200,KTM
Duke,120000,Mumbai,10000,First Owner,4,200,KTM
Duke,110000,Faridabad,13000,First Owner,4,200,KTM
Passion Pro,34000,Ghaziabad,39422,First Owner,6,100,Hero
Passion Pro,34000,Ghaziabad,18755,First Owner,5,100,Hero
HF Deluxe,34000,Jaipur,22011,First Owner,7,100,Hero
Classic,130000,Ludhiana,4932,First Owner,4,350,Royal Enfield
Passion Pro,25500,Jaipur,19000,First Owner,10,100,Hero
Gladiator,10005,Ahmedabad,32521,First Owner,13,125,Yamaha
Street 750,439000,Delhi,2472,First Owner,5,750,Harley-Davidson
Pulsar,32000,Delhi,41000,First Owner,7,150,Bajaj
HF Deluxe,32000,Gurgaon,12889,First Owner,5,100,Hero
Splendor Plus,32000,Faridabad,14604,First Owner,4,100,Hero
Splendor iSmart,31000,Gurgaon,15700,First Owner,4,110,Hero
FZ16,35000,Bangalore,53005,First Owner,7,150,Yamaha
CBR 150R,78000,Kanchipuram,27300,First Owner,6,150,Honda
V15,35000,Delhi,24635,First Owner,5,150,Bajaj
Avenger Street 150,43000,Delhi,27135,Second Owner,5,150,Bajaj
Avenger Street 150,49000,Delhi,29003,First Owner,4,150,Bajaj
Sport,25000,Faridabad,16208,First Owner,5,100,TVS
Sport,25000,Faridabad,17194,First Owner,4,100,TVS
Himalayan,159500,Bangalore,1000,First Owner,5,410,Royal Enfield
Saluto,21000,Faridabad,20195,First Owner,5,125,Yamaha
CB Shine,36000,Chandigarh,8500,Second Owner,5,125,Honda
Gixxer ABS,75000,Mumbai,2452,First Owner,3,150,Suzuki
TNT 300,192000,Mumbai,16000,First Owner,6,300,Benelli
YZF-R1,700000,Delhi,285,First Owner,3,1000,Yamaha
FZ16,31500,Bangalore,33000,Second Owner,11,150,Yamaha
Classic,83000,Kolkata,13800,Second Owner,7,350,Royal Enfield
Avenger Street 150,64000,Pune,20816,Second Owner,5,150,Bajaj
Thunderbird X,137000,Satara,7500,First Owner,3,350,Royal Enfield
Pulsar 200 NS,50000,Delhi,24419,First Owner,7,200,Bajaj
Gixxer SF SP Rear Disc,54500,Delhi,23833,First Owner,4,150,Suzuki
Super Splendor,45000,Gurgaon,16445,First Owner,3,125,Hero
Passion Xpro,43000,Jaipur,21000,First Owner,4,110,Hero
Splendor iSmart,43000,Jaipur,55000,First Owner,4,110,Hero
Star City,18000,Bangalore,49692,First Owner,13,110,TVS
V15,36700,Gurgaon,37861,First Owner,4,150,Bajaj
Apache RTR,62000,Krishna,18500,First Owner,4,160,TVS
YZF-R15,79000,Guwahati,22000,First Owner,7,150,Yamaha
Gixxer,55000,Mumbai,23000,First Owner,6,150,Suzuki
Passion Pro,35000,Faridabad,25063,First Owner,4,100,Hero
HF Deluxe,35000,Faridabad,20375,First Owner,6,100,Hero
Splendor Plus,33000,Jaipur,23873,First Owner,7,100,Hero
CD Deluxe,23000,Jaipur,20931,First Owner,11,100,Hero
Intruder,82000,Delhi,11000,First Owner,3,150,Suzuki
Gixxer,50000,Delhi,14000,First Owner,5,150,Suzuki
Himalayan,150000,Delhi,7555,First Owner,5,410,Royal Enfield
Splendor Pro,36500,Chennai,7086,First Owner,5,100,Hero
Splendor iSmart,36000,Jaipur,19253,First Owner,6,100,Hero
Ignitor,36000,Gurgaon,20494,First Owner,5,125,Hero
Ninja,166000,Gadarpur,5150,First Owner,7,300,Kawasaki
Dominar 400,147700,Ahmedabad,4600,First Owner,4,400,Bajaj
Apache RTR 200 4V Carburetor,85000,Delhi,4652,First Owner,4,200,TVS
Passion Plus,19000,Surat,43000,First Owner,13,100,Hero
Pulsar,32000,Jalandhar,70000,First Owner,10,180,Bajaj
Avenger,65000,Jalandhar,80000,First Owner,5,220,Bajaj
Pulsar,35000,Chikamaglur,60000,Second Owner,12,220,Bajaj
Pulsar RS200 ABS,100000,Bangalore,13829,First Owner,5,200,Bajaj
FZs,66000,Bangalore,23000,First Owner,5,150,Yamaha
Apache RTR 200 4V ABS Race Edition,110000,Hyderabad,6800,First Owner,3,200,TVS
Star City Plus,51000,Ahmedabad,12000,First Owner,2,110,TVS
Hayate EP,22950,Delhi,32494,Second Owner,3,110,Suzuki
Bullet Twinspark,130000,Bangalore,30000,First Owner,6,500,Royal Enfield
CB Unicorn,35000,Mysore,93000,First Owner,13,150,Honda
CT 100,11500,Tiruvallur,28000,First Owner,15,100,Bajaj
Passion Pro,39000,Nashik,1,Second Owner,10,100,Hero
Standard,110000,Karim Nagar,32000,First Owner,7,500,Royal Enfield
Aquila Pro GV650,326000,Bangalore,10194,First Owner,6,650,Hyosung
Thunderbird,100000,Kotdwar,10847,First Owner,7,350,Royal Enfield
HF Deluxe,35000,Faridabad,21165,First Owner,4,100,Hero
Passion Pro,33000,Gurgaon,22114,First Owner,7,100,Hero
Splendor Pro,33000,Ghaziabad,10000,First Owner,7,100,Hero
Passion Xpro,33000,Jaipur,19340,First Owner,7,110,Hero
HF Deluxe,33000,Faridabad,16270,First Owner,5,100,Hero
Splendor Pro,25000,Faridabad,13243,First Owner,6,100,Hero
Splendor Plus,25000,Faridabad,18792,First Owner,6,100,Hero
Passion Plus,25000,Jaipur,19682,First Owner,10,100,Hero
Ignitor,25000,Gurgaon,15206,First Owner,8,125,Hero
CD Deluxe,25000,Jaipur,21300,First Owner,10,100,Hero
FZs,83000,Jaipur,14000,First Owner,3,150,Yamaha
CD Deluxe,25000,Jaipur,32000,First Owner,9,100,Hero
Pulsar,50000,Jaipur,27342,First Owner,5,150,Bajaj
Pulsar,48000,Bangalore,45037,First Owner,6,180,Bajaj
Pulsar,47000,Jaipur,25876,First Owner,5,150,Bajaj
Pulsar,44000,Delhi,20644,First Owner,5,150,Bajaj
Pulsar,40000,Jaipur,48203,First Owner,5,150,Bajaj
Splendor Plus,22000,Faridabad,16207,First Owner,8,100,Hero
Pulsar AS150,59000,Delhi,11255,First Owner,5,150,Bajaj
CBF Stunner,20000,Gurgaon,18095,First Owner,9,125,Honda
HF Deluxe Eco,26000,Faridabad,18320,First Owner,5,100,Hero
FZS FI,62000,Gurgaon,24000,First Owner,5,150,Yamaha
Apache RTR,23000,Faridabad,22149,First Owner,8,160,TVS
Pulsar 135LS,21000,Sirsa,32000,First Owner,7,135,Bajaj
Pulsar RS200,70500,Bangalore,33212,First Owner,6,200,Bajaj
Karizma R,27000,Mumbai,19591,First Owner,8,223,Hero
Iron 883,560000,Delhi,12000,Second Owner,5,883,Harley-Davidson
CB ShineSP Disc,43000,Delhi,7880,First Owner,4,125,Honda
Street 750,350000,Hyderabad,26236,First Owner,6,750,Harley-Davidson
Apache RTR 200 4V Fi,62000,Delhi,14000,First Owner,5,200,TVS
HF Deluxe,24000,Jaipur,22654,First Owner,13,100,Hero
CD Deluxe,22000,Jaipur,20595,First Owner,12,100,Hero
CD Deluxe,16000,Faridabad,14914,First Owner,14,100,Hero
CD Dawn,16000,Faridabad,31327,First Owner,10,100,Hero
Splendor NXG,15000,Gurgaon,56800,First Owner,14,100,Hero
Pulsar,40000,Ludhiana,9200,First Owner,7,150,Bajaj
CB Shine,32000,Jaipur,31000,First Owner,7,125,Honda
Livo,31000,Delhi,15149,Second Owner,6,110,Honda
Continental GT,155000,Mumbai,17000,First Owner,5,535,Royal Enfield
Pulsar RS200 ABS,110000,Pune,9304,First Owner,4,200,Bajaj
V15,30000,Delhi,9581,First Owner,5,150,Bajaj
Discover 100M,19000,Faridabad,17565,First Owner,7,100,Bajaj
HF Deluxe Eco,38000,Faridabad,5511,First Owner,3,100,Hero
Discover,25800,Faridabad,13128,First Owner,5,100,Bajaj
HF Deluxe Eco,35500,Faridabad,11824,First Owner,3,100,Hero
Pulsar RS200 ABS,90000,Kanchipuram,19000,First Owner,5,200,Bajaj
Xtreme 200R,78000,Guwahati,15000,First Owner,3,200,Hero
CD Deluxe,30000,Jaipur,20917,First Owner,9,100,Hero
Splendor iSmart,30000,Faridabad,21917,First Owner,5,100,Hero
Platina,25000,Faridabad,17870,First Owner,7,100,Bajaj
Avenger Cruise 220,75000,Gurgaon,25483,First Owner,3,220,Bajaj
Splendor Plus,34000,Gurgaon,19318,First Owner,5,100,Hero
Dream Yuga,20000,Gurgaon,55562,First Owner,8,110,Honda
Classic,74000,Delhi,47518,First Owner,11,500,Royal Enfield
CD Deluxe,31000,Jaipur,20135,First Owner,10,100,Hero
Passion Pro,26000,Faridabad,28024,First Owner,7,100,Hero
Passion Pro,26000,Faridabad,19152,First Owner,8,100,Hero
Splendor Plus,34000,Faridabad,16306,First Owner,5,100,Hero
Thunderbird,76000,Faridabad,22749,First Owner,6,350,Royal Enfield
Passion Pro,32000,Faridabad,24720,First Owner,5,100,Hero
Discover 100T,18000,Alibag,22342,First Owner,7,100,Bajaj
Pulsar 135LS,30000,Bangalore,50000,Second Owner,8,135,Bajaj
Avenger Street 150,50000,Chandigarh,18000,First Owner,5,150,Bajaj
FZ25,90000,Jaipur,18100,First Owner,4,250,Yamaha
YZF-R15 2.0,65000,Jalaun,21000,First Owner,6,150,Yamaha
Classic Desert Storm,98100,Delhi,17000,First Owner,7,500,Royal Enfield
Discover,25000,Jalandhar,12000,First Owner,9,125,Bajaj
YZF-R15,52000,Faridabad,36226,First Owner,5,150,Yamaha
Pulsar,17000,Faridabad,30965,First Owner,11,150,Bajaj
CB Hornet 160R STD,75000,Pune,18000,First Owner,3,160,Honda
Discover,18500,Ghaziabad,23580,First Owner,12,135,Bajaj
CBZ Xtreme,20500,Ghaziabad,25280,Second Owner,10,150,Hero
Passion Pro,39500,Gurgaon,14243,First Owner,6,100,Hero
HF Deluxe,39000,Jaipur,21534,First Owner,5,100,Hero
HF Deluxe,39000,Jaipur,23000,First Owner,6,100,Hero
Hunk,20000,Gurgaon,35500,First Owner,10,150,Hero
Glamour,39000,Jaipur,20000,First Owner,4,125,Hero
Glamour,39000,Jaipur,21000,First Owner,7,125,Hero
Splendor Plus,20000,Faridabad,19440,First Owner,11,100,Hero
Splendor plus,39000,Delhi,13000,First Owner,4,100,Hero
Bullet Electra,68500,Siliguri,28200,Second Owner,16,350,Royal Enfield
Duke,170000,Delhi,13000,First Owner,3,390,KTM
Fazer,26000,Faridabad,10700,First Owner,12,150,Yamaha
SZX,22500,Jaipur,20632,First Owner,11,150,Yamaha
SZR,20000,Faridabad,35173,First Owner,9,150,Yamaha
SZR,18700,Faridabad,10546,First Owner,9,150,Yamaha
SZR,15000,Faridabad,13336,First Owner,10,150,Yamaha
Apache RTR 160 4V Carburetor,90000,Ghaziabad,2672,First Owner,2,160,TVS
Apache RTR,86000,Jaipur,12000,First Owner,3,180,TVS
Apache RTR 200 4V Fi,78000,Jaipur,23918,First Owner,5,200,TVS
Apache RTR 160 4V Disc,75000,Faridabad,5771,First Owner,3,160,TVS
Apache RTR,68000,Jaipur,11123,First Owner,5,160,TVS
Classic,115000,Faridabad,17318,First Owner,6,350,Royal Enfield
Bullet Twinspark,115000,Faridabad,8252,First Owner,3,350,Royal Enfield
Classic,110000,Mumbai,21000,First Owner,6,350,Royal Enfield
Glamour,28000,Ghaziabad,33632,First Owner,7,125,Hero
Splendor Plus,28000,Gurgaon,32827,First Owner,8,100,Hero
Splendor Plus,28000,Gurgaon,14651,First Owner,6,100,Hero
Passion Pro,28000,Gurgaon,32047,First Owner,7,100,Hero
Passion Pro,28000,Gurgaon,20000,First Owner,10,100,Hero
Passion Pro,28000,Ghaziabad,21477,First Owner,8,100,Hero
Discover,22000,Jaipur,22000,First Owner,9,135,Bajaj
Apache RTR 160 4V Carburetor,58000,Faridabad,11258,First Owner,3,160,TVS
Intruder,80000,Faridabad,1700,First Owner,3,150,Suzuki
Passion Pro,20000,Faridabad,20863,First Owner,10,100,Hero
Discover,19000,Faridabad,10887,First Owner,7,125,Bajaj
Passion Plus,15000,Faridabad,20634,First Owner,12,100,Hero
Passion Pro,54000,Delhi,3300,First Owner,3,100,Hero
Passion Pro i3S Alloy,52000,Delhi,2780,First Owner,3,100,Hero
Passion Pro,15500,Faridabad,18758,First Owner,11,100,Hero
Gixxer SP Rear Disc,75000,Kolkata,2500,First Owner,4,150,Suzuki
Avenger Street 150,60000,Mumbai,18800,First Owner,4,150,Bajaj
Thunderbird,110000,Bangalore,36883,First Owner,6,500,Royal Enfield
Bullet Twinspark,103000,Gurgaon,23705,First Owner,4,350,Royal Enfield
RC,157000,Ghaziabad,12400,First Owner,3,200,KTM
TNT 300,220000,Bardhaman,13000,Second Owner,5,300,Benelli
Platina 110 CBS,39500,Faridabad,14268,First Owner,2,110,Bajaj
Star City Plus,28000,Faridabad,18785,First Owner,4,110,TVS
Discover,13000,Gurgaon,35308,First Owner,14,125,Bajaj
V15,31000,Faridabad,24869,First Owner,5,150,Bajaj
YZF-R15,60000,Faridabad,12313,First Owner,7,150,Yamaha
CB Shine,33000,Jaipur,12552,First Owner,8,125,Honda
CB Shine,33000,Jaipur,22317,First Owner,8,125,Honda
CB Shine,38000,Ghaziabad,24029,First Owner,5,125,Honda
Classic,123000,Delhi,8600,First Owner,5,350,Royal Enfield
Classic,115000,Delhi,8536,First Owner,5,350,Royal Enfield
Splendor Plus,42000,Faridabad,11624,First Owner,3,100,Hero
Splendor Pro,42000,Jaipur,30000,First Owner,5,100,Hero
Splendor iSmart,42000,Delhi,11000,First Owner,4,110,Hero
Splendor Plus,40000,Gurgaon,20770,First Owner,5,100,Hero
HF Deluxe,40000,Gurgaon,33516,First Owner,4,100,Hero
Splendor Pro,40000,Jaipur,18000,First Owner,6,100,Hero
HF Deluxe,40000,Jaipur,14339,First Owner,5,100,Hero
HF Deluxe,40000,Faridabad,16123,First Owner,4,100,Hero
Classic,121000,Jaipur,20000,First Owner,4,350,Royal Enfield
Avenger Street 220,72700,Jaipur,14000,First Owner,5,220,Bajaj
CB Unicorn Dazzler,15000,Parola,40000,First Owner,11,150,Honda
FZ,20000,Gurgaon,25121,First Owner,11,150,Yamaha
Duke,78000,Mumbai,32484,First Owner,6,200,KTM
Duke,100000,Mumbai,9300,First Owner,8,390,KTM
Classic,97000,Delhi,38369,First Owner,6,350,Royal Enfield
CT 100,33000,Noida,15000,First Owner,5,100,Bajaj
Pulsar,31500,Dehradun,19000,First Owner,10,180,Bajaj
Apache RTR,19000,Ghaziabad,71359,Second Owner,13,160,TVS
Karizma R,29900,Bangalore,43000,Second Owner,11,223,Hero
Pulsar 135LS,20500,Bareilly,52000,First Owner,11,135,Bajaj
Thunderbird X,150000,Pune,2900,First Owner,3,350,Royal Enfield
Bullet Electra,105000,Bangalore,28000,First Owner,5,350,Royal Enfield
HF Deluxe Eco,41000,Faridabad,4544,First Owner,2,100,Hero
Hunk,20500,Gurgaon,50444,First Owner,10,150,Hero
Avenger Cruise 220,68000,Bangalore,18568,First Owner,5,220,Bajaj
Bullet Electra Twinspark,120000,Delhi,9219,First Owner,3,350,Royal Enfield
Discover 100M,21000,Faridabad,26238,First Owner,6,100,Bajaj
Apache RTR,18500,Faridabad,96142,First Owner,10,160,TVS
Splendor Plus,18000,Faridabad,17701,First Owner,11,100,Hero
Classic,92000,Faridabad,17426,First Owner,5,350,Royal Enfield
CB Unicorn 160,48900,Salem,24200,First Owner,6,160,Honda
FZS FI,77000,Pune,5700,First Owner,4,150,Yamaha
CBR 250R,115000,Bangalore,25468,First Owner,8,250,Honda
Bullet Electra,60300,Faridabad,100000,First Owner,14,350,Royal Enfield
Bullet,61000,Faridabad,11783,First Owner,14,350,Royal Enfield
Continental GT,155000,Delhi,9000,First Owner,6,535,Royal Enfield
FZ S V 2.0 Rear Disc,75000,Mumbai,16051,First Owner,3,150,Yamaha
Splendor iSmart,25000,Faridabad,14649,First Owner,6,100,Hero
CBR 250R ABS,60000,Mumbai,31509,Second Owner,10,250,Honda
Classic,72000,Ghaziabad,22687,Second Owner,8,350,Royal Enfield
CB Shine,32000,Bangalore,41759,First Owner,11,125,Honda
CB Hornet 160R STD,50400,Patiala,37500,First Owner,5,160,Honda
Thunderbird ABS,155000,Navi Mumbai,2900,First Owner,2,350,Royal Enfield
Classic Stealth Black,170000,Gurgaon,3334,First Owner,3,500,Royal Enfield
Apache RTR,36700,Mumbai,47000,First Owner,8,180,TVS
Avenger,48000,Mumbai,14600,Second Owner,6,220,Bajaj
Duke,124000,Chennai,10168,First Owner,5,390,KTM
Splendor Plus,16000,Faridabad,19285,First Owner,12,100,Hero
Classic,112000,Faridabad,12552,First Owner,3,350,Royal Enfield
Splendor Plus,17500,Faridabad,22002,First Owner,11,100,Hero
Avenger Street 180,64400,Delhi,12000,First Owner,3,180,Bajaj
Mojo,100000,Gurgaon,13154,First Owner,5,300,Mahindra
Discover,12000,Noida,70000,First Owner,16,125,Bajaj
Passion Pro,37000,Delhi,29000,First Owner,4,100,Hero
Pulsar 200 NS,65000,Chennai,32000,First Owner,7,200,Bajaj
Pulsar,48400,Chennai,14500,First Owner,4,150,Bajaj
Platina,21000,Faridabad,15705,First Owner,4,100,Bajaj
Bullet,90000,Delhi,50000,First Owner,12,350,Royal Enfield
FZ16,40000,Chennai,62000,First Owner,5,150,Yamaha
Apache RTR,40000,Faridabad,8241,First Owner,9,160,TVS
RC,154000,Ahmedabad,3749,First Owner,4,390,KTM
FZ16,26000,Bangalore,67527,First Owner,8,150,Yamaha
Duke,200000,Ahmedabad,25000,First Owner,4,390,KTM
RX135 4-Speed,35000,Pune,40000,Second Owner,24,135,Yamaha
Pulsar,24800,Ahmedabad,38000,First Owner,8,180,Bajaj
Bonneville T100,500000,Delhi,5600,Second Owner,6,865,Triumph
Classic Desert Storm,70000,Indi,28411,First Owner,7,500,Royal Enfield
CB Shine,25000,Jaipur,20322,First Owner,10,125,Honda
Apache RTR 200 4V Fi,65949,Hyderabad,25931,Second Owner,5,200,TVS
Discover,16000,Faridabad,14536,First Owner,7,125,Bajaj
TNT 25,120000,Bangalore,26000,Second Owner,5,250,Benelli
Classic,96000,Delhi,20755,First Owner,5,350,Royal Enfield
Livo Disc,47000,Thane,23467,First Owner,3,110,Honda
Pulsar,11000,Delhi,30502,First Owner,14,150,Bajaj
CT 100,25000,Faridabad,14319,First Owner,4,100,Bajaj
Sport,23000,Jaipur,28895,First Owner,8,100,TVS
Duke,83000,Pune,36083,First Owner,7,390,KTM
Splendor Pro,32000,Bangalore,41905,First Owner,7,100,Hero
YZF-R15 2.0,65300,Hyderabad,23235,First Owner,7,150,Yamaha
Classic,95000,Delhi,15080,First Owner,5,350,Royal Enfield
Discover 100M,19000,Faridabad,20089,First Owner,7,100,Bajaj
Discover,18000,Faridabad,15580,First Owner,7,100,Bajaj
CB Shine,24000,Faridabad,18294,First Owner,8,125,Honda
Platina,19000,Faridabad,15001,First Owner,8,100,Bajaj
Duke,171125,Bangalore,10000,First Owner,5,390,KTM
Classic,170000,Ambala,3100,First Owner,4,350,Royal Enfield
CT 100 Alloy,24000,Faridabad,6087,First Owner,4,100,Bajaj
Pulsar,20000,Delhi,62505,First Owner,8,150,Bajaj
Centuro,23000,Muzaffarpur,40000,First Owner,8,110,Mahindra
Pulsar 220F,31900,Bangalore,64000,First Owner,8,220,Bajaj
HF Deluxe,21000,Faridabad,23824,First Owner,8,100,Hero
CD 110 Dream,23000,Faridabad,15660,First Owner,6,110,Honda
Machismo,104100,Mumbai,35000,First Owner,11,500,Royal Enfield
Hunk,16000,Jaipur,78370,First Owner,10,150,Hero
Karizma R,14700,Ahmedabad,80000,Second Owner,14,223,Hero
Classic,90000,Jaipur,15437,First Owner,7,350,Royal Enfield
Splendor Plus,33000,Delhi,10000,First Owner,4,100,Hero
Splendor Plus,20000,Delhi,25000,Second Owner,11,100,Hero
CB Twister,24500,Ahmedabad,24182,First Owner,10,110,Honda
Pulsar 135LS,17000,Ahmedabad,59162,Third Owner,9,135,Bajaj
CBZ Star,22000,Pune,25000,First Owner,16,160,Hero
GT250R,260000,Bangalore,4459,First Owner,4,250,Hyosung
Splendor Plus,24000,Gurgaon,24593,First Owner,8,100,Hero
TNT 25,150000,Chennai,16000,First Owner,5,250,Benelli
Avenger Street 220,67474,Delhi,13000,First Owner,3,220,Bajaj
Thunderbird,140000,Delhi,8300,First Owner,4,500,Royal Enfield
Classic,117300,Mumbai,31000,First Owner,6,350,Royal Enfield
Classic,119200,Mumbai,12224,First Owner,4,350,Royal Enfield
Classic,89889,Chennai,3000,First Owner,11,350,Royal Enfield
RC,97000,Delhi,15449,First Owner,5,200,KTM
CT 100 B,21000,Gautam Buddha Nagar,13000,First Owner,4,100,Bajaj
Classic,90400,Thane,9300,First Owner,7,350,Royal Enfield
Pulsar,27000,Gurgaon,16500,First Owner,9,150,Bajaj
Classic,120000,Jind,10500,First Owner,5,350,Royal Enfield
CT 100,9000,Gandhinagar,73000,First Owner,17,100,Bajaj
CB Unicorn Dazzler,28950,Patna,27000,First Owner,10,150,Honda
Passion Pro,16500,Delhi,19276,First Owner,11,100,Hero
Avenger,52000,Bangalore,26329,First Owner,5,220,Bajaj
RC,194000,Bangalore,9000,First Owner,4,390,KTM
Discover,8000,Delhi,21493,First Owner,16,125,Bajaj
Street 750 ABS,500000,Delhi,200,First Owner,4,750,Harley-Davidson
Livo Disc,43999,Mumbai,9900,First Owner,5,110,Honda
Himalayan,105000,Noida,19829,First Owner,4,410,Royal Enfield
Aquila GV250,140000,Pune,27000,Third Owner,7,250,Hyosung
Passion PRO,16000,Delhi,22000,Second Owner,18,100,Hero
Dominar 400 ABS,130000,Bangalore,14000,Second Owner,4,400,Bajaj
Bullet Electra,41000,Noida,120000,First Owner,17,350,Royal Enfield
Bullet,90000,Delhi,27445,First Owner,5,350,Royal Enfield
CBR 150R,47000,Haldwani,44000,First Owner,8,150,Honda
Dream Yuga,25000,Ahmedabad,51917,First Owner,6,110,Honda
Duke,65000,Delhi,26545,First Owner,9,200,KTM
HF Deluxe,32000,Gurgaon,22221,First Owner,5,100,Hero
Hunk,21000,Delhi,32706,First Owner,10,150,Hero
Karizma R,32000,Hyderabad,27176,Second Owner,6,223,Hero
Avenger Street 220,50000,Bangalore,11067,First Owner,5,220,Bajaj
Passion Pro i3S Disc,41000,Delhi,20050,First Owner,4,100,Hero
Splendor Plus,20000,Sonepat,60000,First Owner,14,100,Hero
Thunderbird,73700,Chennai,18000,First Owner,9,350,Royal Enfield
Thunderbird,60000,Chennai,40000,First Owner,15,350,Royal Enfield
Apache RTR 200 4V ABS,104300,Nayagarh,25276,First Owner,3,200,TVS
Thunderbird,57000,Thane,4178,Second Owner,10,350,Royal Enfield
Thunderbird,75000,Bardhaman,22000,Third Owner,10,350,Royal Enfield
CB Trigger,40000,Kolkata,12222,First Owner,8,150,Honda
FZs,42000,Ghaziabad,12000,First Owner,7,150,Yamaha
RC,160000,Bangalore,11525,First Owner,4,200,KTM
Hunk,43000,Jalgaon,36000,First Owner,5,150,Hero
Pulsar,22000,Hyderabad,27400,First Owner,12,150,Bajaj
Star City,10000,Chennai,43000,First Owner,15,110,TVS
Classic,65500,Ahmedabad,7347,First Owner,10,350,Royal Enfield
Avenger,34000,Pune,40000,First Owner,11,200,Bajaj
FZ S V 2.0 Rear Disc,83000,Delhi,3810,First Owner,2,150,Yamaha
CBZ Xtreme,34000,Mumbai,25000,First Owner,9,150,Hero
CBZ Xtreme,21000,Hooghly,61249,First Owner,9,150,Hero
CBZ,21000,Faridabad,46019,First Owner,9,150,Hero
Classic,82001,Kolkata,11271,First Owner,9,350,Royal Enfield
Classic,69000,Kolkata,26530,First Owner,10,350,Royal Enfield
Passion Pro,23698,Panvel,48000,First Owner,10,100,Hero
Discover 150S Disc,20000,Gurgaon,22000,First Owner,6,150,Bajaj
Street 750,330000,Delhi,14000,Third Owner,6,750,Harley-Davidson
Passion Pro,30000,Ghaziabad,19546,First Owner,8,100,Hero
RC,111400,Ludhiana,13600,First Owner,6,390,KTM
Continental GT,95000,Delhi,5909,First Owner,7,535,Royal Enfield
RC,200000,Delhi,6500,First Owner,3,390,KTM
Duke,120000,Pune,40700,First Owner,6,390,KTM
RC,130000,Bangalore,8000,Third Owner,6,390,KTM
CBR 250R,75000,Delhi,41007,First Owner,8,250,Honda
TNT 25,110700,Bangalore,14600,Second Owner,5,250,Benelli
Discover,28000,Bangalore,23266,First Owner,9,150,Bajaj
Forty Two,146000,Bangalore,381,First Owner,2,295,Jawa
Thunderbird,69500,Ahmedabad,19927,First Owner,7,350,Royal Enfield
Pulsar,15000,Faridabad,47580,First Owner,11,150,Bajaj
CB Unicorn 160 CBS,50000,Hyderabad,20084,Second Owner,4,160,Honda
RC,160000,Hyderabad,18000,First Owner,3,200,KTM
Apache RTR 200 4V Carburetor,75000,Mumbai,27030,First Owner,4,200,TVS
Passion Pro,24000,Gurgaon,24500,First Owner,7,100,Hero
Splendor Plus,27000,Gurgaon,22493,First Owner,7,100,Hero
CB Twister,30000,Gurgaon,21000,First Owner,7,110,Honda
Street 750,350000,Jaipur,8600,First Owner,7,750,Harley-Davidson
CB Twister,18000,Delhi,7276,First Owner,8,110,Honda
Splendor iSmart,35000,Bangalore,30947,First Owner,4,110,Hero
Fazer,23500,Bangalore,27500,First Owner,11,150,Yamaha
SZR,25000,Bangalore,5000,First Owner,10,150,Yamaha
Hayabusa,950000,Delhi,21000,First Owner,8,1300,Suzuki
CT 100,9000,Delhi,50000,First Owner,16,100,Bajaj
Himalayan Fi ABS,172000,Hyderabad,3165,First Owner,2,410,Royal Enfield
GT250R,230000,Chennai,285,First Owner,5,250,Hyosung
Centuro,21500,Delhi,43500,First Owner,6,110,Mahindra
CB Trigger,56000,Jaipur,15131,First Owner,6,150,Honda
Passion Pro i3S Disc,52000,Delhi,4610,First Owner,3,100,Hero
Glamour,20000,Delhi,60000,First Owner,10,125,Hero
FZ V 2.0,46000,Alibag,50000,First Owner,4,150,Yamaha
YZF-R3,246800,Gurgaon,4500,First Owner,5,320,Yamaha
Pulsar 200 NS,46000,Tiruvallur,30500,First Owner,7,200,Bajaj
Classic,63000,Ludhiana,10613,First Owner,8,350,Royal Enfield
Honda Ambition,7500,Ahmedabad,100000,Second Owner,16,135,Hero
Pulsar,44000,Ghaziabad,13138,First Owner,4,150,Bajaj
Avenger Street 220,42000,Jaipur,58000,First Owner,5,220,Bajaj
Pulsar,54200,Ahmedabad,33750,First Owner,5,220,Bajaj
FZs,35000,Delhi,17325,First Owner,7,150,Yamaha
Standard,80000,Nagpur,45000,First Owner,18,350,Royal Enfield
Livo,53214,Jaipur,15492,First Owner,2,110,Honda
Passion Pro i3S Disc,40000,Delhi,29697,First Owner,4,100,Hero
Discover,18800,Ahmedabad,72000,First Owner,10,125,Bajaj
Gixxer,41000,Mumbai,38133,First Owner,5,150,Suzuki
Gixxer,37000,Delhi,24259,Second Owner,5,150,Suzuki
Apache RTR,31000,Ahmedabad,37594,Third Owner,6,160,TVS
Karizma R,17000,Dehradun,40155,Third Owner,14,223,Hero
Duke,140000,Hyderabad,37000,Second Owner,5,390,KTM
FZs,58000,Pune,14560,First Owner,7,150,Yamaha
Bullet,94038,Delhi,18871,First Owner,4,350,Royal Enfield
Classic,90000,Ambikapur,31600,First Owner,6,350,Royal Enfield
Bullet Electra,91804,Hyderabad,300965,First Owner,7,350,Royal Enfield
Classic,104700,Hyderabad,26000,First Owner,7,350,Royal Enfield
Classic,73000,Faridabad,31254,First Owner,6,350,Royal Enfield
Thunderbird,65000,Chennai,13441,Second Owner,8,350,Royal Enfield
Pulsar 200 NS,50000,Patna,33500,First Owner,7,200,Bajaj
YZF-R1,850000,Guwahati,285,First Owner,3,1000,Yamaha
FZs,52000,Faridabad,16229,First Owner,4,150,Yamaha
Pulsar,33000,Chennai,15557,First Owner,8,150,Bajaj
Classic,100000,Delhi,23090,First Owner,5,350,Royal Enfield
Ninja,329000,Delhi,3252,Second Owner,7,650,Kawasaki
HF Deluxe i3s,47800,Muzaffarpur,4800,First Owner,4,100,Hero
Apache RTR,30000,Dhanbad,40000,First Owner,13,160,TVS
Splendor iSmart,25000,Delhi,17799,First Owner,6,110,Hero
Gixxer,35000,Delhi,26796,First Owner,6,150,Suzuki
Standard,82000,Kolkata,15000,First Owner,6,500,Royal Enfield
CBZ Xtreme,20457,Kolkata,43000,Second Owner,8,150,Hero
Iron 883,550000,Delhi,20000,First Owner,6,883,Harley-Davidson
Pulsar,27000,Delhi,15000,First Owner,9,150,Bajaj
Apache RTR,22000,Salem,65000,First Owner,9,180,TVS
Pulsar 135LS,21300,Indore,45000,First Owner,11,135,Bajaj
Dominar 400 ABS,178300,Udupi,2100,First Owner,4,400,Bajaj
XCD 125,10000,Pune,50745,First Owner,12,125,Bajaj
Ninja,170000,Pune,3805,First Owner,7,300,Kawasaki
Classic Gunmetal Grey,140000,Bangalore,1121,First Owner,3,350,Royal Enfield
Duke,160000,Bangalore,8000,First Owner,4,250,KTM
Splendor Plus,30000,Delhi,28586,First Owner,5,100,Hero
RC,83000,Delhi,25933,Second Owner,6,200,KTM
Dominar 400 ABS,125000,Bangalore,27400,First Owner,4,400,Bajaj
CBR 250R,75000,Pune,36670,First Owner,9,250,Honda
FZ S V 2.0,44600,Mumbai,50000,First Owner,5,150,Yamaha
Fazer,32000,Gurgaon,8500,First Owner,9,150,Yamaha
Ninja,289000,Delhi,18000,Second Owner,7,650,Kawasaki
Splendor Plus,18000,Jodhpur,17989,First Owner,11,100,Hero
CT 100,35000,Kolkata,15000,First Owner,5,100,Bajaj
YZF-R15,30000,Delhi,27000,First Owner,12,150,Yamaha
ER-6n,280000,Pune,20785,First Owner,6,650,Kawasaki
Bullet,85000,Bangalore,11766,First Owner,8,350,Royal Enfield
Glamour,34000,Delhi,23188,First Owner,5,125,Hero
CBZ Xtreme,15000,Delhi,27599,First Owner,9,150,Hero
Jive,12000,Ghaziabad,14333,First Owner,10,110,TVS
Fazer,34000,Delhi,12580,First Owner,8,150,Yamaha
Discover 125M,18000,Delhi,67714,First Owner,7,125,Bajaj
Thruxton R,950000,Delhi,4600,First Owner,4,1200,Triumph
CT 100 KS Alloy,22000,Delhi,13496,First Owner,3,100,Bajaj
YZF-R15,40000,Bangalore,47486,Second Owner,11,150,Yamaha
Splendor,14500,Ahmedabad,78882,First Owner,18,100,Hero
Karizma R,49000,Junagadh,21000,First Owner,6,223,Hero
Dream Yuga,28000,Jaipur,23000,First Owner,10,110,Honda
Duke,263000,Delhi,1178,First Owner,2,390,KTM
CBR 250R,62000,Bangalore,40000,Second Owner,9,250,Honda
YZF-R15 2.0,65300,Bangalore,40000,First Owner,6,150,Yamaha
YZF-R15,39000,Bangalore,29570,Third Owner,12,150,Yamaha
YZF-R15 2.0,65000,Bangalore,27909,First Owner,7,150,Yamaha
HF Deluxe,38000,Jaipur,23497,First Owner,5,100,Hero
Pulsar,45000,Gorakhpur,21000,First Owner,4,150,Bajaj
Apache RTR,45000,Mumbai,25000,First Owner,5,160,TVS
FZ16,32600,Mumbai,23500,First Owner,7,150,Yamaha
Classic,119000,Pune,8699,First Owner,4,350,Royal Enfield
Classic,150000,Pune,4900,First Owner,4,350,Royal Enfield
CB Shine Disc,37500,Chennai,20192,First Owner,5,125,Honda
Passion Pro,17000,Chennai,33000,First Owner,11,100,Hero
Apache RTR 200 4V ABS Race Edition,95000,Pune,14000,First Owner,3,200,TVS
CT 100 ES Alloy,34500,Delhi,26383,First Owner,4,100,Bajaj
YZF-R15 S,75000,Hyderabad,48000,First Owner,5,150,Yamaha
Duke,140000,Hyderabad,9465,First Owner,4,250,KTM
Apache RTR,45000,Jaipur,20431,First Owner,7,160,TVS
Splendor Plus,36000,Jaipur,18988,First Owner,6,100,Hero
Classic-Redditch Edition,130000,Pune,5300,First Owner,3,350,Royal Enfield
Star Sport,11000,Gurgaon,52000,First Owner,14,100,TVS
HF Deluxe,22000,Gurgaon,18000,First Owner,8,100,Hero
Apache,23000,Bangalore,174638,First Owner,14,150,TVS
FZ,29000,Bangalore,35200,First Owner,11,150,Yamaha
Livo,46000,Bangalore,12974,First Owner,4,110,Honda
Fazer,35000,Bangalore,24000,First Owner,9,150,Yamaha
Pulsar,55000,Bangalore,19309,First Owner,5,150,Bajaj
FZ,44000,Bangalore,21460,First Owner,7,150,Yamaha
Star City,28000,Bangalore,25639,First Owner,9,110,TVS
Honda Splendor,24000,Bangalore,45238,First Owner,10,100,Hero
S 1000 RR Pro,1800000,Delhi,2600,First Owner,4,1000,BMW
Splendor Pro,24000,Delhi,36244,First Owner,7,100,Hero
Versys 1000,901000,Chennai,25000,First Owner,4,1000,Kawasaki
YZF-R15,47000,Hyderabad,59718,First Owner,10,150,Yamaha
YZF-R15,50000,Hyderabad,26408,First Owner,11,150,Yamaha
Splendor Plus,38500,Jaipur,22464,First Owner,5,100,Hero
RC,88900,Vadodara,21000,First Owner,7,200,KTM
Avenger,60000,Chennai,26132,First Owner,6,220,Bajaj
Platina,25200,Chennai,21000,First Owner,5,100,Bajaj
Bullet Twinspark,83000,Patna,25000,First Owner,6,350,Royal Enfield
Duke,75000,Kolkata,29000,First Owner,8,200,KTM
GT250R,287500,Bangalore,17500,First Owner,5,250,Hyosung
Pulsar,23500,Kanpur,43100,First Owner,11,150,Bajaj
RC,118000,Hyderabad,14000,First Owner,5,200,KTM
RC,130000,Hyderabad,17800,First Owner,5,200,KTM
Thunderbird,58000,Delhi,66650,Second Owner,9,350,Royal Enfield
Avenger,39500,Nagpur,24500,First Owner,12,200,Bajaj
Apache RTR ABS,59900,Jaipur,32000,First Owner,5,180,TVS
Splendor Plus,25000,Jaipur,24000,First Owner,11,100,Hero
CB Unicorn 150,24000,Indore,20000,First Owner,10,150,Honda
Pulsar,20000,Mumbai,53190,First Owner,10,180,Bajaj
Splendor Pro,24000,Delhi,21169,Second Owner,5,100,Hero
Classic Gunmetal Grey,130000,Pune,5123,First Owner,3,350,Royal Enfield
Avenger Street 220,75000,Kolkata,5500,First Owner,5,220,Bajaj
CB Unicorn,60000,Mumbai,10703,First Owner,4,150,Honda
Z800,615000,Hyderabad,17500,Third Owner,6,800,Kawasaki
CB Shine,27000,Jaipur,26000,First Owner,8,125,Honda
CB Shine,26000,Jaipur,18000,First Owner,7,125,Honda
Passion Xpro,30856,Aurangabad,26403,First Owner,7,110,Hero
Glamour PGM Fi,25000,Aurangabad,38000,First Owner,10,125,Hero
Diavel,1100000,Ghaziabad,2510,First Owner,3,1200,Ducati
Gixxer,35900,Delhi,15000,Second Owner,6,150,Suzuki
Pulsar,19000,Vellore,20090,Second Owner,10,150,Bajaj
Thunderbird,88400,Mumbai,22500,First Owner,6,350,Royal Enfield
Thunderbird,130000,Hyderabad,5900,First Owner,4,350,Royal Enfield
Continental GT,285000,Hyderabad,4500,First Owner,2,650,Royal Enfield
Thunderbird,165000,Visakhapatnam,5799,First Owner,4,350,Royal Enfield
Classic,60000,Kolkata,28000,First Owner,9,350,Royal Enfield
CB Unicorn,65000,Mumbai,20000,First Owner,4,150,Honda
Speed Triple,900000,Bangalore,8000,Second Owner,5,1050,Triumph
YZF-R15 2.0,46000,Mumbai,49994,First Owner,9,150,Yamaha
SZR,19000,Mumbai,17999,First Owner,9,150,Yamaha
Gladiator,9400,Ahmedabad,70000,Second Owner,12,125,Yamaha
FZ V 2.0,26000,Mumbai,34000,First Owner,8,150,Yamaha
Pulsar,6400,Delhi,100000,First Owner,18,150,Bajaj
Pulsar,6700,Delhi,81000,First Owner,17,150,Bajaj
FZ V 2.0,52800,Delhi,22000,First Owner,4,150,Yamaha
FZ V 2.0,54000,Delhi,5020,Second Owner,4,150,Yamaha
FZs,35000,Jaipur,18227,First Owner,9,150,Yamaha
CBZ Xtreme,9000,Delhi,62135,Second Owner,13,150,Hero
Monster 797,590000,Howrah,6985,First Owner,4,797,Ducati
Livo Disc,40000,Mumbai,24134,First Owner,4,110,Honda
Apache RTR,60000,Ghaziabad,14525,First Owner,3,160,TVS
Classic Squadron Blue,165000,Pune,11500,First Owner,4,500,Royal Enfield
CD 110 Dream,28400,Gandhinagar,18958,First Owner,5,110,Honda
Discover 150F,21000,Mumbai,50000,First Owner,7,150,Bajaj
Passion Pro,16000,Patna,35000,First Owner,12,100,Hero
Apache RTR,30000,Gurgaon,42175,First Owner,8,160,TVS
Classic,121400,Hyderabad,18500,First Owner,6,500,Royal Enfield
Thunderbird,110000,Hyderabad,23350,First Owner,7,500,Royal Enfield
CB Unicorn 160 STD,53000,Hyderabad,14432,First Owner,4,160,Honda
Star Sport,34000,Kolkata,5400,First Owner,5,100,TVS
Duke,200000,Jaipur,11700,First Owner,4,390,KTM
Super Splendor,25000,Jhansi,35000,First Owner,8,125,Hero
FZ16,38000,Chandigarh,12250,First Owner,10,150,Yamaha
RC,175000,Jaipur,10880,First Owner,4,390,KTM
Pulsar 220F,90000,Kanpur,2463,First Owner,3,220,Bajaj
Z800,550000,Delhi,18500,Third Owner,8,800,Kawasaki
Splendor Plus,27000,Gurgaon,61421,First Owner,8,100,Hero
Gixxer SF,50000,Mumbai,15600,First Owner,5,150,Suzuki
Avenger Street 220,66000,Bangalore,26592,First Owner,4,220,Bajaj
Street 750,486000,Ahmedabad,2600,First Owner,5,750,Harley-Davidson
YZF-R15 2.0,60000,Pune,52000,First Owner,8,150,Yamaha
Platina 110 CBS,55000,Ahmedabad,5200,First Owner,2,110,Bajaj
Freedom DX,4400,Godhara,55000,First Owner,16,110,LML
HF Deluxe,34000,Faridabad,21163,First Owner,4,100,Hero
XG750,450000,Ahmedabad,1000,First Owner,7,750,Harley-Davidson
Thunderbird,81000,Gurgaon,39865,First Owner,6,350,Royal Enfield
Duke,175000,Bangalore,34000,First Owner,4,390,KTM
Thunderbird,83000,Bangalore,49000,Second Owner,7,350,Royal Enfield
Splendor iSmart,25000,Gurgaon,12537,First Owner,6,100,Hero
Gixxer SF,40000,Chennai,52000,First Owner,5,150,Suzuki
Splendor Plus,35000,Faridabad,13328,First Owner,4,100,Hero
Pulsar NS200,54500,Dehradun,14000,First Owner,6,200,Bajaj
Platina,20700,Gurgaon,32340,First Owner,7,100,Bajaj
CBR 250R ABS,90000,Hyderabad,31074,First Owner,8,250,Honda
CBR 250R ABS,78400,Hyderabad,23180,Second Owner,8,250,Honda
Street 750,381700,Ahmedabad,2000,First Owner,6,750,Harley-Davidson
Duke,198599,Balaghat,930,First Owner,3,250,KTM
Standard,223000,Bangalore,400,First Owner,3,295,Jawa
HF Deluxe,32000,Indore,43000,First Owner,6,100,Hero
Avenger Cruise 220,69000,Delhi,3542,First Owner,3,220,Bajaj
Apache RTR,45000,Ahmedabad,18000,First Owner,5,160,TVS
Platina,23000,Ahmedabad,18000,First Owner,9,100,Bajaj
Pulsar,51000,Bangalore,39766,First Owner,7,220,Bajaj
Apache RTR,36000,Bangalore,21657,First Owner,9,160,TVS
Classic,145500,Ahmedabad,33486,First Owner,4,350,Royal Enfield
Pulsar 135LS,33000,Mumbai,5188,First Owner,6,135,Bajaj
Pulsar 135LS,21316,Mumbai,39000,First Owner,11,135,Bajaj
Thunderbird,110000,Chennai,15400,First Owner,4,500,Royal Enfield
HF Deluxe Eco,36000,Jhansi,17000,Second Owner,4,100,Hero
Dominar 400,115000,Bangalore,13797,First Owner,4,400,Bajaj
Bullet,82000,Chandigarh,15418,Second Owner,10,350,Royal Enfield
Karizma R,20000,Bangalore,73317,Second Owner,13,223,Hero
Classic,96300,Bangalore,28000,First Owner,9,350,Royal Enfield
Classic,97000,Bangalore,41211,First Owner,7,350,Royal Enfield
Classic,85000,Bangalore,24592,First Owner,10,350,Royal Enfield
Dream Yuga,47600,Hyderabad,18000,First Owner,4,110,Honda
CB Unicorn,33000,Mumbai,15250,First Owner,9,150,Honda
Discover,19000,Bangalore,26527,First Owner,16,100,Bajaj
Jive,10000,Kanchipuram,35000,Second Owner,11,110,TVS
Pulsar RS200 ABS,101697,Bangalore,7734,First Owner,4,200,Bajaj
Pulsar 220F,48000,Gurgaon,54990,First Owner,6,220,Bajaj
Pulsar 220F,46500,Gurgaon,16540,Second Owner,6,220,Bajaj
CT 100,10000,Mumbai,37066,Second Owner,16,100,Bajaj
Glamour Disc,39000,Jaipur,52000,First Owner,6,125,Hero
CB Unicorn,35000,Bangalore,24000,First Owner,11,150,Honda
Himalayan,135000,Mumbai,9600,First Owner,5,410,Royal Enfield
Glamour Disc,24000,Mumbai,65000,First Owner,11,125,Hero
Iron 883,378000,Kanchipuram,13000,First Owner,8,883,Harley-Davidson
Classic,68000,Ahmedabad,23,Third Owner,39,250,Yezdi
Apache RTR,45000,Delhi,18611,First Owner,5,180,TVS
Avenger,40000,Mumbai,3443,First Owner,6,220,Bajaj
Avenger,32000,Gurgaon,10576,First Owner,8,220,Bajaj
Thunderbird,104400,Bangalore,41000,First Owner,5,350,Royal Enfield
Gixxer,38000,Ajmer,25000,First Owner,6,150,Suzuki
Passion Pro Drum Alloy,61000,Bardhaman,5250,First Owner,3,100,Hero
Mojo,107000,Dibrugarh,5000,First Owner,3,300,Mahindra
Pulsar RS200,100400,Gurgaon,5300,First Owner,6,200,Bajaj
Standard,109000,Mumbai,13110,Second Owner,5,500,Royal Enfield
Gixxer,40362,Hyderabad,14653,First Owner,6,150,Suzuki
Passion Plus,13000,Ahmedabad,65000,First Owner,14,100,Hero
Dominar 400 ABS,130000,Chennai,23400,First Owner,4,400,Bajaj
Pulsar RS200 ABS,70000,Mumbai,25240,First Owner,6,200,Bajaj
Classic,120000,Delhi,13560,First Owner,4,350,Royal Enfield
Passion Pro i3S Alloy,42000,Ghaziabad,26839,First Owner,3,100,Hero
CB Twister,13500,Gurgaon,50000,First Owner,10,110,Honda
Karizma ZMR,70000,Delhi,10000,Third Owner,4,223,Hero
V15,35000,Ghaziabad,35020,First Owner,5,150,Bajaj
Pulsar RS200,80000,Gurgaon,42173,First Owner,5,200,Bajaj
RC,105000,Dehradun,28000,First Owner,6,200,KTM
V15,42000,Dehradun,12000,First Owner,4,150,Bajaj
Pulsar,20000,Delhi,36903,First Owner,12,150,Bajaj
Avenger Cruise 220,61500,Pune,15264,First Owner,4,220,Bajaj
Apache RR310,190000,Visakhapatnam,6000,First Owner,3,310,TVS
Apache RTR 200 4V Carburetor,75000,Gurgaon,18304,First Owner,4,200,TVS
V15,40000,Mumbai,17038,First Owner,5,150,Bajaj
V15,35000,Delhi,23297,Second Owner,5,150,Bajaj
CBF Stunner,24500,Chandigarh,51999,First Owner,7,125,Honda
Pulsar,60000,Ghaziabad,7312,First Owner,2,150,Bajaj
Duke,143000,Delhi,2963,First Owner,3,200,KTM
Apache RTR,20000,Faridkot,20000,First Owner,14,160,TVS
Pulsar,35000,Amritsar,47000,First Owner,10,150,Bajaj
Thunderbird,95000,24 Pargana,9000,First Owner,6,350,Royal Enfield
Karizma ZMR,28000,Mumbai,47098,First Owner,9,223,Hero
V15,45000,Delhi,17900,First Owner,5,150,Bajaj
Passion Pro,25000,Mumbai,14002,Second Owner,10,100,Hero
Bullet Electra,75000,Thane,24203,First Owner,7,350,Royal Enfield
Pulsar RS200 ABS,98000,Bangalore,28026,First Owner,5,200,Bajaj
Hunk,12800,Delhi,50000,First Owner,13,150,Hero
RC,198000,Dehradun,5640,First Owner,3,390,KTM
Classic,95000,Delhi,20000,First Owner,6,350,Royal Enfield
Centuro,25000,Ahmedabad,38247,First Owner,8,110,Mahindra
Bullet Twinspark,110000,Naraingarh,24300,First Owner,3,350,Royal Enfield
Pulsar,35000,Pune,45189,First Owner,10,150,Bajaj
Pulsar,16000,Thane,99000,First Owner,11,150,Bajaj
V15,66400,Bangalore,2600,First Owner,4,150,Bajaj
Passion Xpro,26000,Ghaziabad,43625,First Owner,8,110,Hero
FZs,43000,Hyderabad,38000,First Owner,7,150,Yamaha
Avenger,40000,Gwalior,19300,First Owner,7,220,Bajaj
Thunderbird,85000,Bangalore,33783,First Owner,7,350,Royal Enfield
V15,52000,Ludhiana,4725,First Owner,5,150,Bajaj
Dominar 400 ABS,125000,Pune,8930,First Owner,4,400,Bajaj
YZF-R15 V3,121000,Gurgaon,13013,First Owner,3,150,Yamaha
Karizma R,35000,Karim Nagar,28000,Second Owner,6,223,Hero
Thunderbird,96000,Delhi,16317,Second Owner,5,350,Royal Enfield
CBF Stunner,19000,Delhi,69761,First Owner,9,125,Honda
Classic,130800,Delhi,24000,First Owner,5,350,Royal Enfield
Pulsar NS200,60000,Gurgaon,4200,First Owner,9,200,Bajaj
Duke,67000,24 Pargana,25000,Second Owner,8,200,KTM
CBR 250R,80000,Delhi,25000,First Owner,7,250,Honda
Pulsar,50300,Rewari,14000,First Owner,7,220,Bajaj
CBF Stunner,23400,Delhi,15000,First Owner,9,125,Honda
Duke,105000,Mumbai,18000,First Owner,6,390,KTM
Discover,21100,Chandigarh,21000,First Owner,11,100,Bajaj
GT250R,283700,Mumbai,4400,First Owner,5,250,Hyosung
Splendor,27500,Ahmedabad,32659,First Owner,10,100,Hero
CD Deluxe,25000,Jaipur,39000,First Owner,9,100,Hero
YZF-R15 2.0,90000,Ranchi,17000,First Owner,4,150,Yamaha
Splendor Plus,20300,Tiruvallur,46000,First Owner,15,100,Hero
CB Shine CBS,55800,Gorakhpur,4000,First Owner,4,125,Honda
Dominar 400 ABS,125000,Mumbai,31243,First Owner,4,400,Bajaj
Thunderbird,160000,Karwar,5000,First Owner,4,350,Royal Enfield
Pulsar,12982,Ahmedabad,100000,Second Owner,12,150,Bajaj
CB Shine,25000,Kanchipuram,25000,Second Owner,7,125,Honda
Star City Plus,25000,Delhi,16565,First Owner,6,110,TVS
FZ V 2.0,51000,Mumbai,26219,First Owner,6,150,Yamaha
Hunk,18200,Jaipur,45000,First Owner,12,150,Hero
Discover,15000,Delhi,36888,First Owner,13,135,Bajaj
Classic,84000,Delhi,19912,First Owner,7,350,Royal Enfield
Classic,128000,Delhi,5541,First Owner,4,500,Royal Enfield
Pulsar 135LS,30000,Delhi,30000,First Owner,6,135,Bajaj
Pulsar AS150,60000,Mumbai,15927,Second Owner,6,150,Bajaj
RC,158000,Alibag,3834,First Owner,4,390,KTM
Pulsar NS200,43600,Gandhinagar,60000,First Owner,8,200,Bajaj
Pulsar,15000,Delhi,532,First Owner,14,150,Bajaj
Splendor iSmart,57999,Pune,3000,First Owner,4,110,Hero
YZF-R15 2.0,58000,Lucknow,28000,First Owner,7,150,Yamaha
CB Shine,32000,Hyderabad,31000,First Owner,10,125,Honda
CB Shine,65000,Pune,2500,First Owner,3,125,Honda
Duke,133000,Goa-panaji,26000,First Owner,5,390,KTM
Pulsar,29200,Kharar,30000,First Owner,8,150,Bajaj
CB Hornet 160R CBS,91000,Sant Kabir Nagar,5500,First Owner,2,160,Honda
Thunderbird,115000,Viramgam,24000,First Owner,4,350,Royal Enfield
Platina ComforTec Alloy,50000,Hyderabad,200,First Owner,3,100,Bajaj
Duke,140000,Dehradun,7000,First Owner,6,390,KTM
Discover 125M,36000,Pune,4838,First Owner,4,125,Bajaj
Discover 100M,32000,Pune,26500,First Owner,7,100,Bajaj
Apache RTR 200 4V,100000,Indore,1300,First Owner,4,200,TVS
FZ S V 2.0,55000,Delhi,43000,First Owner,5,150,Yamaha
Bullet Electra,62000,Delhi,23367,First Owner,15,350,Royal Enfield
YZF-R15 2.0,60000,Mumbai,18200,First Owner,9,150,Yamaha
CBZ Xtreme,28000,Gurgaon,25000,First Owner,9,150,Hero
Duke,120000,Jhajjar,16000,Second Owner,7,200,KTM
CB Unicorn,20000,Agra,35063,Second Owner,13,150,Honda
FZ S V 2.0-Ltd. Edition,73000,Manali,14000,First Owner,3,150,Yamaha
Avenger Street 150,45000,Gadwal,15000,First Owner,5,150,Bajaj
Classic Stealth Black,170000,Honavar,6000,First Owner,3,500,Royal Enfield
Avenger,55000,Mathura,38000,First Owner,6,220,Bajaj
Avenger Street 150,83100,Ghaziabad,13450,First Owner,4,150,Bajaj
Splendor iSmart,25000,Jaipur,50000,First Owner,7,100,Hero
CB ShineSP,39200,Gurgaon,16500,Second Owner,5,125,Honda
Classic,141000,Delhi,4625,First Owner,3,350,Royal Enfield
Classic,134400,Delhi,1550,First Owner,4,350,Royal Enfield
Pulsar,15000,Ahmedabad,70000,First Owner,13,150,Bajaj
Bullet,78500,Thane,35596,First Owner,6,350,Royal Enfield
Thunderbird X ABS,170000,Gurgaon,500,First Owner,2,350,Royal Enfield
Discover,52000,Delhi,3400,First Owner,3,125,Bajaj
Splendor Plus,29500,Ahmedabad,36484,First Owner,8,100,Hero
CB Trigger,36000,Delhi,30000,First Owner,7,150,Honda
Avenger Street 150,65000,Khandwa,30000,First Owner,4,150,Bajaj
Avenger,50000,Jaipur,1234,Second Owner,7,220,Bajaj
FZ16,42500,Noida,16435,First Owner,7,150,Yamaha
FZ S V 2.0,43000,Delhi,60000,First Owner,7,150,Yamaha
CBR 250R,80000,Delhi,35000,First Owner,10,250,Honda
Splendor Pro,21000,Una,7100,First Owner,9,100,Hero
FZ16,45000,Mumbai,72354,First Owner,10,150,Yamaha
Discover,10500,Delhi,717794,First Owner,15,125,Bajaj
Pulsar,29500,Dehradun,25000,First Owner,10,150,Bajaj
Pulsar 220F,38000,Bangalore,58816,First Owner,11,220,Bajaj
CBR 250R,150000,Solan,2200,First Owner,4,250,Honda
Passion Pro,30000,Chennai,22560,First Owner,7,100,Hero
Classic,115000,Bangalore,18057,Second Owner,5,350,Royal Enfield
Super Splendor,19000,Ghaziabad,78822,First Owner,8,125,Hero
Fazer,34000,Noida,38000,First Owner,11,150,Yamaha
Karizma ZMR,28000,Delhi,14256,First Owner,12,223,Hero
Bullet Twinspark,125000,Delhi,9858,First Owner,4,350,Royal Enfield
RC,110000,Mumbai,25327,First Owner,5,390,KTM
Avenger,41000,Gurgaon,71303,First Owner,6,220,Bajaj
Pulsar,20000,Chandigarh,57500,Second Owner,14,180,Bajaj
CD Deluxe,11000,Gautam Buddha Nagar,20000,First Owner,12,100,Hero
Classic,109000,Delhi,13000,First Owner,6,350,Royal Enfield
Pulsar 220F,63000,Alibag,21000,First Owner,4,220,Bajaj
V15,41999,Faridabad,54362,First Owner,4,150,Bajaj
Pulsar RS200 ABS,87000,Pune,35450,First Owner,6,200,Bajaj
Glamour,41400,Faridabad,21000,First Owner,4,125,Hero
Star,9000,Ghaziabad,72378,First Owner,15,100,TVS
Pulsar,22000,Delhi,54000,Second Owner,13,180,Bajaj
Bullet,123400,Bangalore,5000,First Owner,4,350,Royal Enfield
CBF Stunner,17000,Delhi,35655,First Owner,10,125,Honda
XCD 135,18000,Gautam Buddha Nagar,42000,First Owner,11,135,Bajaj
Pulsar RS200 ABS,82500,Lucknow,13000,First Owner,6,200,Bajaj
Gixxer SF,70000,Pune,7900,First Owner,6,150,Suzuki
CB Hornet 160R STD,51000,Indore,24800,First Owner,5,160,Honda
Duke,155000,Mumbai,7563,First Owner,3,250,KTM
Bullet Electra,75068,Delhi,16919,First Owner,9,350,Royal Enfield
Thunderbird,153000,Ernakulam,10000,First Owner,3,500,Royal Enfield
Karizma ZMR,35300,Hyderabad,55000,First Owner,8,223,Hero
Karizma R,22000,Ambala,16750,First Owner,10,223,Hero
V15,36800,Delhi,41090,Second Owner,4,150,Bajaj
Avenger Street 150,49000,Kharar,13281,First Owner,5,150,Bajaj
V12,37000,Delhi,29094,First Owner,4,125,Bajaj
CBF Stunner,21400,Sitapur,45000,First Owner,8,125,Honda
Bullet Electra Twinspark,93000,Mumbai,4761,First Owner,6,350,Royal Enfield
Intruder SP,100000,Gurgaon,9200,First Owner,3,150,Suzuki
Intruder SP,100500,Ahmedabad,6000,First Owner,3,150,Suzuki
Electra,90000,Jaipur,14330,First Owner,3,350,Royal Enfield
Thunderbird,55000,Chennai,15000,Second Owner,12,350,Royal Enfield
Classic Desert Storm,119000,Delhi,14735,First Owner,5,500,Royal Enfield
Pulsar,26000,Delhi,55686,Second Owner,9,220,Bajaj
Thunderbird,113000,Chennai,14200,First Owner,4,350,Royal Enfield
Pulsar,40000,Delhi,75000,First Owner,8,150,Bajaj
Pulsar,32000,Ghaziabad,21000,First Owner,5,150,Bajaj
Discover,13500,Mumbai,477976,First Owner,14,135,Bajaj
YZF-R15 2.0,66400,Pune,27481,Second Owner,7,150,Yamaha
CBR 150R,67000,Jaipur,43871,First Owner,6,150,Honda
Himalayan,140000,Noida,9000,First Owner,5,410,Royal Enfield
FZs,45000,Delhi,32375,First Owner,8,150,Yamaha
Pulsar 220F,61000,Delhi,41000,First Owner,7,220,Bajaj
Dream Yuga,38000,Udaipur,16500,First Owner,9,110,Honda
CBR 150R,75500,Jammu,23800,First Owner,7,150,Honda
Intruder FI,125000,Meerut,700,First Owner,3,150,Suzuki
‎ Bullet,140000,Anand,99999,First Owner,37,350,Royal Enfield
V15,49100,Pune,10000,First Owner,5,150,Bajaj
Bullet,95000,Mumbai,15288,Second Owner,5,350,Royal Enfield
Pulsar RS200 ABS,85000,Pune,26000,First Owner,6,200,Bajaj
Bullet Electra Twinspark,110000,Lucknow,26927,First Owner,6,350,Royal Enfield
Gladiator,20000,Bangalore,38500,Fourth Owner Or More,12,125,Yamaha
Discover150,28000,Jaipur,25000,First Owner,7,150,Bajaj
Classic,109500,Delhi,13000,First Owner,8,500,Royal Enfield
Thunderbird,99000,Betul,19000,First Owner,6,350,Royal Enfield
Avenger Street 150,69999,Hyderabad,7054,First Owner,5,150,Bajaj
Thunderbird,115000,Bangalore,12000,First Owner,6,350,Royal Enfield
Passion Plus,24000,Delhi,6000,First Owner,10,100,Hero
Xtreme Sports,56000,Jaipur,17330,First Owner,6,149,Hero
Discover 125ST,24500,Ahmedabad,21891,First Owner,7,125,Bajaj
Pulsar,36999,Mumbai,57811,First Owner,8,180,Bajaj
Classic Desert Storm,110439,Chennai,3000,First Owner,9,500,Royal Enfield
Classic Desert Storm,116762,Chennai,30000,First Owner,7,500,Royal Enfield
CB Hornet 160R Special Edition-CBS,67000,Anantapur,12000,First Owner,4,160,Honda
Fazer,40000,Delhi,38000,First Owner,8,150,Yamaha
Platina,26000,Ludhiana,17695,First Owner,8,100,Bajaj
Classic,140000,Hyderabad,9788,First Owner,5,350,Royal Enfield
Apache RTR 200 4V,92300,Delhi,10000,First Owner,4,200,TVS
Passion Plus,20100,Pune,45330,First Owner,14,100,Hero
Pulsar AS150,69000,Bangalore,22000,First Owner,6,150,Bajaj
CB Unicorn,26000,Noida,33000,First Owner,12,150,Honda
Thunderbird,139000,Chennai,17000,First Owner,4,350,Royal Enfield
Thunderbird,97500,Delhi,19562,First Owner,7,350,Royal Enfield
FZs,48000,Delhi,11000,First Owner,7,150,Yamaha
Thunderbird,140900,Pune,1400,First Owner,6,500,Royal Enfield
Thunderbird,179000,Pune,14000,First Owner,4,500,Royal Enfield
Pulsar,25000,Delhi,60000,First Owner,9,150,Bajaj
Classic,180000,Delhi,4030,First Owner,4,500,Royal Enfield
Avenger Street 150,84000,Coimbatore,1920,First Owner,4,150,Bajaj
Thunderbird,125000,Pune,20000,First Owner,6,350,Royal Enfield
Pulsar AS200,55000,Jaipur,27000,First Owner,8,200,Bajaj
Xtreme Sports,65000,Delhi,3200,First Owner,5,150,Hero
Gixxer SF Fi,88000,Hyderabad,8000,First Owner,4,150,Suzuki
Dream Yuga,27500,Delhi,18000,First Owner,7,110,Honda
‎ Bullet,80000,Ghaziabad,23895,First Owner,7,350,Royal Enfield
Splendor Plus,19600,Gwalior,42000,Second Owner,11,100,Hero
Bullet Twinspark,95000,Bangalore,25000,First Owner,5,350,Royal Enfield
Electra,99000,Pune,23397,First Owner,4,350,Royal Enfield
CBZ,30000,Ahmedabad,51528,First Owner,9,150,Hero
Pulsar,120000,Hyderabad,10147,First Owner,3,220,Bajaj
Pulsar RS200 ABS,110000,Kanpur,9119,First Owner,5,200,Bajaj
Duke,100000,Mumbai,7000,First Owner,7,390,KTM
CB ShineSP,55000,Bangalore,10000,First Owner,4,125,Honda
Honda Splendor,21000,Ludhiana,19000,First Owner,10,100,Hero
Splendor NXG,20000,Lucknow,70628,First Owner,10,100,Hero
Passion Pro,25000,Lucknow,58137,First Owner,10,100,Hero
Karizma R,42000,Lucknow,35000,First Owner,7,223,Hero
Classic,110000,Delhi,5073,First Owner,5,350,Royal Enfield
Duke,106000,Ghaziabad,14403,First Owner,5,390,KTM
YZF-R15 2.0,74000,Bangalore,23000,First Owner,7,150,Yamaha
Pulsar,18600,Delhi,56000,First Owner,10,150,Bajaj
Street 750,472000,Sholapur,550,First Owner,3,750,Harley-Davidson
Thunderbird,89000,Mumbai,13000,First Owner,8,350,Royal Enfield
Thunderbird,95000,Pune,40500,First Owner,8,500,Royal Enfield
Apache RTR,65000,Bangalore,18500,First Owner,5,160,TVS
RC,125000,Mumbai,8200,First Owner,5,200,KTM
Street 750,430000,Delhi,1200,First Owner,6,750,Harley-Davidson
Passion Pro,35000,Pinjore,9500,First Owner,6,100,Hero
Star City Plus,40000,Delhi,38950,First Owner,5,110,TVS
Apache RTR,40000,Chennai,80000,First Owner,9,160,TVS
RC,140000,Delhi,10000,First Owner,6,200,KTM
Discover,55000,Pune,2000,First Owner,3,110,Bajaj
Avenger,59999,Delhi,20850,First Owner,7,150,Bajaj
Thunderbird,112100,Chennai,22800,First Owner,5,350,Royal Enfield
Thunderbird,137999,Pune,7900,First Owner,5,500,Royal Enfield
Avenger Street 150,70000,Kanpur,11000,First Owner,4,150,Bajaj
CB Twister,25000,Karnal,28000,First Owner,7,110,Honda
Hunk,15600,Delhi,50000,First Owner,13,150,Hero
RC,140000,Hyderabad,10000,First Owner,6,200,KTM
Avenger,44600,Delhi,39500,First Owner,8,220,Bajaj
RC,225000,Indore,2400,First Owner,4,390,KTM
Classic,120000,Thane,2827,First Owner,5,350,Royal Enfield
Classic,118000,Mumbai,12434,First Owner,6,500,Royal Enfield
Machismo,150000,Hyderabad,38000,First Owner,14,500,Royal Enfield
FZ16,30000,Delhi,9300,First Owner,11,150,Yamaha
YZF-R15 2.0,41000,Medak,60000,First Owner,10,150,Yamaha
Thunderbird,90000,Ranchi,12000,First Owner,8,350,Royal Enfield
FZs,18000,Gurgaon,18465,First Owner,12,150,Yamaha
Dominar 400 ABS,110000,Mumbai,5548,First Owner,4,400,Bajaj
Classic,110000,Ghaziabad,25353,First Owner,5,500,Royal Enfield
Classic Gunmetal Grey,170000,Delhi,6700,First Owner,3,350,Royal Enfield
Intruder,77000,Mumbai,25400,First Owner,3,150,Suzuki
Avenger,65200,Delhi,20000,First Owner,3,220,Bajaj
Fazer,45000,Cuttack,30000,First Owner,8,150,Yamaha
Duke,160000,Bangalore,23766,First Owner,5,390,KTM
Discover 100M,21000,Mumbai,28808,First Owner,7,100,Bajaj
Discover,19269,Qadian,36526,Second Owner,11,100,Bajaj
V15,43000,Delhi,15000,Second Owner,5,150,Bajaj
RC,140000,Delhi,6500,First Owner,5,200,KTM
Thunderbird,180000,Pune,2000,First Owner,4,500,Royal Enfield
Splendor Plus,20000,Karnal,46000,First Owner,12,100,Hero
Pulsar RS200,100000,Pune,11170,First Owner,6,200,Bajaj
Thunderbird,131700,Delhi,5000,First Owner,6,500,Royal Enfield
Fazer,30000,Delhi,24000,First Owner,9,150,Yamaha
Avenger,67000,Nagpur,12000,First Owner,5,220,Bajaj
Discover 125ST,25000,Delhi,38425,First Owner,8,125,Bajaj
Passion Xpro,42000,Jaipur,9000,First Owner,6,110,Hero
Pulsar,60000,Bangalore,9000,First Owner,6,150,Bajaj
Avenger Street 150,70400,Karim Nagar,7000,First Owner,4,150,Bajaj
Avenger,41000,Bangalore,33000,First Owner,9,220,Bajaj
Avenger,58000,Hyderabad,20000,First Owner,7,220,Bajaj
CB Unicorn 160,50400,Chennai,15000,First Owner,6,160,Honda
YZF-R15 S,90500,Ludhiana,28000,First Owner,5,150,Yamaha
Pulsar 220F,90000,Kanpur Nagar,1500,First Owner,4,220,Bajaj
Duke,120000,Pune,24000,First Owner,7,390,KTM
Passion Pro,45000,Bhopal,15000,First Owner,5,100,Hero
Passion Pro,31500,Delhi,35600,First Owner,7,100,Hero
CT 100 ES Alloy,41800,Delhi,3360,First Owner,3,100,Bajaj
Platina,27500,Sangrur,48000,First Owner,8,100,Bajaj
Pulsar,23500,Delhi,40000,First Owner,10,150,Bajaj
Glamour,23000,Delhi,30000,First Owner,9,125,Hero
Avenger,75000,Chennai,15000,First Owner,5,220,Bajaj
Pulsar AS150,59000,Mumbai,40000,First Owner,6,150,Bajaj
CBZ Xtreme,42000,Jorhat,32300,First Owner,7,150,Hero
Avenger Street 150,60000,Delhi,11000,First Owner,5,150,Bajaj
Splendor NXG,22000,Noida,20000,First Owner,11,100,Hero
Passion Xpro,36300,Gurgaon,38000,First Owner,6,110,Hero
Avenger Street 220,88600,Bangalore,6200,First Owner,4,220,Bajaj
Splendor iSmart,42000,Delhi,25000,First Owner,5,110,Hero
Avenger Street 150,60000,Vadodara,46000,First Owner,5,150,Bajaj
CBZ Xtreme,20000,Ghaziabad,60500,First Owner,11,150,Hero
Avenger Street 150,69000,Kanpur Nagar,17000,First Owner,5,150,Bajaj
Pulsar 135LS,18000,Palanpur,77700,First Owner,11,135,Bajaj
Apache RTR,72000,Delhi,7000,Second Owner,3,180,TVS
YZF-R15,34000,Narnaul,50000,Third Owner,10,150,Yamaha
Pulsar RS200 ABS,82000,Gurgaon,57444,First Owner,6,200,Bajaj
YZF-R15 2.0,80000,Delhi,7018,First Owner,4,150,Yamaha
Super Splendor,25000,Delhi,24000,First Owner,8,125,Hero
FZ S V 2.0,45000,Faridabad,5382,First Owner,5,150,Yamaha
Pulsar,48400,Hyderabad,14500,First Owner,6,150,Bajaj
Thunderbird,105000,Faridabad,9900,First Owner,8,500,Royal Enfield
Gixxer,48000,Delhi,9800,First Owner,6,150,Suzuki
Platina  Alloy ES-,43000,Jaipur,10000,First Owner,4,100,Bajaj
Thunderbird,90000,Mumbai,7800,First Owner,7,350,Royal Enfield
Gixxer,78000,Rajkot,10575,First Owner,4,150,Suzuki
Splendor,23000,Ahmedabad,61122,First Owner,17,100,Hero
HF Deluxe,36000,Vadodara,16830,First Owner,6,100,Hero
Pulsar,18000,Gurgaon,39000,First Owner,13,150,Bajaj
Thunderbird,110000,Delhi,13000,First Owner,6,350,Royal Enfield
RC,139999,Pune,5500,First Owner,6,200,KTM
Classic,145000,Bangalore,10000,First Owner,5,350,Royal Enfield
Classic,132400,Bangalore,12000,First Owner,5,350,Royal Enfield
Apache RTR,68000,Delhi,10000,First Owner,5,180,TVS
Discover 125ST,28000,Thane,18000,First Owner,9,125,Bajaj
Classic,90000,Delhi,38400,First Owner,10,350,Royal Enfield
Discover 125ST,25000,Thane,43000,First Owner,9,125,Bajaj
Splendor,27500,Ahmedabad,22365,First Owner,10,100,Hero
CB Hornet 160R Special Edition-CBS,88000,Thane,150,First Owner,4,160,Honda
Classic,141900,Bangalore,7400,First Owner,4,350,Royal Enfield
Thunderbird,110500,Kanchipuram,30000,First Owner,6,350,Royal Enfield
Bullet Electra Twinspark,95000,Bangalore,27200,First Owner,8,350,Royal Enfield
Splendor iSmart,51000,Palamu,4669,First Owner,4,110,Hero
CB Shine,35526,Faridabad,16500,First Owner,6,125,Honda
CB Trigger,49800,Delhi,41365,First Owner,6,150,Honda
Avenger,40800,Bangalore,25000,First Owner,9,220,Bajaj
Splendor iSmart,29000,Chennai,24000,First Owner,7,100,Hero
FZs,35255,Delhi,25000,First Owner,9,150,Yamaha
HF Deluxe,30000,Jaipur,40457,First Owner,7,100,Hero
Classic,130000,Faridabad,7000,First Owner,5,350,Royal Enfield
Fazer FI,46728,Ernakulam,55300,First Owner,7,150,Yamaha
Pulsar,21000,Bangalore,45000,First Owner,12,150,Bajaj
Duke,142600,Mumbai,28000,First Owner,6,390,KTM
YZF-R15 2.0,82000,Navi Mumbai,23000,First Owner,6,150,Yamaha
Pulsar AS150,60000,Mumbai,15000,First Owner,6,150,Bajaj
CB Shine,30000,Dehradun,17500,First Owner,8,125,Honda
Centuro,35000,Mumbai,9614,First Owner,7,110,Mahindra
Duke,130000,Gurgaon,9800,First Owner,7,390,KTM
Xtreme,48000,Mumbai,14000,First Owner,8,150,Hero
Classic,120000,Noida,15500,First Owner,6,350,Royal Enfield
Pulsar AS150,80000,Pune,9000,First Owner,5,150,Bajaj
Apache RTR,88000,Bangalore,3500,First Owner,4,180,TVS
Ignitor,30000,Patiala,13000,First Owner,8,125,Hero
Thunderbird,125000,Chennai,10200,First Owner,5,350,Royal Enfield
CBZ Xtreme,27000,Gurgaon,25874,First Owner,10,150,Hero
Duke,165000,Thane,17883,First Owner,6,390,KTM
Splendor iSmart,56435,Vadodara,12192,First Owner,5,110,Hero
Apache RTR,60000,Bangalore,30000,First Owner,5,160,TVS
YZF-R15 2.0,100000,Amritsar,5000,First Owner,5,150,Yamaha
Avenger Cruise 220,67000,Bangalore,15500,First Owner,5,220,Bajaj
Pulsar,25000,Delhi,98707,First Owner,11,150,Bajaj
CB Unicorn,30000,Ghaziabad,64800,First Owner,13,150,Honda
Avenger Street 150,66000,Chennai,12000,First Owner,5,150,Bajaj
Thunderbird,65000,Mohali,9300,First Owner,10,350,Royal Enfield
Apache RTR,45000,Ghaziabad,19542,First Owner,7,160,TVS
Pulsar,25000,Ahmedabad,41915,First Owner,12,150,Bajaj
Avenger,33000,Bangalore,31500,Third Owner,14,200,Bajaj
Sport,38000,Noida,8718,First Owner,3,100,TVS
Bullet Electra,75000,Thane,24000,First Owner,7,350,Royal Enfield
Bullet Electra,70000,Bangalore,45000,Second Owner,15,350,Royal Enfield
Classic,133300,Hyderabad,18000,First Owner,5,350,Royal Enfield
Classic Signals Edition,165000,Faridabad,2791,First Owner,2,350,Royal Enfield
Pulsar,42000,Delhi,9755,First Owner,7,150,Bajaj
Splendor Pro,35000,Ahmedabad,37795,First Owner,7,100,Hero
CB Shine,37000,Chennai,27520,First Owner,5,125,Honda
Apache RTR 160 4V Carburetor With Rear Disc,82000,Kolkata,5200,First Owner,3,160,TVS
Avenger Cruise 220,85000,Falakata,4500,First Owner,2,220,Bajaj
Bullet Electra Twinspark,115000,Ferozepur,9759,First Owner,5,350,Royal Enfield
CB Twister,27400,Hyderabad,33000,First Owner,10,110,Honda
FZs,22000,Gurgaon,29428,First Owner,9,150,Yamaha
Thunderbird,58000,Faridabad,9572,First Owner,9,350,Royal Enfield
Passion Pro,14000,Ghaziabad,40000,Second Owner,12,100,Hero
Apache RTR 200 4V FI Race Edition 2.0,120000,Bangalore,16000,First Owner,3,200,TVS
CB Shine,30000,Gurgaon,45355,First Owner,6,125,Honda
CBR 150R,77100,Noida,15000,First Owner,5,150,Honda
CB Trigger,39999,Hyderabad,27000,First Owner,8,150,Honda
Classic,125000,Hyderabad,17677,First Owner,4,350,Royal Enfield
Pulsar,35000,Sonepat,21000,First Owner,10,150,Bajaj
Pulsar RS200 ABS,75000,Porbandar,30000,First Owner,6,200,Bajaj
Classic,85000,Gurgaon,3842,First Owner,7,350,Royal Enfield
RC,160000,Dehradun,6700,First Owner,3,200,KTM
CBZ Xtreme,35000,Pune,27988,First Owner,14,150,Hero
Avenger,35000,Mumbai,34000,First Owner,10,220,Bajaj
Classic Desert Storm,105000,Pune,11072,First Owner,8,500,Royal Enfield
Classic,150000,Kota,1947,First Owner,2,350,Royal Enfield
Dominar 400 ABS,106000,Mumbai,26429,First Owner,4,400,Bajaj
Pulsar,28000,Gurgaon,42942,First Owner,13,200,Bajaj
Duke,190000,Kanpur Nagar,4159,Second Owner,4,390,KTM
Star City,18000,Tiruvallur,70000,Second Owner,15,110,TVS
Apache RTR 200 4V Carburetor,95000,Mohali,1990,First Owner,4,200,TVS
Standard,95000,Delhi,29000,First Owner,7,500,Royal Enfield
Pulsar,50000,Hyderabad,65007,First Owner,7,150,Bajaj
Pulsar,28000,Noida,34060,Second Owner,11,180,Bajaj
Thunderbird,98000,Delhi,41883,First Owner,5,350,Royal Enfield
Pulsar 200 NS,45000,Dwarka,15000,First Owner,9,200,Bajaj
Apache RTR 200 4V ABS Race Edition,106000,Delhi,1890,First Owner,2,200,TVS
Passion Xpro,23000,Delhi,59560,First Owner,8,110,Hero
YZF-R15 2.0,72000,Rangpo,13600,Second Owner,4,150,Yamaha
CB Unicorn,37500,Gurgaon,10521,First Owner,7,150,Honda
Apache RTR,90000,Ghaziabad,3095,First Owner,2,180,TVS
YZF-R15,53300,Mumbai,29000,First Owner,10,150,Yamaha
Apache RTR,30000,Indore,21288,First Owner,10,160,TVS
YZF-R15 2.0,75000,Pune,29878,First Owner,4,150,Yamaha
Passion Pro,31000,Delhi,19000,Second Owner,5,100,Hero
Avenger Street 220,65000,Goa-panaji,7706,First Owner,5,220,Bajaj
XCD 135,11000,Gurgaon,31275,First Owner,12,135,Bajaj
Thunderbird,93200,Gurgaon,8700,First Owner,7,500,Royal Enfield
Passion Pro,18000,Delhi,19233,Second Owner,11,100,Hero
V15,42000,Jaipur,33156,First Owner,5,150,Bajaj
FZS FI,65000,Cannanore (kannur),14000,First Owner,4,150,Yamaha
CB Hornet 160R  ABS STD,100000,Churu,2322,First Owner,2,160,Honda
Sport,29500,Delhi,16389,First Owner,7,100,TVS
Bullet Electra Twinspark,84000,Gurgaon,13680,First Owner,6,350,Royal Enfield
FZ25,85000,Faridabad,9425,First Owner,4,250,Yamaha
Apache RTR,41000,Delhi,9833,First Owner,5,160,TVS
Discover,25000,Faridabad,21163,First Owner,5,125,Bajaj
Thunderbird,50000,Mumbai,31298,First Owner,12,350,Royal Enfield
V15,43000,Baghpat,14740,First Owner,4,150,Bajaj
Gixxer SF,60000,Delhi,14830,First Owner,4,150,Suzuki
CB Unicorn 160 STD,56000,Ghaziabad,11021,First Owner,4,160,Honda
FZ V 3.0,102000,Hyderabad,1120,First Owner,2,150,Yamaha
Thunderbird,65000,Moradabad,33000,Second Owner,10,350,Royal Enfield
CBR 250R,65000,Ghaziabad,15000,First Owner,9,250,Honda
Bullet Electra,90595,Bangalore,37915,First Owner,6,350,Royal Enfield
SZR,30000,Jaipur,35600,First Owner,9,150,Yamaha
Dominar 400,120000,Jhumri Tilaiya,7500,First Owner,3,400,Bajaj
Gixxer Dual Tone Rear Disc,92000,Mumbai,750,First Owner,3,150,Suzuki
Pulsar,35000,Gurgaon,46436,First Owner,11,180,Bajaj
RC,137500,Hyderabad,56000,First Owner,6,200,KTM
CB Hornet 160R Special Edition-CBS,66000,Salem,3000,First Owner,4,160,Honda
V15,53200,Naihati,12135,First Owner,3,150,Bajaj
FZs,49999,Noida,21500,Second Owner,6,150,Yamaha
Apache RTR 200 4V FI,102000,Thane,8120,First Owner,2,200,TVS
Pulsar 135LS,17000,Delhi,34500,First Owner,11,135,Bajaj
Avenger,55000,Gurgaon,7800,First Owner,7,220,Bajaj
Apache RTR 200 4V ABS,99000,Delhi,1793,First Owner,3,200,TVS
CB Shine,25000,Ahmedabad,31400,First Owner,7,125,Honda
RC,170000,Bangalore,15547,Second Owner,4,390,KTM
Pulsar 220F,55000,Kolkata,35107,First Owner,8,220,Bajaj
Gixxer SF Rear Disc,92000,Delhi,5156,First Owner,2,150,Suzuki
CBR 150R,89200,Delhi,15000,First Owner,5,150,Honda
Classic,110000,Delhi,5130,First Owner,5,500,Royal Enfield
Apache RTR 160 4V Disc,85000,Ghaziabad,15150,First Owner,3,160,TVS
Classic-Redditch Edition,141000,Pune,10825,Fourth Owner Or More,4,350,Royal Enfield
Thunderbird,105000,Virudhunagar,12000,First Owner,6,500,Royal Enfield
Classic,90000,Mumbai,28279,Second Owner,9,500,Royal Enfield
Pulsar AS200,65000,Pune,7983,First Owner,5,200,Bajaj
Duke,243100,Delhi,16000,First Owner,3,390,KTM
Discover 100T,22000,Delhi,37000,First Owner,8,100,Bajaj
Passion Pro i3S Disc,52000,Lucknow,13353,First Owner,3,100,Hero
CBR 250R ABS,180000,Dharmavaram,6500,First Owner,3,250,Honda
Pulsar,35000,Bangalore,40500,First Owner,10,150,Bajaj
CB Shine,30000,Delhi,44000,First Owner,8,125,Honda
Pulsar 220F,93500,Thane,199,First Owner,2,220,Bajaj
Standard,106000,Jalandhar,70000,First Owner,7,350,Royal Enfield
RC,195000,Delhi,1700,First Owner,5,390,KTM
Karizma R,25000,Hyderabad,54560,Second Owner,14,223,Hero
Classic,85000,Ghaziabad,17580,First Owner,8,350,Royal Enfield
Star City,15000,Darbhanga,46000,First Owner,11,110,TVS
Apache RTR 200 4V FI,62000,Darbhanga,76663,First Owner,4,200,TVS
Discover,34000,Bangalore,29500,First Owner,6,125,Bajaj
CBF Stunner,18000,Faridabad,30112,First Owner,11,125,Honda
Bullet Electra,75000,Mumbai,29284,First Owner,9,350,Royal Enfield
Karizma R,42000,Bhubaneshwar,34700,First Owner,6,223,Hero
Super Splendor i3s,55000,Delhi,17180,First Owner,3,125,Hero
Gixxer,65000,Ghaziabad,30040,First Owner,4,150,Suzuki
Pulsar RS200 ABS,105000,Delhi,12903,Second Owner,4,200,Bajaj
Thunderbird,75000,Chennai,30000,First Owner,10,350,Royal Enfield
CB Unicorn,30000,Nashik,52000,First Owner,12,150,Honda
Fazer,24300,Kanchipuram,75000,First Owner,9,150,Yamaha
Discover 125M,30000,Bangalore,34028,First Owner,6,125,Bajaj
Pulsar,35000,Delhi,44409,First Owner,7,150,Bajaj
FZ16,21000,Ghaziabad,58245,First Owner,10,150,Yamaha
Classic,125000,Bangalore,26147,First Owner,7,500,Royal Enfield
Classic,95000,Delhi,14008,First Owner,6,350,Royal Enfield
Thunderbird,110000,Bangalore,29369,First Owner,5,500,Royal Enfield
Pulsar AS150,50000,Bhatinda,31519,Second Owner,6,150,Bajaj
Bullet Electra Twinspark,90000,Delhi,23900,Second Owner,6,350,Royal Enfield
Avenger Street 220,56000,Pune,26320,First Owner,5,220,Bajaj
Gixxer SF ABS,67100,Ahmedabad,26000,First Owner,4,150,Suzuki
Thunderbird X,150900,Bangalore,11850,First Owner,3,350,Royal Enfield
Avenger Cruise 220,57000,Visakhapatnam,28500,First Owner,5,220,Bajaj
Discover,25000,Ludhiana,30000,First Owner,10,150,Bajaj
GT250R,270000,Delhi,3165,First Owner,4,250,Hyosung
SS 125,18000,Gurgaon,19443,Second Owner,8,125,Yamaha
FZ S V 2.0,45000,Delhi,15886,First Owner,7,150,Yamaha
Karizma ZMR,40000,Mumbai,28530,First Owner,7,223,Hero
Gixxer SF Rear Disc,55000,Delhi,33186,First Owner,5,150,Suzuki
Hunk,20000,Delhi,60315,Second Owner,11,150,Hero
Pulsar RS200 ABS,85000,Anand,15200,Third Owner,5,200,Bajaj
Pulsar,12000,Noida,32234,First Owner,16,150,Bajaj
YZF-R15,67300,Mumbai,34000,First Owner,8,150,Yamaha
Gixxer SF SP Rear Disc,65000,Nawanshahr,7000,First Owner,4,150,Suzuki
RC,140000,Ghaziabad,6537,First Owner,4,200,KTM
GS 150 R,27000,Delhi,31336,First Owner,9,150,Suzuki
Pulsar RS200,115000,Puttur,8500,First Owner,3,200,Bajaj
Classic,170000,Hyderabad,2037,First Owner,4,500,Royal Enfield
Avenger Street 150,51000,Ghaziabad,20058,First Owner,4,150,Bajaj
Pulsar,77600,Chennai,22000,First Owner,3,220,Bajaj
Pulsar,9000,Ghaziabad,67140,Second Owner,15,150,Bajaj
Avenger Street 150,48000,Nadiad,25435,First Owner,5,150,Bajaj
Apache RTR,28000,Gurgaon,46182,First Owner,8,180,TVS
Classic,90000,Tiruvallur,21000,First Owner,6,350,Royal Enfield
V15,45000,Ghaziabad,8634,First Owner,4,150,Bajaj
Avenger Street 150,55000,Ghaziabad,20404,First Owner,4,150,Bajaj
Thunderbird,58400,Gurgaon,43000,Second Owner,10,350,Royal Enfield
GT250R,200000,Mumbai,6629,First Owner,5,250,Hyosung
Street 750,391000,Sangli,6000,First Owner,7,750,Harley-Davidson
Standard,105000,Mumbai,6867,First Owner,5,500,Royal Enfield
Duke,197200,Suri,24000,First Owner,4,390,KTM
Avenger,42000,Pune,29000,First Owner,10,220,Bajaj
Avenger Street 180,71000,Chennai,13600,First Owner,3,180,Bajaj
Avenger Cruise 220,70000,Yamuna Nagar,5200,Second Owner,4,220,Bajaj
FZs,46000,Delhi,11000,Second Owner,6,150,Yamaha
RC,174000,Bangalore,4300,First Owner,5,200,KTM
YZF-R15 2.0,66000,Delhi,2465,First Owner,9,150,Yamaha
Karizma R,49000,Vasai,25000,First Owner,7,223,Hero
Discover,30000,Coimbatore,26500,First Owner,8,100,Bajaj
Pulsar,65000,Ahmedabad,22000,First Owner,5,150,Bajaj
Bullet,110900,Chandigarh,6635,First Owner,5,350,Royal Enfield
Street 750,395000,Bangalore,16523,First Owner,5,750,Harley-Davidson
CB Shine,22000,Lucknow,49000,First Owner,7,125,Honda
Thunderbird,125000,Bangalore,3538,First Owner,7,350,Royal Enfield
Thunderbird,125000,Bangalore,3538,First Owner,5,350,Royal Enfield
Discover,19000,Bangalore,69415,First Owner,13,135,Bajaj
Pulsar Rear Disc,80000,Chennai,4300,First Owner,3,150,Bajaj
Gixxer SP ABS,89000,Faridabad,19627,First Owner,2,150,Suzuki
Discover,25000,Mumbai,52287,Second Owner,10,150,Bajaj
Classic,91000,Delhi,14555,First Owner,6,350,Royal Enfield
FZ S V 3.0,95000,Gurgaon,2617,First Owner,2,150,Yamaha
Pulsar NS200,77000,Trivandrum,11300,First Owner,4,200,Bajaj
CBR 250R Repsol,106000,Lucknow,233011,Second Owner,4,250,Honda
Centuro,33000,Ahmedabad,55000,First Owner,7,110,Mahindra
Splendor Plus Self Alloy,40000,Gurgaon,28397,Second Owner,4,100,Hero
RC,111000,Mumbai,14647,First Owner,6,390,KTM
Pulsar RS200,78000,Bangalore,38271,First Owner,6,200,Bajaj
Karizma ZMR,28000,Roorkee,38000,First Owner,11,223,Hero
Pulsar RS200 ABS,108400,Hubli,18000,First Owner,4,200,Bajaj
Pulsar NS200,90000,Aluva,23000,First Owner,4,200,Bajaj
Classic,90000,Delhi,5148,Second Owner,5,350,Royal Enfield
Bullet Electra Twinspark,100000,Thane,45730,First Owner,6,350,Royal Enfield
Pulsar 135LS,18000,Mumbai,42000,First Owner,10,135,Bajaj
Avenger Street 150,52999,Thane,8150,First Owner,5,150,Bajaj
Classic Squadron Blue,128700,Bangalore,50000,First Owner,5,500,Royal Enfield
Pulsar RS200 ABS,80000,Bangalore,40000,Second Owner,5,200,Bajaj
CB Unicorn,70000,Sirsi,26000,First Owner,4,150,Honda
RC,200000,Dehradun,5000,First Owner,3,390,KTM
Pulsar,19000,Delhi,57791,First Owner,11,180,Bajaj
Discover 125ST,25600,Delhi,45000,First Owner,8,125,Bajaj
CB Shine,30000,Noida,79004,First Owner,7,125,Honda
Apache RTR,20000,Chennai,36000,First Owner,10,160,TVS
Ninja,276000,Bijapur,2100,First Owner,5,300,Kawasaki
GS 150 R,47000,Bangalore,44626,First Owner,8,150,Suzuki
FZ25,80000,Gautam Buddha Nagar,20824,First Owner,3,250,Yamaha
Pulsar,22000,Bangalore,91649,First Owner,14,150,Bajaj
Thunderbird,108000,Krishnagar,17600,First Owner,7,500,Royal Enfield
Pulsar,21000,Gurgaon,23059,First Owner,10,150,Bajaj
Pulsar RS200 ABS,97100,Kolkata,8073,First Owner,5,200,Bajaj
SZ RR V 2.0,47000,Delhi,6363,First Owner,3,150,Yamaha
Dominar 400 ABS,145000,Delhi,21515,First Owner,3,400,Bajaj
Karizma ZMR,65000,Delhi,19000,First Owner,6,223,Hero
Himalayan Fi ABS,194000,Thane,844,First Owner,2,410,Royal Enfield
Classic,91000,Delhi,18399,First Owner,6,350,Royal Enfield
Standard,107000,Kanchipuram,20000,First Owner,5,500,Royal Enfield
Thunderbird,120000,Mumbai,16500,First Owner,5,350,Royal Enfield
Pulsar NS160 Rear Disc,85000,Silchar,3000,First Owner,2,160,Bajaj
Pulsar 220F,80000,Bangalore,31800,First Owner,4,220,Bajaj
CBZ Xtreme,15900,Delhi,64000,First Owner,11,150,Hero
Karizma ZMR,50100,Jaipur,36000,Second Owner,6,223,Hero
YZF-R15,35000,Delhi,33555,First Owner,13,150,Yamaha
Pulsar,22000,Bhiwadi,17800,First Owner,11,150,Bajaj
Apache RTR,16000,Dehradun,75000,Third Owner,14,160,TVS
Apache RTR,36000,Chennai,34000,First Owner,7,180,TVS
Apache RTR 200 4V FI,111300,Pune,5000,First Owner,4,200,TVS
Passion Plus,18500,Aurangabad,60000,First Owner,17,100,Hero
Pulsar,32400,Jaipur,32116,First Owner,8,150,Bajaj
Discover,16100,Delhi,31000,First Owner,11,150,Bajaj
RC,145000,Noida,1147,First Owner,6,200,KTM
Pulsar 135LS,60000,Bangalore,500,First Owner,4,135,Bajaj
Himalayan,138000,Chennai,13500,First Owner,5,410,Royal Enfield
CB Hornet 160R CBS,55000,Noida,4000,First Owner,5,160,Honda
Discover,20400,Jaipur,74000,First Owner,9,100,Bajaj
Apache RTR,35000,Kanpur,43000,First Owner,9,160,TVS
Avenger Cruise 220,67000,Bhubaneshwar,15000,First Owner,6,220,Bajaj
CB Trigger,52000,Bangalore,17600,First Owner,7,150,Honda
Avenger Street 150,84999,Hyderabad,7600,First Owner,4,150,Bajaj
CD Deluxe,30000,Faridabad,25729,First Owner,7,100,Hero
Classic,120000,Bellary,25000,First Owner,6,350,Royal Enfield
Pulsar 135LS,27000,Bangalore,49000,First Owner,11,135,Bajaj
Platina  Alloy ES-,46800,Baripara,10500,First Owner,4,100,Bajaj
CBR 150R,97000,Kanpur,24878,First Owner,5,150,Honda
Gixxer SF Special MOTOGP Edition,80000,Namakkal,14000,First Owner,4,150,Suzuki
Apache RTR,45000,Ahmedabad,44000,First Owner,6,160,TVS
Classic,120000,Delhi,5200,First Owner,7,500,Royal Enfield
Pulsar RS200,125000,Faridabad,2500,First Owner,4,200,Bajaj
FZ S V 2.0,65000,Pune,394,First Owner,6,150,Yamaha
FZ V 2.0,75000,Pune,13303,First Owner,3,150,Yamaha
Avenger Street 220,47000,Delhi,38561,First Owner,5,220,Bajaj
Passion Pro,25000,Delhi,35799,First Owner,6,100,Hero
Pulsar,12000,Faridabad,14916,First Owner,14,180,Bajaj
CBR 150R,48000,Pune,39555,First Owner,9,150,Honda
GT650R,307194,Faridabad,1487,First Owner,6,650,Hyosung
Apache,11000,Kanchipuram,6807,First Owner,14,150,TVS
RC,130000,Delhi,19321,First Owner,4,200,KTM
SZR,20500,Faridabad,21533,First Owner,8,150,Yamaha
Pulsar NS200,76200,Bangalore,20000,First Owner,4,200,Bajaj
Star Sport,22800,Jhansi,17000,Second Owner,5,100,TVS
HF Deluxe,33100,Jhansi,19000,First Owner,5,100,Hero
RC,174600,Hyderabad,9000,First Owner,3,200,KTM
Victor GX,18000,Mumbai,68857,First Owner,15,110,TVS
Bullet Electra,55000,Delhi,4572,Third Owner,17,350,Royal Enfield
Duke,212000,Pune,7500,First Owner,4,390,KTM
RC,140000,Delhi,6346,First Owner,4,200,KTM
Pulsar AS200,53300,Mumbai,3445,First Owner,5,200,Bajaj
Avenger Street 150,50000,Mumbai,22469,First Owner,4,150,Bajaj
CB Shine,18000,Hyderabad,61537,First Owner,13,125,Honda
Apache RTR,45636,Gautam Buddha Nagar,22967,First Owner,4,160,TVS
Passion Plus,30000,Nashik,1,Second Owner,13,100,Hero
RC,125000,Mumbai,32500,First Owner,5,390,KTM
Classic,111100,Delhi,21533,First Owner,5,350,Royal Enfield
Apache RTR 200 4V Race Edition 2.0,68500,Delhi,11101,First Owner,3,200,TVS
Classic,100000,Mumbai,17482,Second Owner,6,350,Royal Enfield
Discover,25400,Jhansi,25000,First Owner,7,100,Bajaj
Dominar 400 ABS,143000,Erode,3515,First Owner,3,400,Bajaj
Classic Chrome,121800,Nagaon,6515,First Owner,6,500,Royal Enfield
Apache RTR 200 4V ABS Race Edition,128000,Bangalore,4000,First Owner,2,200,TVS
Avenger,35000,Ahmedabad,8680,First Owner,6,220,Bajaj
Classic,130000,Delhi,24167,First Owner,4,350,Royal Enfield
Classic,125000,Chenani,14800,First Owner,3,350,Royal Enfield
TNT 25,124000,Jaipur,16500,First Owner,4,250,Benelli
Glamour i3s,75000,Gurgaon,7488,First Owner,2,125,Hero
Thunderbird,33500,Delhi,49463,First Owner,16,350,Royal Enfield
Bullet Electra Twinspark,90000,Ghaziabad,36587,First Owner,6,350,Royal Enfield
Bullet Electra,95000,Delhi,15525,First Owner,12,350,Royal Enfield
Discover,22000,Jaipur,28686,First Owner,9,125,Bajaj
Passion Pro,20000,Delhi,73190,First Owner,8,100,Hero
Discover,15000,Chennai,23000,First Owner,11,100,Bajaj
Splendor Pro,24500,Jhansi,30000,First Owner,9,100,Hero
CB Trigger,38000,Thiruvallur,22000,First Owner,7,150,Honda
Thunderbird,80000,Mumbai,50000,First Owner,6,350,Royal Enfield
Classic Desert Storm,110000,Kullu,28000,First Owner,5,500,Royal Enfield
Pulsar 135LS,15000,Aquem,26000,First Owner,11,135,Bajaj
Classic Signals Edition,170000,Ahmedabad,7000,First Owner,2,350,Royal Enfield
GT650R,350000,Faridabad,1487,First Owner,6,650,Hyosung
Splendor Pro,21700,Jhansi,30000,Second Owner,10,100,Hero
YZF-R15 2.0,125000,Bangalore,5000,First Owner,4,150,Yamaha
RC,130000,Bangalore,19495,First Owner,5,200,KTM
GS 150 R,25000,Panchkula,29000,First Owner,10,150,Suzuki
FZ S V 2.0,73000,Dehradun,3500,First Owner,4,150,Yamaha
CBR 250R,85000,Bellary,38000,First Owner,7,250,Honda
Duke,248000,Pune,5300,First Owner,4,390,KTM
YZF-R15 2.0,110000,Faridabad,18692,First Owner,3,150,Yamaha
Platina,17300,Jhansi,30000,First Owner,12,100,Bajaj
Discover,20000,Jhansi,30000,First Owner,10,100,Bajaj
Passion Xpro,35000,Ghaziabad,15430,First Owner,7,110,Hero
V15,36000,Delhi,24000,First Owner,5,150,Bajaj
Sport,29999,Ghaziabad,13058,First Owner,8,100,TVS
YZF-R15 2.0,64900,Hyderabad,38000,First Owner,8,150,Yamaha
Sport,26000,Faridabad,12216,First Owner,4,100,TVS
Pulsar 135LS,36000,Faridabad,6240,First Owner,5,135,Bajaj
Passion Pro,30000,Bhubaneshwar,25600,First Owner,10,100,Hero
Street 750,365000,Mumbai,10943,First Owner,6,750,Harley-Davidson
RC,130000,Bangalore,14324,First Owner,5,390,KTM
Dream Yuga,32000,Mumbai,13200,First Owner,7,110,Honda
Thunderbird,121000,Bangalore,35422,First Owner,5,500,Royal Enfield
Apache RTR,41000,Coimbatore,35196,First Owner,5,160,TVS
GT250R,220000,Hyderabad,9066,First Owner,5,250,Hyosung
Bullet Electra,80000,Lucknow,32735,First Owner,8,350,Royal Enfield
Pulsar,32000,Delhi,20000,First Owner,8,180,Bajaj
Passion Pro TR,26365,Tiruvallur,89999,First Owner,4,100,Hero
Dominar 400 ABS,145000,Coimbatore,9500,First Owner,4,400,Bajaj
Street 750,300000,Ghaziabad,16462,First Owner,6,750,Harley-Davidson
Avenger Street 220 ABS,45000,Chennai,35000,Second Owner,2,220,Bajaj
CB Unicorn,40000,Hyderabad,49000,Second Owner,8,150,Honda
FZ25,140000,Bangalore,2700,First Owner,2,250,Yamaha
Star City Plus,20000,Delhi,5515,First Owner,7,110,TVS
YZF-R15 2.0,90000,Thane,38000,First Owner,6,150,Yamaha
Saluto,31900,Delhi,21700,First Owner,6,125,Yamaha
FZs,18000,Delhi,64901,Third Owner,11,150,Yamaha
Thunderbird,117000,Mumbai,3400,First Owner,4,350,Royal Enfield
Splendor iSmart,40000,Gwalior,8000,First Owner,5,110,Hero
CBZ Xtreme,30000,Ghaziabad,32030,First Owner,7,150,Hero
YZF-R15 2.0,102700,Siliguri,19000,First Owner,3,150,Yamaha
Pulsar AS150,43600,Faridabad,15675,First Owner,6,150,Bajaj
Passion Pro,21400,Mumbai,35000,First Owner,11,100,Hero
Pulsar 135LS,30000,Delhi,32000,First Owner,7,135,Bajaj
‎ Bullet,115000,Hyderabad,500,First Owner,39,350,Royal Enfield
Himalayan,145000,Hyderabad,12302,First Owner,5,410,Royal Enfield
Himalayan,150000,Hyderabad,26157,First Owner,4,410,Royal Enfield
Fazer,21000,Alwar,16400,First Owner,10,150,Yamaha
Avenger Street 150,49000,Gurgaon,15000,First Owner,4,150,Bajaj
CB Hornet 160R CBS,45000,Gurgaon,16017,First Owner,5,160,Honda
Classic,133000,Pune,14200,First Owner,3,350,Royal Enfield
Splendor Plus,11000,Bhopal,56500,First Owner,15,100,Hero
Himalayan,135000,Mumbai,22444,First Owner,4,410,Royal Enfield
Platina,24500,Gurgaon,17260,First Owner,8,100,Bajaj
CT 100,24000,Gurgaon,21700,First Owner,5,100,Bajaj
Discover 150F,25000,Mumbai,18000,First Owner,6,150,Bajaj
Bullet Electra,80000,Ahmedabad,40000,First Owner,6,350,Royal Enfield
Classic,87000,Ahmedabad,23379,First Owner,7,350,Royal Enfield
Classic,150000,Ahmedabad,10789,First Owner,3,350,Royal Enfield
Classic,90000,Ahmedabad,23000,First Owner,6,350,Royal Enfield
CB Shine,18000,Ahmedabad,56000,First Owner,11,125,Honda
Himalayan,125000,Bangalore,23758,First Owner,5,410,Royal Enfield
Classic Dual Disc,125000,Faridabad,7303,First Owner,3,350,Royal Enfield
Glamour,16200,Pune,90382,First Owner,12,125,Hero
Pulsar NS200,35000,Delhi,77600,First Owner,9,200,Bajaj
Splendor iSmart,36000,Lucknow,16581,First Owner,4,110,Hero
Glamour,20000,Bangalore,33046,First Owner,12,125,Hero
Pulsar RS200,81990,Bangalore,41000,First Owner,6,200,Bajaj
Classic,131000,Jalandhar,8866,First Owner,6,500,Royal Enfield
Bullet Electra,63326,Delhi,17965,First Owner,9,350,Royal Enfield
Pulsar,26000,Virar,45000,First Owner,11,150,Bajaj
FZs,25000,Faridabad,78309,First Owner,9,150,Yamaha
Super Splendor i3s,54000,Lucknow,18276,First Owner,3,125,Hero
ER-6n,400000,Mumbai,9000,First Owner,4,650,Kawasaki
302R,283000,Pune,8025,First Owner,3,302,Benelli
Avenger Street 150,62000,Lucknow,8800,First Owner,5,150,Bajaj
Thunderbird,60000,Bangalore,72400,First Owner,10,350,Royal Enfield
CD Dawn,15000,Ahmedabad,21000,First Owner,15,100,Hero
Splendor Plus,22500,Ahmedabad,64578,First Owner,12,100,Hero
Iron 883,670000,Delhi,20000,Second Owner,4,883,Harley-Davidson
Karizma R,22000,Bangalore,49000,First Owner,14,223,Hero
YZF-R15 V3,114300,Gurgaon,11700,First Owner,3,150,Yamaha
Classic,95000,Bangalore,24745,First Owner,5,350,Royal Enfield
Pulsar,12000,Gurgaon,51855,Second Owner,12,150,Bajaj
CBR 650 F,440000,Vapi,10000,Second Owner,6,650,Honda
Classic,96000,Chandigarh,40497,First Owner,5,350,Royal Enfield
Gixxer SF Rear Disc,91000,Nagpur,4951,First Owner,3,150,Suzuki
Glamour i3s,43000,Hyderabad,22049,First Owner,4,125,Hero
Classic,140000,Bangalore,11166,First Owner,3,350,Royal Enfield
CBR 250R,50000,Delhi,21623,First Owner,9,250,Honda
Interceptor,265500,Nellore,12000,First Owner,2,650,Royal Enfield
Continental GT,165000,Coimbatore,4610,First Owner,5,535,Royal Enfield
Fazer,50000,Chandigarh,42000,First Owner,7,150,Yamaha
Avenger,32000,Ahmedabad,24530,Third Owner,9,220,Bajaj
Pulsar 220F,38000,Pune,77000,Second Owner,7,220,Bajaj
FZs,17000,Delhi,15000,Second Owner,13,150,Yamaha
Thunderbird,45000,Bangalore,93108,Third Owner,18,350,Royal Enfield
Bullet Electra,85000,Bangalore,45000,First Owner,6,350,Royal Enfield
Classic Signals Edition,160000,Bangalore,18000,First Owner,3,350,Royal Enfield
Thunderbird,129000,Bangalore,4828,First Owner,4,500,Royal Enfield
Classic,78000,Delhi,26536,First Owner,7,350,Royal Enfield
Electra,100000,Pune,19489,First Owner,5,350,Royal Enfield
Discover 100T,15500,Delhi,93968,First Owner,8,100,Bajaj
Bullet Electra,135000,Pune,3900,First Owner,3,350,Royal Enfield
Avenger Cruise 220,60000,Pune,19800,First Owner,5,220,Bajaj
TNT 300,199999,Chennai,15000,Second Owner,4,300,Benelli
Duke,130000,Mumbai,8000,First Owner,3,200,KTM
Apache RTR ABS,48900,Kolkata,36000,First Owner,6,180,TVS
Z800,528000,Mumbai,8821,First Owner,5,800,Kawasaki
RC,102165,Kolkata,40800,First Owner,6,390,KTM
RC,145000,Kolkata,13000,First Owner,4,390,KTM
Super Splendor,57000,Noida,3200,First Owner,2,125,Hero
Duke,115000,Mangalore,29500,First Owner,7,200,KTM
Duke,75000,Delhi,19960,First Owner,7,200,KTM
Pulsar,19000,Faridabad,16954,First Owner,9,150,Bajaj
Glamour,19000,Delhi,48000,First Owner,12,125,Hero
Bullet Twinspark Kickstart,105000,Faridabad,7255,First Owner,2,350,Royal Enfield
Passion Pro,23000,Mumbai,33300,Second Owner,11,100,Hero
Bullet Electra,70000,Bangalore,60095,Second Owner,14,350,Royal Enfield
Bullet Electra,58000,Gautam Buddha Nagar,28922,First Owner,13,350,Royal Enfield
Thunderbird X,141800,Bhopal,9200,First Owner,3,350,Royal Enfield
CB Twister,25000,Bangalore,42573,First Owner,11,110,Honda
CBR 150R,59000,Mumbai,25385,First Owner,7,150,Honda
CBR 150R,55999,Mumbai,55000,Second Owner,8,150,Honda
Pulsar,28000,Lucknow,17250,Third Owner,8,150,Bajaj
Passion Pro,31000,Mumbai,45000,First Owner,7,100,Hero
Street 750,270200,Ghaziabad,11982,First Owner,7,750,Harley-Davidson
Livo Disc,45000,Surat,43500,First Owner,5,110,Honda
Discover,30000,Faridabad,13008,First Owner,3,125,Bajaj
Thunderbird,250000,Bangalore,15000,Second Owner,12,350,Royal Enfield
CB Twister,27000,Pune,37000,First Owner,10,110,Honda
Pulsar AS200,58000,Bangalore,40000,Second Owner,5,200,Bajaj
FZ S V 3.0 ABS Dark Knight BS VI,98000,Hyderabad,6000,First Owner,2,150,Yamaha
V15,36800,Bangalore,12000,First Owner,5,150,Bajaj
Apache RTR,28000,Lucknow,22000,Second Owner,8,160,TVS
Discover,19500,Gurgaon,21400,First Owner,8,125,Bajaj
Fazer FI V 2.0,75000,Hyderabad,11787,First Owner,5,150,Yamaha
Ninja,110000,Mumbai,24000,Third Owner,9,250,Kawasaki
Pulsar 135LS,45801,Mumbai,14956,First Owner,3,135,Bajaj
Classic,84100,Pune,22000,First Owner,8,350,Royal Enfield
Classic,80000,Pune,22500,First Owner,7,350,Royal Enfield
Pulsar NS200,80000,Udhampur,7500,First Owner,4,200,Bajaj
Duke,95000,Mumbai,25000,First Owner,7,390,KTM
Apache RR310,195000,Mumbai,11950,First Owner,3,310,TVS
Pulsar NS200,87000,Chandigarh,5000,First Owner,3,200,Bajaj
Platina,14500,Gurgaon,36578,First Owner,10,100,Bajaj
Pulsar,25000,Thane,59423,Second Owner,10,220,Bajaj
Star City,22000,Jaipur,31000,First Owner,10,110,TVS
Bullet,108000,Trivandrum,29200,First Owner,5,350,Royal Enfield
Avenger Street 220,62000,Visakhapatnam,19380,First Owner,5,220,Bajaj
FZ16,55000,Bangalore,10000,First Owner,5,150,Yamaha
Avenger,45000,Mumbai,15000,First Owner,8,220,Bajaj
Duke,185000,Chennai,4362,First Owner,2,250,KTM
CB Trigger,35000,Kolkata,8000,First Owner,7,150,Honda
Discover 125ST,20000,Gurgaon,28425,First Owner,8,125,Bajaj
CB Hornet 160R CBS,65000,Kolkata,11000,First Owner,3,160,Honda
Avenger,65000,Pune,30377,First Owner,5,220,Bajaj
Karizma R,35000,Gurgaon,26000,First Owner,8,223,Hero
Gixxer Dual Tone Rear Disc,56900,Mumbai,31000,First Owner,4,150,Suzuki
YZF-R15,47000,Chennai,42000,First Owner,9,150,Yamaha
RC,160000,Bangalore,6500,First Owner,5,200,KTM
Gixxer,70000,Bangalore,15500,First Owner,5,150,Suzuki
Bullet Electra Twinspark,120000,Bangalore,9500,First Owner,6,350,Royal Enfield
Avenger,35000,Pune,52340,First Owner,10,220,Bajaj
CT 100 ES Alloy,36000,Chennai,17652,First Owner,3,100,Bajaj
Ignitor,20600,Dhamtari,35000,First Owner,8,125,Hero
Thunderbird,140000,Noida,13624,First Owner,5,350,Royal Enfield
Classic Desert Storm,145000,Mumbai,14307,First Owner,5,500,Royal Enfield
Pulsar,22200,Ahmedabad,34698,First Owner,9,150,Bajaj
Classic,95500,Nagaon,26000,First Owner,4,350,Royal Enfield
Pulsar,30000,24 Pargana,60000,Second Owner,7,150,Bajaj
Avenger,55000,Bangalore,13915,First Owner,8,220,Bajaj
YZF-R15 V3,135000,Delhi,14050,First Owner,3,150,Yamaha
Duke,85000,Mumbai,29249,First Owner,6,200,KTM
Gixxer SF,36000,Delhi,29936,First Owner,6,150,Suzuki
Passion Pro,16500,Faridabad,17420,First Owner,11,100,Hero
Avenger,26333,Ahmedabad,32000,First Owner,7,220,Bajaj
HF Deluxe Eco,35000,Faridabad,20928,First Owner,3,100,Hero
Pulsar,33000,Bangalore,24669,Second Owner,10,150,Bajaj
Platina  Alloy ES-,32000,Faridabad,13187,First Owner,3,100,Bajaj
Apache RTR 160 4V Carburetor,90700,Delhi,900,First Owner,2,160,TVS
RC,165000,Erode,5230,First Owner,3,200,KTM
Apache RTR 200 4V Carburetor,55000,Noida,30000,First Owner,4,200,TVS
Passion Pro,17000,Bardhaman,45000,First Owner,12,100,Hero
Splendor Plus,21500,Noida,43000,First Owner,9,100,Hero
Classic,145700,Hyderabad,9400,First Owner,4,500,Royal Enfield
Pulsar 135LS,21000,Ghaziabad,21062,First Owner,10,135,Bajaj
CB Shine,28000,Ghaziabad,15768,First Owner,6,125,Honda
Bullet Twinspark,82000,Mumbai,146642,First Owner,7,500,Royal Enfield
Passion Xpro,23000,Delhi,18000,Second Owner,9,110,Hero
Avenger Street 150,53000,Ghaziabad,19068,First Owner,4,150,Bajaj
CT 100,30000,Ghaziabad,27571,First Owner,4,100,Bajaj
Bullet Electra,85000,Mumbai,20000,First Owner,10,350,Royal Enfield
Duke,115000,Bangalore,30000,First Owner,8,200,KTM
Bullet Electra,55000,Ghaziabad,40000,First Owner,12,350,Royal Enfield
HF Deluxe Self Spoke,42000,Pune,15148,First Owner,3,100,Hero
Passion Pro,23500,Vadodara,25000,First Owner,11,100,Hero
Dream Neo,25000,Vadodara,24000,First Owner,8,110,Honda
CB Shine,21000,Jaipur,43000,First Owner,9,125,Honda
Classic Gunmetal Grey ABS,161100,Guwahati,1753,First Owner,2,350,Royal Enfield
Pulsar RS200,70500,Bangalore,37415,First Owner,5,200,Bajaj
Classic Desert Storm,110000,Delhi,6500,First Owner,6,500,Royal Enfield
Thunderbird X,158000,Jaisalmer,1500,First Owner,3,500,Royal Enfield
CB ShineSP Disc,48000,Delhi,5400,First Owner,3,125,Honda
Gixxer,38500,Kalyan,20000,First Owner,7,150,Suzuki
Gixxer SF,60000,Bangalore,41000,First Owner,5,150,Suzuki
Street 750 ABS,470000,Gurgaon,11164,First Owner,3,750,Harley-Davidson
Bullet,78500,Delhi,16693,First Owner,5,350,Royal Enfield
Discover,25000,Ghaziabad,27683,First Owner,6,125,Bajaj
Sport,22000,Ghaziabad,23182,First Owner,7,100,TVS
FZ16,25000,Panipat,40500,First Owner,8,150,Yamaha
Passion Pro,37000,Ghaziabad,29494,Second Owner,8,100,Hero
Platina,23000,Gurgaon,25144,First Owner,6,100,Bajaj
Pulsar 220F,68000,Mumbai,15000,First Owner,3,220,Bajaj
Machismo,100000,Mumbai,38933,Second Owner,14,350,Royal Enfield
SZR,31000,Mumbai,12300,First Owner,10,150,Yamaha
Sports plus ES,30000,Hyderabad,25981,First Owner,7,100,TVS
CB Shine,35000,Hyderabad,21228,First Owner,10,125,Honda
Discover,19000,Vandalur,45000,First Owner,7,150,Bajaj
CBF Stunner,17000,Gurgaon,28516,First Owner,12,125,Honda
Livo,42000,Ahmedabad,17000,First Owner,5,110,Honda
Ignitor,18000,Gurgaon,24921,First Owner,8,125,Hero
V15,35000,Bangalore,36027,First Owner,5,150,Bajaj
Pulsar,40100,Aligarh,52000,First Owner,6,220,Bajaj
V15,47000,Ahmedabad,11800,First Owner,4,150,Bajaj
V15,26000,Gurgaon,19346,First Owner,4,150,Bajaj
Bullet Electra,100000,Delhi,30678,First Owner,5,350,Royal Enfield
Dominar 400 ABS,140000,Bangalore,19000,First Owner,4,400,Bajaj
Apache RTR 200 4V Carburetor,68000,Delhi,30664,First Owner,3,200,TVS
Ignitor,29999,Delhi,33232,First Owner,7,125,Hero
Electra,97999,Bangalore,50000,First Owner,7,350,Royal Enfield
Thunderbird,90000,Bangalore,25000,First Owner,6,350,Royal Enfield
CB Hornet 160R CBS,70000,Pune,19000,First Owner,5,160,Honda
CBZ Xtreme,13000,Faridabad,37181,First Owner,14,150,Hero
Apache RR310,199000,Mumbai,12000,First Owner,3,310,TVS
Apache RR310,220000,Noida,5432,First Owner,2,310,TVS
Pulsar 220F,27000,Gurgaon,23000,First Owner,9,220,Bajaj
Pulsar RS200 ABS,143000,Lucknow,2351,First Owner,2,200,Bajaj
TNT 300,225000,Chennai,13000,First Owner,5,300,Benelli
Pulsar NS200,46000,Howrah,29000,Second Owner,8,200,Bajaj
CB Shine,35000,Ghaziabad,12308,First Owner,7,125,Honda
Discover 100M,16000,Faridabad,75537,First Owner,9,100,Bajaj
Classic,130000,Delhi,5580,First Owner,4,350,Royal Enfield
Pulsar,30000,Faridabad,21585,First Owner,6,150,Bajaj
Pulsar,47000,Gurgaon,25000,First Owner,4,150,Bajaj
Sport,31000,Jaipur,20000,First Owner,7,100,TVS
Apache RTR,30000,Ghaziabad,25223,First Owner,8,180,TVS
F750 GS,1350000,Delhi,4600,First Owner,3,850,BMW
Star Sport,30000,Bangalore,18813,First Owner,7,100,TVS
Star City Plus,28000,Gurgaon,99813,First Owner,5,110,TVS
RC,190000,Jaipur,7902,First Owner,2,200,KTM
Star City Plus,25000,Ghaziabad,45393,First Owner,5,110,TVS
Star Sport,25000,Jaipur,22620,First Owner,9,100,TVS
Apache RTR,24000,Jaipur,20885,First Owner,14,180,TVS
Duke,150000,Ghaziabad,16000,First Owner,4,200,KTM
Sport,23000,Faridabad,15095,First Owner,6,100,TVS
Star City,23000,Gurgaon,20019,First Owner,7,110,TVS
Sport,22500,Ghaziabad,24461,First Owner,7,100,TVS
Apache RTR,22000,Gurgaon,25560,First Owner,12,180,TVS
Sport,22000,Ghaziabad,24691,First Owner,7,100,TVS
Passion Pro,27500,Ludhiana,12000,First Owner,9,100,Hero
Hunk,27000,Jaipur,18240,First Owner,11,150,Hero
HF Deluxe,29000,Jaipur,20787,First Owner,9,100,Hero
Pulsar,35000,Jaipur,18020,First Owner,7,150,Bajaj
CB Shine,27500,Vadodara,26000,First Owner,8,125,Honda
Splendor Plus,30500,Vadodara,25000,First Owner,6,100,Hero
CD Deluxe,20000,Vadodara,62000,First Owner,12,100,Hero
Bullet Electra Twinspark ABS,127000,Mumbai,83,First Owner,2,350,Royal Enfield
CB Unicorn,48000,Mumbai,26900,First Owner,7,150,Honda
CB Unicorn 160 CBS,50000,Mumbai,30977,First Owner,5,160,Honda
CB Unicorn,40000,Mumbai,24504,First Owner,7,150,Honda
CB Shine Disc,35000,Mumbai,34000,First Owner,6,125,Honda
CB Shine,53000,Mumbai,20805,First Owner,4,125,Honda
Pulsar,78000,Belgaum,12500,Second Owner,2,150,Bajaj
Bullet,95000,Bangalore,16000,First Owner,5,500,Royal Enfield
RC,84400,Mumbai,25000,Third Owner,6,200,KTM
Glamour Fi,29000,Patna,30579,First Owner,6,125,Hero
Ninja,425000,Kanchipuram,6000,First Owner,7,650,Kawasaki
Bullet Twinspark,114000,Delhi,1661,First Owner,3,350,Royal Enfield
Pulsar 220F,91400,Bangalore,400,First Owner,4,220,Bajaj
Splendor Plus,26000,Faridabad,15000,First Owner,5,100,Hero
Apache RTR 200 4V Carburetor,59000,Faridabad,35693,First Owner,4,200,TVS
SS 125,22000,Jaipur,65798,First Owner,10,125,Yamaha
CB Shine Disc,21500,Motihari,69000,First Owner,8,125,Honda
Karizma R,55000,Howrah,39000,First Owner,8,223,Hero
CBZ,20000,Mumbai,25000,First Owner,19,150,Hero
Bullet Electra,73000,Nagpur,13000,Second Owner,10,350,Royal Enfield
Himalayan,150900,Delhi,1500,First Owner,3,410,Royal Enfield
Pulsar AS150,54147,Mumbai,41000,First Owner,5,150,Bajaj
Pulsar AS200,51000,Mumbai,11500,First Owner,6,200,Bajaj
Pulsar,22300,Thane,39000,First Owner,11,150,Bajaj
Avenger Street 220,60000,Bhubaneshwar,23500,Second Owner,5,220,Bajaj
Gixxer Dual Tone Rear Disc,46000,Lucknow,22825,First Owner,4,150,Suzuki
Intruder,93300,Bangalore,1500,First Owner,3,150,Suzuki
Thunderbird,150000,Lucknow,11306,First Owner,3,350,Royal Enfield
Discover,22100,Chennai,68000,First Owner,13,135,Bajaj
Pulsar RS200 ABS,70000,Ahmedabad,7250,First Owner,5,200,Bajaj
Pulsar,22000,Bhopal,26000,First Owner,13,150,Bajaj
Duke,150000,Bhubaneshwar,27096,First Owner,4,390,KTM
Duke,234000,Gurgaon,2280,First Owner,2,390,KTM
V15,42000,Bhubaneshwar,19000,First Owner,5,150,Bajaj
Pulsar NS200,46000,Mumbai,20000,First Owner,9,200,Bajaj
Honda Splendor,12000,Faridabad,2897,First Owner,10,100,Hero
YZF-R15 S,73800,Chennai,22400,First Owner,5,150,Yamaha
FZS FI,60000,Delhi,12000,First Owner,5,150,Yamaha
Splendor Pro,22500,Jhansi,35000,Third Owner,8,100,Hero
Passion Pro,34800,Jhansi,23000,First Owner,5,100,Hero
Splendor Pro,26600,Jhansi,26000,Second Owner,7,100,Hero
Splendor Pro,23500,Jhansi,30000,Second Owner,9,100,Hero
Avenger Street 150,54900,Jhansi,11000,First Owner,5,150,Bajaj
HF Deluxe i3s,41800,Jhansi,16000,First Owner,4,100,Hero
Pulsar 200 NS,50000,Ahmedabad,44000,First Owner,7,200,Bajaj
Passion Plus,23000,Delhi,28000,First Owner,10,100,Hero
‎ Bullet,99000,Delhi,5000,First Owner,7,350,Royal Enfield
Passion Plus,17000,Jhansi,40000,Second Owner,16,100,Hero
Bullet,89000,Lucknow,19890,Fourth Owner Or More,27,350,Royal Enfield
Discover,19000,Jhansi,22000,First Owner,11,100,Bajaj
Standard,70000,Faridabad,46000,Second Owner,11,350,Royal Enfield
Classic,105600,Bangalore,17600,First Owner,6,350,Royal Enfield
Pulsar,20999,Bangalore,61084,First Owner,13,150,Bajaj
Standard,72000,Ludhiana,25000,Second Owner,18,350,Royal Enfield
Dominar 400 ABS,177500,Silchar,3000,First Owner,2,400,Bajaj
Dominar 400,150000,Bangalore,16000,First Owner,2,400,Bajaj
CB Trigger,50400,Pune,5000,First Owner,6,150,Honda
Duke,78000,Chennai,33000,First Owner,8,200,KTM
Avenger Street 150,52843,Alipore,59886,First Owner,5,150,Bajaj
CB Shine,22000,Dharwar,20000,First Owner,8,125,Honda
Fazer FI V 2.0,68000,Mumbai,9103,Second Owner,3,150,Yamaha
Thunderbird,100000,Ahmedabad,11738,First Owner,4,350,Royal Enfield
Super Splendor,20000,Faridabad,33766,First Owner,8,125,Hero
Pulsar NS200 ABS,82000,Hyderabad,4304,First Owner,4,200,Bajaj
Standard,85500,Noida,24363,First Owner,6,350,Royal Enfield
Bullet,100000,Noida,4587,First Owner,4,350,Royal Enfield
Discover 150S Disc,20990,Gurgaon,82000,First Owner,6,150,Bajaj
Slingshot Plus,15900,Ahmedabad,39000,First Owner,10,125,Suzuki
YZF-R15,48000,Mumbai,15684,First Owner,10,150,Yamaha
Duke,135000,Jaipur,12507,First Owner,4,250,KTM
Pulsar,38000,Dehradun,35000,First Owner,9,220,Bajaj
Ninja,481000,Delhi,2000,First Owner,4,650,Kawasaki
Avenger,32000,Gurgaon,25751,Third Owner,8,220,Bajaj
Pulsar 220F,42000,Mumbai,32897,First Owner,7,220,Bajaj
Pulsar,22000,Delhi,67776,First Owner,8,150,Bajaj
Continental GT,104076,Noida,4607,First Owner,6,535,Royal Enfield
HF Deluxe,42000,Mumbai,11000,First Owner,4,100,Hero
HF Deluxe,42000,Jaipur,21145,First Owner,4,100,Hero
Gixxer SF Special MOTOGP Edition Rear Disc,70000,Delhi,13678,First Owner,4,150,Suzuki
Bullet Electra,90000,Chennai,69025,Second Owner,17,350,Royal Enfield
Glamour,32000,Delhi,14249,First Owner,6,125,Hero
Bullet,115000,Gurgaon,23552,First Owner,8,350,Royal Enfield
Classic Chrome,150000,Shimoga,13100,First Owner,7,500,Royal Enfield
Avenger,51000,Dakshina Kannada,29700,First Owner,5,220,Bajaj
Platina,32000,Jaipur,23000,First Owner,4,100,Bajaj
Avenger,65000,Noida,19700,First Owner,4,220,Bajaj
CB Shine,20000,Gurgaon,44500,First Owner,11,125,Honda
Dominar 400,140000,Ghaziabad,22000,First Owner,3,400,Bajaj
Duke,180000,Mumbai,27874,First Owner,4,390,KTM
V15,25000,Delhi,28550,First Owner,5,150,Bajaj
HF Deluxe,28000,Gurgaon,9184,First Owner,6,100,Hero
V15,35500,Gurgaon,15047,First Owner,3,150,Bajaj
Passion Plus,15000,Gurgaon,35400,First Owner,13,100,Hero
Platina  Alloy ES-,30000,Gurgaon,25000,First Owner,4,100,Bajaj
Apache RTR,52000,Ghaziabad,17237,First Owner,4,160,TVS
Passion Pro,27000,Delhi,12100,First Owner,9,100,Hero
HF Deluxe,38000,Faridabad,11799,First Owner,4,100,Hero
HF Deluxe,36000,Faridabad,5323,First Owner,4,100,Hero
CD Deluxe,36000,Gurgaon,16096,First Owner,6,100,Hero
Splendor iSmart,36000,Delhi,11571,First Owner,5,110,Hero
YZF-R15,65000,Faridabad,21544,First Owner,6,150,Yamaha
Fazer,45000,Bangalore,38040,First Owner,7,150,Yamaha
FZs,45000,Jaipur,18237,First Owner,7,150,Yamaha
FZ,45000,Delhi,16000,First Owner,7,150,Yamaha
FZs,44000,Jaipur,32000,First Owner,7,150,Yamaha
FZ16,44000,Jaipur,18250,First Owner,7,150,Yamaha
FZs,44000,Jaipur,27000,First Owner,8,150,Yamaha
FZ16,42000,Jaipur,25000,First Owner,6,150,Yamaha
FZ,42000,Ghaziabad,19560,Second Owner,8,150,Yamaha
FZs,40000,Delhi,20000,First Owner,7,150,Yamaha
Avenger,59500,Delhi,5000,First Owner,5,220,Bajaj
V15,57000,Delhi,1400,First Owner,3,150,Bajaj
CB Shine CBS,37000,Jaipur,8687,First Owner,5,125,Honda
Pulsar,46000,Gurgaon,15011,First Owner,8,220,Bajaj
Pulsar,43000,Jaipur,20134,First Owner,6,150,Bajaj
Pulsar AS150,41000,Gurgaon,31942,First Owner,6,150,Bajaj
CBZ,22000,Jalandhar,40000,First Owner,11,150,Hero
Hunk,22000,Noida,20000,First Owner,13,150,Hero
Splendor Plus,33000,Faridabad,16587,First Owner,6,100,Hero
Splendor Plus,33000,Faridabad,10438,First Owner,4,100,Hero
CT 100,27000,Gurgaon,31969,First Owner,4,100,Bajaj
Discover,27000,Gurgaon,35000,First Owner,7,125,Bajaj
CT 100,27000,Ghaziabad,22477,First Owner,5,100,Bajaj
Pulsar,26500,Gurgaon,26888,First Owner,7,150,Bajaj
Discover,26500,Jaipur,18345,First Owner,10,135,Bajaj
Pulsar,26000,Faridabad,22778,First Owner,7,150,Bajaj
Pulsar 135LS,26000,Gurgaon,16023,First Owner,11,135,Bajaj
CT 100,26000,Faridabad,30075,First Owner,5,100,Bajaj
Discover,25000,Mumbai,80725,First Owner,11,125,Bajaj
CT 100,25000,Faridabad,54151,First Owner,5,100,Bajaj
CT 100,25000,Ludhiana,22000,First Owner,5,100,Bajaj
CD Deluxe,18000,Gurgaon,73031,First Owner,11,100,Hero
Avenger,38000,Delhi,20000,First Owner,8,220,Bajaj
Glamour,47500,Faridabad,10721,First Owner,3,125,Hero
HF Deluxe,47000,Jaipur,20748,First Owner,4,100,Hero
Passion Pro,46000,Faridabad,6756,First Owner,3,100,Hero
Splendor Plus,46000,Faridabad,10883,First Owner,3,100,Hero
Passion Pro,45000,Ghaziabad,13451,First Owner,3,100,Hero
Splendor Plus,45000,Gurgaon,10000,First Owner,3,100,Hero
Passion Pro,45000,Noida,2017,First Owner,4,100,Hero
Splendor Plus,45000,Faridabad,4351,First Owner,3,100,Hero
Splendor iSmart,45000,Jaipur,22000,First Owner,4,110,Hero
CBZ Xtreme,45000,Ahmedabad,32416,First Owner,6,150,Hero
Splendor Plus,43000,Faridabad,12296,First Owner,3,100,Hero
Passion Xpro,35800,Delhi,15000,First Owner,6,110,Hero
CBF Stunner,22000,Gurgaon,48824,First Owner,12,125,Honda
CB Shine,22000,Jaipur,22000,First Owner,9,125,Honda
Dream Yuga,18000,Gurgaon,18157,First Owner,9,110,Honda
CB Shine,17000,Gurgaon,40877,First Owner,13,125,Honda
YZF-R15 V3,115000,Faridabad,14088,First Owner,3,150,Yamaha
CBZ Xtreme,25000,Ghaziabad,35244,Third Owner,9,150,Hero
Splendor Plus,25000,Gurgaon,30027,First Owner,8,100,Hero
Splendor Plus,25000,Gurgaon,18456,First Owner,8,100,Hero
FZ25,90000,Faridabad,10144,First Owner,3,250,Yamaha
Passion Pro,25000,Jaipur,19296,First Owner,9,100,Hero
FZs,80000,Jaipur,12000,First Owner,3,150,Yamaha
Glamour,25000,Delhi,13000,First Owner,10,125,Hero
FZ V 2.0,70000,Faridabad,11592,First Owner,3,150,Yamaha
Pulsar,50000,Chennai,18096,First Owner,6,220,Bajaj
Pulsar AS150,49000,Bangalore,18510,First Owner,6,150,Bajaj
CBR 250R,120000,Chennai,44000,First Owner,5,250,Honda
CBF Stunner,24000,Gurgaon,26520,First Owner,9,125,Honda
Discover,14000,Ghaziabad,59752,First Owner,10,125,Bajaj
Splendor iSmart,40000,Indore,42000,First Owner,7,100,Hero
Classic,142000,Hyderabad,16690,First Owner,3,350,Royal Enfield
Fazer,30000,Delhi,30920,First Owner,10,150,Yamaha
Avenger Street 150,45000,Vadodara,29000,First Owner,5,150,Bajaj
CT 100,22000,Gurgaon,22174,First Owner,5,100,Bajaj
Apache RTR 200 4V Carburetor,70000,Ranchi,20000,First Owner,4,200,TVS
Livo,54000,Jhunjhunu,5900,First Owner,2,110,Honda
Fazer 25,110000,Pune,21613,First Owner,4,250,Yamaha
YZF-R15,105000,Delhi,6900,First Owner,2,150,Yamaha
Passion Pro i3S Alloy,45000,Mumbai,8324,First Owner,3,100,Hero
Pulsar RS200 ABS,89000,Alibag,38000,First Owner,5,200,Bajaj
Pulsar,16000,Ghaziabad,42000,First Owner,14,150,Bajaj
Apache RTR 200 4V Fi,60000,Hyderabad,46790,First Owner,5,200,TVS
Bullet Electra,60000,Delhi,36000,Third Owner,11,350,Royal Enfield
Himalayan Sleet ABS,175000,Alipore,1800,First Owner,2,410,Royal Enfield
Continental GT,145000,Delhi,7000,First Owner,6,535,Royal Enfield
Thunderbird,68000,Pune,59544,Second Owner,10,350,Royal Enfield
Karizma ZMR,47900,Bangalore,30100,First Owner,6,223,Hero
Street 750,340000,Delhi,12000,First Owner,7,750,Harley-Davidson
RC,113000,Bangalore,2343,First Owner,5,200,KTM
Pulsar,26000,Mumbai,46267,Second Owner,10,220,Bajaj
Pulsar NS,52949,Mumbai,26000,First Owner,8,200,Bajaj
CBZ Xtreme,18000,Ghaziabad,32000,First Owner,13,150,Hero
Classic,74000,Mumbai,15000,First Owner,9,350,Royal Enfield
Pulsar RS200 ABS,85000,Hyderabad,11063,First Owner,6,200,Bajaj
Duke,97000,Ghaziabad,24699,First Owner,4,200,KTM
FZ16,34999,Gautam Buddha Nagar,45000,First Owner,13,150,Yamaha
Classic Gunmetal Grey,148000,Bangalore,12050,First Owner,3,350,Royal Enfield
Karizma ZMR,45000,Mumbai,18500,First Owner,7,223,Hero
Bullet Electra Twinspark ABS,140000,Mumbai,2000,First Owner,2,350,Royal Enfield
Iron 883,573300,Pune,28000,First Owner,5,883,Harley-Davidson
YBR,18000,Delhi,12200,First Owner,9,110,Yamaha
Star Sport,34000,Jaipur,11536,First Owner,5,100,TVS
HF Deluxe,19000,Faridabad,23878,First Owner,11,100,Hero
Splendor,18500,Ahmedabad,32184,First Owner,16,100,Hero
HF Deluxe,37000,Jaipur,19598,First Owner,6,100,Hero
CD 110 Dream,36000,Gurgaon,14192,First Owner,6,110,Honda
Dream Neo,36000,Gurgaon,14210,First Owner,6,110,Honda
CB Shine,36000,Jaipur,21172,First Owner,8,125,Honda
CB Shine,35500,Jaipur,17405,First Owner,7,125,Honda
Dream Neo,35000,Gurgaon,15242,First Owner,6,110,Honda
Sport,34000,Jaipur,4474,First Owner,3,100,TVS
Duke,120000,Mumbai,11735,First Owner,5,390,KTM
YZF-R15 2.0,50000,Delhi,18835,First Owner,8,150,Yamaha
CB Twister,20000,Gurgaon,45000,First Owner,10,110,Honda
Classic Chrome,95000,Bangalore,40000,First Owner,10,500,Royal Enfield
Classic Desert Storm,114000,Bangalore,13631,First Owner,6,500,Royal Enfield
Classic Desert Storm,105000,Bangalore,19111,First Owner,7,500,Royal Enfield
YZF-R15 2.0,48000,Bijnor,39000,Second Owner,9,150,Yamaha
Discover 125ST,18000,Pune,61906,First Owner,8,125,Bajaj
Discover,28000,Delhi,15000,First Owner,8,125,Bajaj
FZ16,42000,Pune,32702,First Owner,9,150,Yamaha
CBZ,15000,Navsari,300000,Second Owner,19,150,Hero
Ninja,186000,Kolkata,22000,First Owner,7,300,Kawasaki
Saluto,28000,Gurgaon,16300,First Owner,5,125,Yamaha
Himalayan,125000,Delhi,10158,First Owner,5,410,Royal Enfield
Apache RTR 200 4V Race Edition 2.0,98000,Bangalore,16646,First Owner,3,200,TVS
Classic,120000,Jaipur,2069,First Owner,7,350,Royal Enfield
Thunderbird,95000,Lucknow,17000,First Owner,9,350,Royal Enfield
CD 110 Dream,40000,Jaipur,24056,First Owner,4,110,Honda
Electra,130000,Faridabad,3688,First Owner,2,350,Royal Enfield
Pulsar,33000,Jalandhar,33500,First Owner,8,180,Bajaj
Pulsar,32000,Ghaziabad,24079,First Owner,8,150,Bajaj
Pulsar,32000,Jaipur,18136,First Owner,9,150,Bajaj
CT 100,32000,Faridabad,14118,First Owner,3,100,Bajaj
CT 100,32000,Faridabad,7652,First Owner,4,100,Bajaj
Platina,32000,Faridabad,15989,First Owner,4,100,Bajaj
Pulsar,30894,Aurangabad,42305,First Owner,7,150,Bajaj
CT 100,30000,Faridabad,51132,First Owner,6,100,Bajaj
CT 100,29000,Faridabad,15369,First Owner,3,100,Bajaj
Pulsar,39000,Noida,15000,First Owner,7,180,Bajaj
V15,39000,Jaipur,26885,First Owner,5,150,Bajaj
Pulsar,38000,Jaipur,22724,First Owner,7,150,Bajaj
Platina  Alloy ES-,38000,Gurgaon,66731,First Owner,3,100,Bajaj
CT 100,36400,Ludhiana,6000,First Owner,3,100,Bajaj
Platina  Alloy ES-,36000,Faridabad,10160,First Owner,4,100,Bajaj
Pulsar,35000,Faridabad,15202,First Owner,9,150,Bajaj
Pulsar 135LS,35000,Jalandhar,30000,First Owner,8,135,Bajaj
CT 100 ES Alloy,34000,Faridabad,18672,First Owner,3,100,Bajaj
CT 100 Spoke,34000,Jaipur,10841,First Owner,3,100,Bajaj
Centuro,29000,Jaipur,18000,First Owner,7,110,Mahindra
Honda Splendor,28000,Jaipur,21336,First Owner,10,100,Hero
Avenger Street 180,74084,Aurangabad,12833,First Owner,3,180,Bajaj
Pulsar,72000,Bangalore,21389,First Owner,4,220,Bajaj
Avenger,65000,Jaipur,19134,First Owner,6,220,Bajaj
Avenger Street 150,56000,Faridabad,21435,First Owner,4,150,Bajaj
Avenger,55000,Jaipur,18000,First Owner,5,220,Bajaj
Pulsar NS200,46000,Delhi,23000,First Owner,8,200,Bajaj
Avenger,45000,Delhi,22222,First Owner,7,220,Bajaj
Splendor Plus,26000,Gurgaon,37877,First Owner,7,100,Hero
CBZ Xtreme,26000,Noida,14000,First Owner,11,150,Hero
HF Deluxe,26000,Jaipur,20000,First Owner,9,100,Hero
Splendor iSmart,26000,Delhi,35655,First Owner,6,100,Hero
CB Shine,24000,Gurgaon,2392,First Owner,9,125,Honda
Dream Yuga,24000,Gurgaon,38706,First Owner,8,110,Honda
CB Shine,24000,Jaipur,20509,First Owner,12,125,Honda
Passion Pro,30000,Gurgaon,18000,First Owner,6,100,Hero
HF Deluxe,30000,Jaipur,21326,First Owner,7,100,Hero
Ignitor,30000,Jaipur,18251,First Owner,8,125,Hero
Splendor Plus,30000,Faridabad,33824,First Owner,6,100,Hero
CBZ Xtreme,42000,Gurgaon,6500,First Owner,5,150,Hero
Splendor Plus,42000,Faridabad,9164,First Owner,3,100,Hero
Splendor Plus,42000,Faridabad,9817,First Owner,3,100,Hero
Passion Pro,42000,Jaipur,23000,First Owner,3,100,Hero
Splendor iSmart,40000,Jaipur,5000,First Owner,4,110,Hero
Splendor iSmart,40000,Jaipur,20000,First Owner,5,100,Hero
Bullet Electra,118000,Delhi,5222,First Owner,5,350,Royal Enfield
Bullet Twinspark,115000,Faridabad,9820,First Owner,3,350,Royal Enfield
Classic,114000,Delhi,9282,First Owner,7,500,Royal Enfield
Splendor Plus,50000,Gurgaon,5500,First Owner,3,100,Hero
Classic,112000,Delhi,6646,First Owner,6,350,Royal Enfield
Classic,111000,Delhi,55532,First Owner,4,350,Royal Enfield
Platina,25000,Jaipur,24614,First Owner,10,100,Bajaj
Discover,24000,Gurgaon,35000,First Owner,7,125,Bajaj
Discover,24000,Gurgaon,25000,First Owner,7,100,Bajaj
CT 100,24000,Gurgaon,20014,First Owner,5,100,Bajaj
FZ25,75000,Ahmedabad,14672,First Owner,4,250,Yamaha
Bullet Electra,83000,Chennai,73000,First Owner,7,350,Royal Enfield
Sport,17500,Faridabad,14736,First Owner,8,100,TVS
FZs,33000,Faridabad,99999,First Owner,7,150,Yamaha
Discover,12000,Faridabad,18999,First Owner,11,100,Bajaj
Platina,13000,Faridabad,53135,First Owner,12,100,Bajaj
Hunk,31000,Jaipur,20000,First Owner,8,150,Hero
Splendor plus,30900,Ludhiana,36584,First Owner,5,100,Hero
Avenger Street 220,50000,Mumbai,28854,First Owner,4,220,Bajaj
Super Splendor,24000,Gurgaon,18857,First Owner,8,125,Hero
Passion Pro,24000,Faridabad,15570,First Owner,8,100,Hero
CB Twister,22500,Mumbai,49250,First Owner,11,110,Honda
Apache RTR,64000,Ghaziabad,19394,First Owner,9,160,TVS
Apache RTR,60000,Gurgaon,18588,First Owner,5,160,TVS
Apache RTR,58000,Jaipur,18583,First Owner,6,180,TVS
Thunderbird,95000,Delhi,8000,First Owner,6,350,Royal Enfield
V15,57000,Gurgaon,3983,First Owner,3,150,Bajaj
Avenger Cruise 220,75000,Delhi,24400,First Owner,5,220,Bajaj
GS 150 R,25000,Bangalore,30000,First Owner,9,150,Suzuki
Avenger Street 220,57000,Bangalore,8583,First Owner,5,220,Bajaj
CB Trigger,50000,Jaipur,9060,First Owner,7,150,Honda
Avenger Street 150,56000,Hyderabad,15000,First Owner,4,150,Bajaj
Avenger Cruise 220,57000,Bangalore,18007,First Owner,5,220,Bajaj
Pulsar 200 NS,55000,Mumbai,22700,First Owner,7,200,Bajaj
Avenger,49000,Bangalore,47043,First Owner,5,220,Bajaj
Pulsar,21000,Chandigarh,88000,First Owner,13,150,Bajaj
CB Twister,16000,Delhi,65719,Second Owner,11,110,Honda
Pulsar NS200,43959,Mumbai,42345,Second Owner,8,200,Bajaj
CD Deluxe,19500,Faridabad,26146,First Owner,10,100,Hero
Intruder,92000,Delhi,4700,First Owner,4,150,Suzuki
Gixxer,40000,Delhi,16000,First Owner,6,150,Suzuki
Gixxer,34000,Delhi,85000,First Owner,6,150,Suzuki
Splendor Plus,27500,Faridabad,19371,First Owner,5,100,Hero
Pulsar RS200 ABS,87900,Thane,31000,First Owner,6,200,Bajaj
Duke,200000,Mumbai,7500,First Owner,3,390,KTM
HF Deluxe,28500,Faridabad,18056,First Owner,5,100,Hero
Splendor Pro,27000,Ludhiana,18000,First Owner,9,100,Hero
FZs,50000,Ghaziabad,30112,First Owner,8,150,Yamaha
Duke,216100,Chennai,11500,First Owner,3,390,KTM
Intruder,70000,Delhi,1217,First Owner,4,150,Suzuki
FZs,25000,Gurgaon,38554,First Owner,7,150,Yamaha
Classic,90000,Delhi,20615,First Owner,6,350,Royal Enfield
Pulsar,20000,Tirunelveli,40000,First Owner,10,150,Bajaj
CB Hornet 160R Special Edition STD,65000,Hyderabad,12500,First Owner,4,160,Honda
FZ25,84000,Hyderabad,12398,First Owner,3,250,Yamaha
Pulsar NS160,55000,Delhi,20802,First Owner,4,160,Bajaj
CD Deluxe,15000,Gurgaon,22967,First Owner,14,100,Hero
Hunk,15000,Gurgaon,18563,First Owner,14,150,Hero
Passion Pro,19000,Gurgaon,47075,First Owner,12,100,Hero
CD 110 Dream,33000,Gurgaon,13114,First Owner,4,110,Honda
Passion Plus,19000,Mumbai,41118,First Owner,12,100,Hero
Sport,23000,Gurgaon,32969,First Owner,5,100,TVS
Dream Yuga,21000,Gurgaon,20719,First Owner,8,110,Honda
FZ16,35000,Pune,13496,Second Owner,8,150,Yamaha
YZF-R15,47000,Yemmiganur,36000,First Owner,9,150,Yamaha
Pulsar,40000,Delhi,51210,Second Owner,7,180,Bajaj
Avenger,17000,Gurgaon,62554,First Owner,14,200,Bajaj
CT 100,35000,Gurgaon,6541,First Owner,3,100,Bajaj
CBF Stunner,17000,Mohali,27000,Second Owner,10,125,Honda
Pulsar,10000,Patiala,49999,First Owner,15,150,Bajaj
Dream Yuga,22000,Gurgaon,38706,First Owner,8,110,Honda
RC,180000,Aurangabad,168,First Owner,2,390,KTM
Discover,20000,Gurgaon,24530,First Owner,9,125,Bajaj
CBF Stunner,25800,Gurgaon,23208,First Owner,6,125,Honda
CBF Stunner,22000,Gurgaon,87056,First Owner,8,125,Honda
V15,33000,Gurgaon,35467,First Owner,5,150,Bajaj
Thunderbird,130000,Bangalore,17500,First Owner,4,350,Royal Enfield
Dream Yuga,19000,Gurgaon,25878,First Owner,7,110,Honda
YZF-R15 2.0,50000,Noida,40000,Second Owner,8,150,Yamaha
Thunderbird,70000,Delhi,30000,First Owner,11,350,Royal Enfield
Pulsar RS200,75000,Mumbai,10687,First Owner,5,200,Bajaj
V15,36000,Mumbai,20785,First Owner,5,150,Bajaj
Pulsar RS200 ABS,145000,Bangalore,14636,First Owner,3,200,Bajaj
Thunderbird,45918,Bangalore,51396,Second Owner,12,350,Royal Enfield
Passion Pro,24000,Delhi,28642,First Owner,9,100,Hero
CB Trigger,45000,Bokaro,25000,First Owner,6,150,Honda
Thunderbird,91000,Hyderabad,2000,First Owner,6,350,Royal Enfield
Discover 150F,30000,Kolkata,19000,First Owner,7,150,Bajaj
Discover 150F,20000,Agra,40000,First Owner,7,150,Bajaj
Discover 150F,35800,Noida,34883,First Owner,6,150,Bajaj
Discover 150F,25000,Delhi,46995,First Owner,6,150,Bajaj
Ninja,122000,Kasargode,11500,First Owner,9,250,Kawasaki
Avenger Street 150,62000,Solapur,17000,First Owner,5,150,Bajaj
Duke,88000,Bangalore,43000,First Owner,7,200,KTM
Classic Stealth Black,170000,Sambalpur,5700,First Owner,3,500,Royal Enfield
Multistrada 1200 Enduro,1490000,Delhi,12500,First Owner,5,1200,Ducati
Classic,78000,Delhi,36000,First Owner,9,350,Royal Enfield
Bullet Electra,62900,Delhi,9821,First Owner,9,350,Royal Enfield
Splendor Plus,24000,Faridabad,12015,First Owner,7,100,Hero
Gixxer SP Rear Disc,72000,Varanasi,15500,First Owner,4,150,Suzuki
Super Splendor,19000,Delhi,16787,First Owner,14,125,Hero
Classic,95000,Chinchwad,10000,First Owner,9,500,Royal Enfield
Passion Xpro,25000,Faridabad,22588,First Owner,7,110,Hero
CD Deluxe,19000,Faridabad,16208,First Owner,10,100,Hero
Splendor Plus,22000,Faridabad,23990,First Owner,9,100,Hero
Splendor Plus,22000,Faridabad,22788,First Owner,8,100,Hero
Pulsar AS150,38700,Chennai,28500,Second Owner,6,150,Bajaj
CB Shine,35000,Jaipur,10975,First Owner,6,125,Honda
HF Deluxe Eco,35000,Faridabad,20930,First Owner,3,100,Hero
Livo,40000,Faridabad,10637,First Owner,3,110,Honda
Avenger Street 180,65000,Faridabad,6903,First Owner,2,180,Bajaj
Thunderbird,140000,Ahmedabad,11000,First Owner,3,350,Royal Enfield
Avenger,43000,Mumbai,6000,First Owner,7,220,Bajaj
CBR 150R,75000,Bilaspur,20000,First Owner,5,150,Honda
Pulsar RS200 ABS,80000,Delhi,4703,First Owner,6,200,Bajaj
Ignitor,20000,Pune,64500,Second Owner,8,125,Hero
Pulsar NS200,48928,Kolkata,56000,First Owner,9,200,Bajaj
Classic,90100,Pune,37500,First Owner,7,350,Royal Enfield
Pulsar,52000,Pune,32000,First Owner,6,220,Bajaj
Discover,34000,Ahmedabad,17500,Second Owner,4,125,Bajaj
YZF-R15 S,75000,Chennai,14400,First Owner,4,150,Yamaha
Avenger,32900,Mehsana,11000,First Owner,8,220,Bajaj
Discover,16500,Faridabad,16181,First Owner,8,125,Bajaj
Honda Splendor Plus,20000,Faridabad,19071,First Owner,9,100,Hero
Splendor Plus,24000,Faridabad,14888,First Owner,7,100,Hero
Ignitor,33000,Pune,33000,First Owner,8,125,Hero
Platina,38000,Faridabad,15383,First Owner,2,100,Bajaj
V15,36000,Mumbai,23276,First Owner,5,150,Bajaj
CBR 150R,55000,Rohtak,30000,First Owner,9,150,Honda
Splendor,17000,Hosur,70000,First Owner,14,100,Hero
Platina,14800,Faridabad,24184,First Owner,15,100,Bajaj
Street 750,395000,Bangalore,5043,Second Owner,5,750,Harley-Davidson
Pulsar RS200 ABS,105000,Nadiad,6462,First Owner,4,200,Bajaj
Ignitor,19326,Pune,79000,First Owner,8,125,Hero
Platina  Alloy ES-,30000,Faridabad,16544,First Owner,4,100,Bajaj
Classic,110000,Faridabad,11776,First Owner,4,350,Royal Enfield
HF Deluxe Eco,36000,Gurgaon,12561,First Owner,3,100,Hero
SZR,20000,Jaipur,25081,First Owner,10,150,Yamaha
Crux,16000,Faridabad,18431,First Owner,10,110,Yamaha
Apache RTR 160 4V Carburetor,86000,Faridabad,15228,First Owner,2,160,TVS
Classic,120000,Faridabad,12028,First Owner,6,350,Royal Enfield
Thunderbird,102000,Delhi,32737,First Owner,5,500,Royal Enfield
Apache RTR 160 4V Disc,61000,Faridabad,9385,First Owner,3,160,TVS
Gixxer SF,78000,Bangalore,31000,First Owner,5,150,Suzuki
Splendor Plus,42000,Faridabad,17226,First Owner,4,100,Hero
Gixxer ABS,68000,Mumbai,3240,First Owner,2,150,Suzuki
Classic,105000,Faridabad,15932,First Owner,4,350,Royal Enfield
HF Deluxe,27000,Faridabad,7960,First Owner,5,100,Hero
Splendor Pro,20000,Faridabad,18821,First Owner,10,100,Hero
Platina  Alloy ES-,31000,Faridabad,24451,First Owner,4,100,Bajaj
Pulsar,50800,Mumbai,39000,First Owner,5,220,Bajaj
Thunderbird,114000,Hyderabad,22493,First Owner,5,500,Royal Enfield
CB Shine,29000,Gurgaon,31646,First Owner,5,125,Honda
Discover,23000,Ghaziabad,7193,First Owner,6,150,Bajaj
Dominar 400 ABS,110000,Chennai,25000,First Owner,4,400,Bajaj
Splendor Pro,22000,Faridabad,19224,First Owner,7,100,Hero
CB Shine,26000,Ghaziabad,15768,First Owner,6,125,Honda
Bullet Twinspark,90000,Faridabad,15837,First Owner,5,350,Royal Enfield
Classic,130000,Ghaziabad,19249,First Owner,2,350,Royal Enfield
Dream Yuga,42000,Jaipur,15833,First Owner,3,110,Honda
CB Shine,42000,Ghaziabad,16974,First Owner,4,125,Honda
Intruder,80000,Gurgaon,14547,First Owner,3,150,Suzuki
Gixxer SF,62000,Pune,45263,First Owner,6,150,Suzuki
Gixxer,58000,Bangalore,27167,First Owner,5,150,Suzuki
Gixxer,48000,Jaipur,23541,First Owner,6,150,Suzuki
HF Deluxe,55000,Pune,18000,First Owner,4,100,Hero
Splendor iSmart,38500,Jaipur,18000,First Owner,6,110,Hero
HF Deluxe,35000,Faridabad,10031,First Owner,4,100,Hero
Splendor Plus,35000,Ghaziabad,17105,First Owner,6,100,Hero
HF Deluxe,35000,Faridabad,10996,First Owner,4,100,Hero
HF Deluxe,35000,Gurgaon,18000,First Owner,4,100,Hero
Splendor iSmart,35000,Faridabad,13273,First Owner,5,110,Hero
Splendor Plus,23000,Faridabad,17537,First Owner,9,100,Hero
Splendor Plus,23000,Gurgaon,15711,First Owner,8,100,Hero
Pulsar,17000,Faridabad,32458,First Owner,11,150,Bajaj
CB Shine,23000,Ghaziabad,22705,First Owner,9,125,Honda
CB Shine,23000,Gurgaon,2392,First Owner,9,125,Honda
Apache RR310,180000,Kurnool,5700,First Owner,3,310,TVS
Apache RTR 160 4V Carburetor With Rear Disc,80000,Delhi,11877,Second Owner,3,160,TVS
Discover,17500,Surat,50856,First Owner,13,135,Bajaj
Platina  Alloy ES-,35000,Faridabad,10430,First Owner,3,100,Bajaj
HF Deluxe self Alloy,39500,Faridabad,5448,First Owner,2,100,Hero
Discover,40000,Faridabad,12808,First Owner,3,125,Bajaj
Pulsar,40000,Mumbai,32057,First Owner,6,220,Bajaj
Pulsar,24000,Faridabad,40422,First Owner,9,180,Bajaj
Discover,24000,Gurgaon,45335,First Owner,7,100,Bajaj
CT 100,23000,Gurgaon,26739,First Owner,6,100,Bajaj
CT 100,23000,Gurgaon,22397,First Owner,5,100,Bajaj
CT 100,23000,Faridabad,17775,First Owner,6,100,Bajaj
Pulsar,22800,Delhi,15000,Second Owner,10,180,Bajaj
Pulsar 135LS,22500,Faridabad,19777,First Owner,8,135,Bajaj
Platina,22000,Ahmedabad,32500,First Owner,10,100,Bajaj
Discover,22000,Jaipur,21448,First Owner,8,100,Bajaj
Pulsar,21000,Faridabad,19877,First Owner,9,150,Bajaj
Discover,21000,Ghaziabad,65822,First Owner,9,125,Bajaj
CB Hornet 160R STD,53000,Puri,28850,First Owner,4,160,Honda
Thunderbird X,194999,Surat,5000,Second Owner,3,500,Royal Enfield
Bullet Electra,65000,Hamirpur(hp),17000,First Owner,12,350,Royal Enfield
FZ S V 3.0 ABS Dark Knight BS VI,97000,Ahmedabad,748,First Owner,2,150,Yamaha
Duke,145000,Mumbai,17573,First Owner,4,250,KTM
CBR 250R,95000,Guwahati,15600,First Owner,8,250,Honda
Classic Chrome,175000,Jaipur,7000,First Owner,5,500,Royal Enfield
Star City Plus,44000,Delhi,5400,First Owner,3,110,TVS
Pulsar RS200 ABS,113500,Mysore,4000,First Owner,5,200,Bajaj
Himalayan,115000,Saharanpur,3300,First Owner,5,410,Royal Enfield
Apache RTR,65000,Raipur,6202,First Owner,5,180,TVS
Splendor Pro,40000,Ludhiana,11000,First Owner,6,100,Hero
HF Deluxe,39107,Aurangabad,16289,First Owner,4,100,Hero
Splendor Plus,20000,Faridabad,18218,First Owner,11,100,Hero
Splendor iSmart,39000,Noida,15000,First Owner,5,100,Hero
Classic,95000,Chennai,2100,First Owner,6,350,Royal Enfield
CBF Stunner,16000,Noida,70000,First Owner,8,125,Honda
Pulsar NS160,89000,Chennai,1300,First Owner,4,160,Bajaj
Duke,125000,Pune,6800,First Owner,4,200,KTM
Apache RTR 200 4V Race Edition 2.0,91000,Pune,8686,First Owner,3,200,TVS
Livo Disc,50000,Varanasi,3747,First Owner,3,110,Honda
Classic Stealth Black,162000,Noida,16659,First Owner,2,500,Royal Enfield
Discover,25000,Mumbai,65000,First Owner,10,125,Bajaj
Versys,550000,Mumbai,18250,First Owner,4,650,Kawasaki
GT250R,185000,Delhi,8903,First Owner,7,250,Hyosung
Street 750 ABS,499000,Kolhapur,6000,First Owner,2,750,Harley-Davidson
Classic,150000,Mumbai,8500,First Owner,4,500,Royal Enfield
Pulsar,33000,Chennai,19255,First Owner,7,150,Bajaj
Centuro NXT,37999,Ahmedabad,18305,First Owner,5,110,Mahindra
CD 110 Dream,34500,Gurgaon,10533,First Owner,6,110,Honda
FZ,25000,Ghaziabad,23850,First Owner,11,150,Yamaha
YZF-R15 S,83000,Hyderabad,48000,First Owner,4,150,Yamaha
Classic,90047,Bangalore,41000,First Owner,6,350,Royal Enfield
Dominar 400,109999,Gurgaon,4000,First Owner,4,400,Bajaj
‎ Bullet,120000,Bangalore,8000,Third Owner,38,350,Royal Enfield
Bullet Twinspark,76000,Gurgaon,15961,First Owner,8,500,Royal Enfield
Honda Splendor,17000,Delhi,42344,First Owner,10,100,Hero
Duke,178200,Srinagar,3000,First Owner,3,250,KTM
‎ Bullet,70000,Delhi,32000,Second Owner,63,350,Royal Enfield
Pulsar RS200,85000,Bangalore,18000,First Owner,6,200,Bajaj
Thunderbird,120000,Delhi,16000,First Owner,5,350,Royal Enfield
Bullet,122000,Delhi,20472,First Owner,3,500,Royal Enfield
Karizma R,30000,Ahmedabad,18223,First Owner,7,223,Hero
Gixxer,40000,Ahmedabad,8457,First Owner,6,150,Suzuki
Pulsar NS200,39000,Gautam Buddha Nagar,62837,First Owner,9,200,Bajaj
Classic,130000,Ranip,15000,First Owner,5,500,Royal Enfield
Gixxer,40000,Kanpur,57000,First Owner,6,150,Suzuki
Pulsar 135LS,20000,Ghaziabad,27420,First Owner,9,135,Bajaj
Ninja,299300,Davanagere,6000,First Owner,7,650,Kawasaki
Versys,700000,Mumbai,6500,First Owner,3,650,Kawasaki
Pulsar,9500,Delhi,50000,First Owner,16,150,Bajaj
Pulsar,10414,Delhi,43000,First Owner,15,150,Bajaj
Classic,120000,Delhi,18000,First Owner,7,500,Royal Enfield
FZ,45500,Gurgaon,21500,First Owner,6,150,Yamaha
Classic,100000,Chennai,30000,First Owner,5,350,Royal Enfield
Platina,12000,Gurgaon,61000,First Owner,14,100,Bajaj
YZF-R15 2.0,70000,Bangalore,26000,First Owner,9,150,Yamaha
Bullet Electra,75000,Delhi,30000,First Owner,10,350,Royal Enfield
Gixxer SP Rear Disc,60000,Mumbai,14000,First Owner,4,150,Suzuki
CD Deluxe,18000,Faridabad,16999,First Owner,9,100,Hero
Platina,17000,Faridabad,12090,First Owner,10,100,Bajaj
Apache RTR,50000,Faridabad,20712,First Owner,4,160,TVS
Classic Desert Storm,115000,Bangalore,24667,First Owner,6,500,Royal Enfield
Classic Desert Storm,110000,Bangalore,12800,First Owner,8,500,Royal Enfield
CB Shine,55000,Mumbai,15000,Second Owner,3,125,Honda
Pulsar RS200 ABS,103700,Ghaziabad,18023,First Owner,5,200,Bajaj
Mojo,124900,Pune,35000,First Owner,5,300,Mahindra
RC,128000,Jaipur,15000,First Owner,4,200,KTM
YZF-R15,85500,Delhi,10799,First Owner,4,150,Yamaha
CB Trigger,34500,Delhi,43561,First Owner,8,150,Honda
Standard,120000,Bangalore,18056,First Owner,4,500,Royal Enfield
Discover,12000,Mumbai,44004,First Owner,14,125,Bajaj
YZF-R15 2.0,63098,Pune,49600,First Owner,9,150,Yamaha
Discover,20000,Mumbai,24870,First Owner,5,100,Bajaj
Avenger Cruise 220,80000,Mumbai,7098,First Owner,3,220,Bajaj
‎ Bullet,70000,Delhi,70000,Second Owner,24,350,Royal Enfield
Apache RTR 200 4V ABS,75500,Ahmedabad,21620,First Owner,3,200,TVS
Splendor Plus,20000,Faridabad,38185,First Owner,9,100,Hero
CBF Stunner,17500,Faridabad,83742,First Owner,12,125,Honda
Pulsar,41000,Faridabad,31651,First Owner,5,220,Bajaj
Splendor Pro,25000,Faridabad,18754,First Owner,7,100,Hero
Splendor Plus,45000,Faridabad,18576,First Owner,3,100,Hero
Splendor Plus,51000,Faridabad,5120,First Owner,3,100,Hero
Passion Pro,20800,Faridabad,20757,First Owner,8,100,Hero
Passion Pro,24700,Faridabad,16754,First Owner,6,100,Hero
Duke,120000,Mumbai,15186,First Owner,5,390,KTM
CB Shine,19000,Jaipur,22700,First Owner,13,125,Honda
Discover 125ST,24000,Mumbai,34716,First Owner,7,125,Bajaj
Apache RTR 200 4V Race Edition 2.0,81000,Kolkata,13000,First Owner,3,200,TVS
Avenger Street 220,45000,Faridabad,841,First Owner,5,220,Bajaj
Classic,119000,Bangalore,8253,First Owner,4,350,Royal Enfield
Pulsar 135LS,22000,Noida,50000,First Owner,10,135,Bajaj
Saluto RX,38800,Bangalore,7200,First Owner,5,110,Yamaha
Apache RTR 200 4V Race Edition 2.0,106000,Mumbai,7157,First Owner,2,200,TVS
CBR 250R,70000,Delhi,12000,First Owner,7,250,Honda
Iron 883,450000,Delhi,17000,Second Owner,7,883,Harley-Davidson
Dominar 400 ABS,140000,Bangalore,10936,First Owner,3,400,Bajaj
Dominar 400 ABS,160000,Bangalore,6177,First Owner,3,400,Bajaj
Agusta Brutale 1090,1350000,Bangalore,1911,First Owner,5,1090,MV
Street Triple 765,789000,Pune,13000,First Owner,4,765,Triumph
Tiger 800 XCA,1200000,Hyderabad,25800,First Owner,4,800,Triumph
Street Triple 765,875000,Rajkot,750,First Owner,2,765,Triumph
Thunderbird,100000,Delhi,10400,First Owner,6,350,Royal Enfield
YZF-R15 2.0,61300,Rajouri,16500,First Owner,7,150,Yamaha
Dominar 400,94000,Surat,10164,First Owner,4,400,Bajaj
Avenger Street 180,70705,Faridabad,5500,First Owner,3,180,Bajaj
Xtreme Sports Rear Disc,45000,Howrah,22300,First Owner,4,150,Hero
Discover 125M,35000,Delhi,12000,First Owner,6,125,Bajaj
CBZ Xtreme,25000,Visakhapatnam,60000,First Owner,9,150,Hero
Classic,99900,Indore,17000,First Owner,9,350,Royal Enfield
Classic Chrome,160000,Jaipur,14000,First Owner,4,500,Royal Enfield
FZs,32000,Noida,12785,Second Owner,12,150,Yamaha
Pulsar NS160,50000,Ghaziabad,23264,First Owner,4,160,Bajaj
YZF-R15 2.0,65000,Bangalore,60000,First Owner,8,150,Yamaha
Discover 125ST,35000,Delhi,13146,First Owner,3,125,Bajaj
Pulsar AS150,51000,Lucknow,20349,First Owner,5,150,Bajaj
Apache RTR 200 4V ABS Race Edition,100000,Chennai,87735,First Owner,3,200,TVS
Passion Xpro,23000,Jaipur,27020,First Owner,8,110,Hero
Splendor Plus,18000,Gurgaon,20779,First Owner,12,100,Hero
Splendor Plus,32000,Gurgaon,22405,First Owner,5,100,Hero
Avenger Street 150,41000,Faridabad,17477,First Owner,5,150,Bajaj
Fazer,33000,Kolkata,10589,First Owner,11,150,Yamaha
Thunderbird,70000,Mumbai,30453,First Owner,9,500,Royal Enfield
Platina,23000,Gurgaon,17300,First Owner,7,100,Bajaj
Bullet Electra,70300,Hyderabad,10000,First Owner,12,350,Royal Enfield
Himalayan Fi,170000,Hyderabad,9500,First Owner,3,410,Royal Enfield
Platina,20800,Gurgaon,27161,First Owner,8,100,Bajaj
Pulsar RS200 ABS,130000,Udaipur,5500,First Owner,4,200,Bajaj
Fazer,39000,Gurgaon,13000,First Owner,7,150,Yamaha
Classic,95000,Delhi,13254,First Owner,7,500,Royal Enfield
Thunderbird,158300,Udaipur,3136,First Owner,5,500,Royal Enfield
Classic,105800,Nagpur,12732,First Owner,7,350,Royal Enfield
HF Deluxe Self,30000,Jodhpur,45000,First Owner,6,100,Hero
CBR 250R,80000,Hyderabad,35741,First Owner,7,250,Honda
Avenger Street 150,46000,Delhi,25400,First Owner,5,150,Bajaj
Avenger Street 150,47000,Delhi,23980,First Owner,5,150,Bajaj
Agusta F3,1500000,Hubli,2000,First Owner,3,800,MV
V15,38000,Delhi,19896,First Owner,5,150,Bajaj
Avenger Street 150,45000,Delhi,33881,Second Owner,5,150,Bajaj
RC,95000,Hyderabad,30000,First Owner,6,200,KTM
Bullet Electra,78500,Gurgaon,22000,First Owner,7,350,Royal Enfield
Glamour,24000,Delhi,59270,First Owner,8,125,Hero
RC,103800,Bangalore,22300,First Owner,6,200,KTM
Pulsar,36000,Navi Mumbai,16000,Second Owner,8,180,Bajaj
FZ,35000,Jaipur,25108,First Owner,11,150,Yamaha
Classic,84550,Indore,35000,Second Owner,10,500,Royal Enfield
Thunderbird,111467,Hyderabad,3537,First Owner,4,350,Royal Enfield
Ninja 400,300000,Surat,190,First Owner,2,400,Kawasaki
FZ S V 2.0,49000,Delhi,21000,First Owner,6,150,Yamaha
FZ V 2.0,40000,Delhi,28000,Second Owner,6,150,Yamaha
Bullet Electra,70000,Panchkula,28000,First Owner,12,350,Royal Enfield
Pulsar,19786,Ahmedabad,10000,First Owner,10,150,Bajaj
Pulsar 200 NS,53000,Chennai,43000,First Owner,7,200,Bajaj
RC,130000,Ahmedabad,12006,First Owner,6,390,KTM
YZF-R15,40000,Chandigarh,30583,First Owner,11,150,Yamaha
Splendor Pro,30200,Ahmedabad,33333,First Owner,8,100,Hero
Ninja,200000,Bangalore,36102,First Owner,8,300,Kawasaki
Classic Stealth Black,175000,Thane,16796,First Owner,3,500,Royal Enfield
Star Sport,21000,Chennai,23000,First Owner,7,100,TVS
Sport,24000,Faridabad,23522,First Owner,5,100,TVS
Classic,102000,Kolkata,12542,First Owner,5,350,Royal Enfield
Thunderbird,135000,Jaipur,13500,First Owner,3,350,Royal Enfield
Himalayan,150000,Bangalore,19600,Second Owner,5,410,Royal Enfield
Himalayan,150000,Bangalore,7300,First Owner,5,410,Royal Enfield
TRK 502X,550000,Mumbai,7000,First Owner,2,502,Benelli
Z900,830000,Bangalore,19300,First Owner,3,900,Kawasaki
Thunderbird,110000,Kolkata,9876,First Owner,4,350,Royal Enfield
Thunderbird,109000,Kolkata,2000,First Owner,5,350,Royal Enfield
Thunderbird,63000,Faridabad,23000,First Owner,8,350,Royal Enfield
Hunk,24500,Gurgaon,44200,First Owner,8,150,Hero
CBR 150R,55000,Mumbai,25385,First Owner,7,150,Honda
CD Deluxe,12000,Mumbai,34904,First Owner,12,100,Hero
Platina  Alloy ES-,24500,Jaipur,40929,First Owner,5,100,Bajaj
TNT 600i,580000,Pune,6400,First Owner,4,600,Benelli
Discover,18000,Noida,13049,First Owner,11,100,Bajaj
CBZ Xtreme,25000,Raipur,50000,Second Owner,7,150,Hero
Avenger Street 150,51000,Bangalore,24675,First Owner,5,150,Bajaj
Gixxer,49000,Ghaziabad,4583,First Owner,4,150,Suzuki
CB Shine,30000,Delhi,51751,First Owner,4,125,Honda
YZF-R15 2.0,55000,Faridabad,20265,First Owner,7,150,Yamaha
RC,152500,Gurgaon,12280,First Owner,4,390,KTM
Continental GT,139300,Mumbai,19000,First Owner,5,535,Royal Enfield
CBZ Xtreme,38000,Bangalore,21000,First Owner,9,150,Hero
CBZ Xtreme,18000,Delhi,19864,Second Owner,9,150,Hero
V15,47000,Delhi,8533,First Owner,3,150,Bajaj
YZF-R15 2.0,58700,Mumbai,19500,First Owner,9,150,Yamaha
Avenger Street 150,43500,Begusarai,17500,First Owner,5,150,Bajaj
Pulsar,40000,Pune,46507,First Owner,9,200,Bajaj
Pulsar,45000,Bangalore,45000,First Owner,7,180,Bajaj
Avenger,65000,Dehradun,23000,First Owner,5,220,Bajaj
CB Hornet 160R CBS,65000,Hyderabad,25533,First Owner,5,160,Honda
Pulsar NS200 ABS,70000,Ghaziabad,13241,First Owner,4,200,Bajaj
RC,115000,Ghaziabad,24322,First Owner,6,390,KTM
Pulsar,23000,Ahmedabad,31477,First Owner,11,150,Bajaj
Pulsar RS200 ABS,100000,Hyderabad,18992,First Owner,5,200,Bajaj
Z650,500000,Mumbai,5989,First Owner,4,650,Kawasaki
Phoenix,22980,Alipore,20000,First Owner,8,125,TVS
Star City,28980,Alipore,20000,First Owner,6,110,TVS
Apache RTR,75000,Sonepat,6668,First Owner,4,160,TVS
Classic,140000,Ghaziabad,7000,First Owner,4,350,Royal Enfield
Hunk,14000,Noida,8188,First Owner,11,150,Hero
Classic Gunmetal Grey,135000,Delhi,12000,First Owner,3,350,Royal Enfield
Splendor Pro,37000,Ghaziabad,16462,First Owner,7,100,Hero
CBZ Xtreme,25989,Alipore,20000,First Owner,12,150,Hero
Passion Pro,24000,Delhi,26590,First Owner,9,100,Hero
Apache RTR Rear Disc,56000,Ghaziabad,6539,First Owner,3,160,TVS
Passion Pro Drum,56000,Delhi,1168,First Owner,2,110,Hero
Classic Dual Disc,130000,Faridabad,3734,First Owner,3,350,Royal Enfield
RC,150000,Mumbai,37326,First Owner,5,390,KTM
RC,125000,Pune,51137,First Owner,7,390,KTM
Classic,90000,Ghaziabad,43740,Fourth Owner Or More,7,350,Royal Enfield
Thunderbird,95000,Bangalore,32182,Second Owner,9,350,Royal Enfield
FZ16,45000,Bangalore,32119,First Owner,6,150,Yamaha
Apache RTR 200 4V FI,65000,Adalaj,9200,First Owner,4,200,TVS
Bullet Electra Twinspark,118000,Delhi,23000,First Owner,6,350,Royal Enfield
FZ16,55000,Bangalore,10000,First Owner,8,150,Yamaha
Avenger Cruise 220,60000,Gautam Buddha Nagar,26359,First Owner,4,220,Bajaj
Avenger Street 160 ABS,80000,Delhi,3509,First Owner,2,160,Bajaj
Gixxer,45900,Mumbai,43599,First Owner,4,150,Suzuki
Apache RTR ABS,70000,Bangalore,9707,First Owner,5,180,TVS
Classic,94900,Bangalore,60000,First Owner,7,350,Royal Enfield
Classic,90000,Bangalore,61129,First Owner,5,350,Royal Enfield
HF Deluxe i3s iBS,48800,Jhansi,10000,First Owner,3,100,Hero
Victor Disc,42985,Surat,6000,First Owner,3,110,TVS
Apache RTR 200 4V FI,72000,Mumbai,13637,First Owner,4,200,TVS
YZF-R15 V3,103000,Gurgaon,11996,First Owner,3,150,Yamaha
Thunderbird,118000,Tiruvallur,17000,First Owner,5,500,Royal Enfield
Electra,135000,Ahmedabad,10779,First Owner,2,350,Royal Enfield
Avenger Cruise 220,60000,Bangalore,5195,First Owner,4,220,Bajaj
Avenger Cruise 220,66000,Bangalore,2981,First Owner,4,220,Bajaj
Himalayan,150000,Pune,12000,First Owner,4,410,Royal Enfield
Avenger Street 150,40500,Faridabad,21587,First Owner,5,150,Bajaj
RC,215900,Hyderabad,3900,Second Owner,2,390,KTM
Intruder,55000,Delhi,8728,First Owner,3,150,Suzuki
Thunderbird,51426,Mumbai,3622,Second Owner,12,350,Royal Enfield
Karizma R,43198,Durg,50000,First Owner,7,223,Hero
Duke,150000,Bangalore,19000,First Owner,5,390,KTM
Duke,185000,Bangalore,8900,First Owner,5,390,KTM
Duke,214000,Bangalore,19000,First Owner,3,390,KTM
Bullet Electra,35000,Delhi,60000,Fourth Owner Or More,18,350,Royal Enfield
Hunk,35000,Bhopal,12000,First Owner,8,150,Hero
CB Unicorn,18000,Gurgaon,9213,First Owner,9,150,Honda
Standard,75000,Delhi,43678,First Owner,7,350,Royal Enfield
Bullet,100000,Bankura,18000,First Owner,4,350,Royal Enfield
Gixxer SF Special MOTOGP Edition Rear Disc,58500,Bangalore,15500,Second Owner,4,150,Suzuki
Passion Pro Drum,48000,Mumbai,23000,First Owner,3,110,Hero
CB Unicorn Dazzler,16000,Kanchipuram,51700,First Owner,10,150,Honda
Passion Pro i3S Alloy,46000,Mumbai,10000,First Owner,3,100,Hero
Platina,15000,Delhi,67945,First Owner,11,100,Bajaj
CB Twister,27000,Lucknow,36000,Third Owner,11,110,Honda
Electra,50000,Saharanpur,65000,First Owner,17,350,Royal Enfield
Sport,46000,Faridabad,6222,First Owner,2,100,TVS
Gixxer SF,35000,Mumbai,59835,First Owner,6,150,Suzuki
Splendor,32000,Delhi,2820,First Owner,5,100,Hero
Himalayan,153300,Lucknow,1500,First Owner,5,410,Royal Enfield
CB Shine,22000,Delhi,10835,First Owner,10,125,Honda
Discover,17500,Delhi,92000,First Owner,10,150,Bajaj
V15,34500,Ghaziabad,26476,First Owner,5,150,Bajaj
Fat Bob 107 Ci,1100000,Delhi,24000,First Owner,4,107,Harley-Davidson
Thunderbird,87000,Surat,27500,First Owner,6,350,Royal Enfield
Pulsar 135LS,22999,Bangalore,41000,Second Owner,11,135,Bajaj
Pulsar 200 NS,54000,Hyderabad,20000,First Owner,7,200,Bajaj
Splendor iSmart,30000,Jaipur,21062,First Owner,6,100,Hero
Discover,28000,Pune,27212,First Owner,7,100,Bajaj
Dominar 400 ABS,164200,Kolkata,1600,First Owner,4,400,Bajaj
Karizma,13700,Vadodara,52000,Second Owner,16,223,Hero
CBZ,22000,Ghaziabad,25536,First Owner,9,150,Hero
Gixxer,38000,Faridabad,23765,First Owner,6,150,Suzuki
Pulsar,40000,Pune,43500,First Owner,11,180,Bajaj
Street 750,445600,Pune,10741,First Owner,5,750,Harley-Davidson
Dominar 400 ABS,135000,Bangalore,21900,First Owner,3,400,Bajaj
Platina  Alloy ES-,34200,Ludhiana,4000,First Owner,5,100,Bajaj
Duke,180000,Pune,9382,First Owner,5,390,KTM
Avenger,32000,Delhi,17529,First Owner,8,220,Bajaj
Pulsar,15000,Delhi,39637,First Owner,14,180,Bajaj
Thunderbird,97000,Gurgaon,12184,First Owner,6,500,Royal Enfield
Avenger Cruise 220,50900,Chennai,40700,First Owner,5,220,Bajaj
Pulsar,52500,Ahmedabad,29250,First Owner,5,150,Bajaj
Platina,30000,Ghaziabad,14252,First Owner,8,100,Bajaj
FZ S V 2.0,61000,Pune,25961,First Owner,4,150,Yamaha
Pulsar NS160,69500,Indore,15000,First Owner,3,160,Bajaj
Splendor,9000,Surat,69000,Second Owner,17,100,Hero
Pulsar RS200,106000,Bangalore,390,First Owner,3,200,Bajaj
Pulsar,35000,Ahmedabad,40588,First Owner,7,150,Bajaj
YZF-R15 V3,110000,Ahmedabad,8117,First Owner,3,150,Yamaha
Apache RTR 200 4V FI,65000,Sonepat,8800,Third Owner,4,200,TVS
Apache RTR 160 4V Disc,75000,Delhi,19000,First Owner,3,160,TVS
Pulsar AS150,44000,Delhi,25000,First Owner,6,150,Bajaj
Classic,80800,Noida,20513,First Owner,10,350,Royal Enfield
YZF-R15 2.0,55000,Faridabad,28864,Third Owner,8,150,Yamaha
HF Deluxe,33200,Jhansi,21000,Second Owner,5,100,Hero
Classic Dual Disc,150000,Mumbai,8800,First Owner,3,350,Royal Enfield
Bullet Electra,110000,Mumbai,22000,First Owner,4,350,Royal Enfield
Avenger,34000,Bangalore,26110,First Owner,8,220,Bajaj
CB Hornet 160R CBS,67000,Mumbai,24063,First Owner,3,160,Honda
Classic,132000,Jaipur,3467,First Owner,6,350,Royal Enfield
CBR 250R ABS,65000,Ahmedabad,25708,First Owner,8,250,Honda
Apache RTR,25700,Pune,50000,First Owner,10,160,TVS
Thunderbird,130000,Dehradun,3500,First Owner,3,350,Royal Enfield
Bullet Electra Twinspark,99000,Pune,13431,First Owner,6,350,Royal Enfield
Platina,13000,Mumbai,10000,First Owner,13,125,Bajaj
Splendor Plus Kick Alloy,35000,Delhi,11211,First Owner,4,100,Hero
Bullet,62000,Faridabad,27813,First Owner,11,350,Royal Enfield
RC,130000,Trivandrum,61000,First Owner,7,390,KTM
Pulsar 200 NS,44000,Delhi,7230,First Owner,7,200,Bajaj
Pulsar NS200,40000,Delhi,80402,First Owner,9,200,Bajaj
YZF-R15,62000,Jaipur,21734,First Owner,9,150,Yamaha
Classic,125000,Gurgaon,12800,First Owner,3,350,Royal Enfield
RC,170200,Lucknow,7123,First Owner,3,200,KTM
Gixxer SF Fi,69600,Mumbai,21000,First Owner,5,150,Suzuki
Bullet Twinspark,90000,Trivandrum,17000,First Owner,7,350,Royal Enfield
Avenger Street 220,64000,Bangalore,20094,First Owner,6,220,Bajaj
Himalayan,150900,Varanasi,1200,First Owner,3,410,Royal Enfield
Apache RTR,15000,Gurgaon,85086,First Owner,14,160,TVS
CB Unicorn,25000,Mumbai,67503,Third Owner,15,150,Honda
Fazer,36000,Ghaziabad,20199,First Owner,7,150,Yamaha
CB Hornet 160R STD,70000,Hyderabad,30000,First Owner,5,160,Honda
FZs,46000,Hyderabad,28176,First Owner,7,150,Yamaha
Passion Pro TR,35000,Ghaziabad,46448,First Owner,6,100,Hero
Platina ComforTec Alloy,39000,Pune,20273,First Owner,4,100,Bajaj
Avenger Street 220,60000,Pune,6457,First Owner,4,220,Bajaj
XCD 125,16000,Delhi,25000,First Owner,12,125,Bajaj
Apache RTR ABS,53000,Delhi,29800,First Owner,4,180,TVS
Pulsar RS200 ABS,75000,Mumbai,16000,First Owner,6,200,Bajaj
Duke,150000,Pune,32267,First Owner,5,390,KTM
CBF Stunner,15000,Gautam Buddha Nagar,70347,First Owner,13,125,Honda
Classic,120000,Pune,2876,First Owner,5,350,Royal Enfield
Pulsar RS200,78500,Lucknow,10000,First Owner,6,200,Bajaj
Apache RTR,49500,Mehsana,20000,Second Owner,4,160,TVS
Apache RR310,189400,Thane,8000,First Owner,3,310,TVS
Thunderbird,154000,Udaipur,301,First Owner,3,500,Royal Enfield
Achiever,35800,Kolkata,25000,First Owner,7,150,Hero
Thunderbird,121000,Pune,9494,First Owner,6,500,Royal Enfield
Pulsar,49000,Jalandhar,6000,First Owner,8,220,Bajaj
YZF-R15 2.0,70000,Ghaziabad,43241,First Owner,6,150,Yamaha
FZ S V 2.0,65000,Jaipur,14391,Second Owner,4,150,Yamaha
Pulsar RS200 ABS,118000,Pune,12000,First Owner,5,200,Bajaj
Apache RTR 200 4V Carburetor,75000,Goregaon,8500,First Owner,4,200,TVS
Fazer FI,45612,Bangalore,36000,First Owner,7,150,Yamaha
Fazer,30500,Delhi,21000,Second Owner,8,150,Yamaha
Classic,80000,Pune,48898,First Owner,7,500,Royal Enfield
Thunderbird,130000,Gurgaon,19200,Second Owner,5,500,Royal Enfield
Pulsar 135LS,22000,Jabalpur,45000,First Owner,10,135,Bajaj
RC,170000,Nashik,7000,First Owner,3,390,KTM
Classic,80000,Bangalore,29850,First Owner,7,350,Royal Enfield
YZF-R15,65000,Faridabad,26925,First Owner,5,150,Yamaha
CB Shine,20000,Gurgaon,28090,First Owner,9,125,Honda
Livo,60000,Delhi,74,First Owner,1,110,Honda
V15,30000,Delhi,59217,First Owner,5,150,Bajaj
Avenger,52000,Pune,7000,First Owner,6,220,Bajaj
CBF Stunner,15000,Gurgaon,54246,Second Owner,11,125,Honda
Pulsar,12000,Gurgaon,42083,First Owner,13,150,Bajaj
Livo Disc CBS,53000,Gurgaon,2505,First Owner,2,110,Honda
Livo Disc CBS,55000,Gurgaon,2505,First Owner,2,110,Honda
Splendor Pro,25000,Gurgaon,32162,Second Owner,10,100,Hero
Thunderbird,70000,Bally,25000,First Owner,7,350,Royal Enfield
Classic,120000,Kurnool,34000,First Owner,6,500,Royal Enfield
Livo,45000,Mumbai,10000,First Owner,4,110,Honda
Livo,65000,Mumbai,8000,First Owner,3,110,Honda
Avenger,49990,Delhi,46000,First Owner,7,220,Bajaj
FZs,30000,Delhi,70000,Second Owner,7,150,Yamaha
Himalayan,146000,Bangalore,14000,First Owner,5,410,Royal Enfield
Classic Gunmetal Grey,149000,Jalandhar,6600,First Owner,3,350,Royal Enfield
CD Deluxe,23000,Faridabad,17122,First Owner,8,100,Hero
Discover,24000,Faridabad,17540,First Owner,8,150,Bajaj
Splendor Plus,24000,Faridabad,21990,First Owner,7,100,Hero
HF Deluxe,24000,Faridabad,15451,First Owner,8,100,Hero
HF Deluxe,24000,Faridabad,17980,First Owner,6,100,Hero
HF Deluxe,24000,Faridabad,14244,First Owner,7,100,Hero
SZR,14000,Faridabad,21007,First Owner,9,150,Yamaha
Splendor Plus,25000,Faridabad,11332,First Owner,6,100,Hero
Splendor Plus,25000,Faridabad,10721,First Owner,6,100,Hero
Passion Pro,25000,Faridabad,3192,First Owner,7,100,Hero
HF Deluxe,26000,Faridabad,30489,First Owner,6,100,Hero
Standard,87000,Gautam Buddha Nagar,21000,First Owner,6,350,Royal Enfield
Apache RR310,195200,Bangalore,2503,First Owner,3,310,TVS
CB Shine,45000,Roorkee,17000,First Owner,5,125,Honda
Pulsar,19000,Bangalore,80828,First Owner,11,150,Bajaj
Avenger Street 220,70000,Pune,6135,First Owner,3,220,Bajaj
CT 100 ES Alloy,38500,Faridabad,4877,First Owner,2,100,Bajaj
V15,32000,Gurgaon,35466,First Owner,5,150,Bajaj
Bullet Electra,75000,Gurgaon,16135,First Owner,6,350,Royal Enfield
Passion Pro,30000,Faridabad,16217,First Owner,5,100,Hero
Pulsar,46000,Faridabad,14788,First Owner,3,150,Bajaj
Hunk,17000,Gurgaon,31214,First Owner,10,150,Hero
Avenger Street 150,80000,Bangalore,16298,First Owner,5,150,Bajaj
CBF Stunner,29000,Gurgaon,28619,First Owner,8,125,Honda
RC,120000,Bangalore,38000,First Owner,6,390,KTM
YZF-R15 2.0,75000,Delhi,23085,First Owner,5,150,Yamaha
Standard,100000,Gurgaon,26098,First Owner,6,500,Royal Enfield
Bullet Electra,75000,Delhi,41000,First Owner,9,350,Royal Enfield
YBR,16500,Faridabad,22457,First Owner,8,110,Yamaha
Dominar 400 ABS,148000,Bangalore,10805,First Owner,4,400,Bajaj
Thunderbird,130000,Rajkot,96046,First Owner,4,350,Royal Enfield
Classic,75000,Delhi,29716,First Owner,11,350,Royal Enfield
Apache RTR,23000,Vellore,32500,Second Owner,11,160,TVS
Dominar 400 ABS,115000,Mumbai,38813,First Owner,4,400,Bajaj
YZF-R15 2.0,65000,Delhi,38057,First Owner,7,150,Yamaha
Apache RTR,41000,Delhi,26528,Third Owner,5,160,TVS
RC,175000,Ghaziabad,6078,First Owner,3,200,KTM
RC,162000,Delhi,8000,First Owner,6,390,KTM
Classic-Redditch Edition,133500,Mumbai,1608,First Owner,2,350,Royal Enfield
Apache RTR ABS,67000,Coimbatore,21963,First Owner,4,180,TVS
Classic Squadron Blue,185000,Hyderabad,3004,First Owner,4,500,Royal Enfield
Bullet Electra,80000,Delhi,38430,First Owner,10,350,Royal Enfield
Bullet Electra,83000,Bangalore,35678,First Owner,8,350,Royal Enfield
Avenger,26000,Faridabad,37469,First Owner,10,220,Bajaj
V15,44000,Ahmedabad,14107,First Owner,4,150,Bajaj
Xtreme,35000,Bardhaman,50000,First Owner,8,150,Hero
Gladiator,21000,Jaipur,55000,First Owner,8,125,Yamaha
Pulsar,24000,Ernakulam,14500,First Owner,12,220,Bajaj
Apache RTR,41000,Faridabad,25943,First Owner,5,180,TVS
Honda Splendor Plus,18500,Faridabad,19492,First Owner,10,100,Hero
Apache RTR,36000,Faridabad,21578,First Owner,6,180,TVS
Centuro,17800,Faridabad,21587,First Owner,7,110,Mahindra
Saluto,25000,Faridabad,15775,First Owner,5,125,Yamaha
YZF-R15 V3,145000,Pune,9500,First Owner,2,150,Yamaha
Apache RTR White Race Edition,63000,Delhi,9999,First Owner,3,160,TVS
Apache RTR,70000,Jaipur,207102,First Owner,2,180,TVS
CB Unicorn,10000,Tiruvallur,29825,Second Owner,11,150,Honda
CB Hornet 160R Special Edition STD,52000,Kachchh,12600,First Owner,4,160,Honda
Splendor Plus,18000,Gurgaon,35550,First Owner,11,100,Hero
Saluto,23500,Faridabad,19720,First Owner,6,125,Yamaha
Thunderbird,103000,Thane,19339,First Owner,5,350,Royal Enfield
Classic Squadron Blue,135000,Delhi,22000,First Owner,5,500,Royal Enfield
Pulsar RS200,89300,Bangalore,17300,First Owner,6,200,Bajaj
Gixxer,43800,Virar,6500,First Owner,6,150,Suzuki
Sport,20000,Faridabad,10649,First Owner,6,100,TVS
Thunderbird,95000,Pune,20241,First Owner,6,350,Royal Enfield
Duke,175000,Bangalore,23500,First Owner,5,390,KTM
Thunderbird X,150000,Bangalore,27356,First Owner,3,350,Royal Enfield
Gixxer,38700,Ghaziabad,40000,First Owner,5,150,Suzuki
CB Twister,18000,Nagaur,31000,First Owner,8,110,Honda
Thunderbird,105000,Jaipur,1543,First Owner,5,350,Royal Enfield
Avenger,43000,Bangalore,33807,Second Owner,7,220,Bajaj
Apache RTR,45000,Faridabad,23481,First Owner,5,180,TVS
Monster 797,836000,Pune,7224,First Owner,2,797,Ducati
GT650R,446200,Delhi,2500,Second Owner,4,650,Hyosung
Thunderbird,55000,Jaipur,4779,First Owner,11,350,Royal Enfield
Apache RTR ABS,74200,Delhi,6300,First Owner,3,180,TVS
Pulsar,60000,Faridabad,10121,First Owner,2,150,Bajaj
Discover 100M,21666,Bangalore,19075,First Owner,7,100,Bajaj
Pulsar,22000,Chandigarh,86845,First Owner,13,150,Bajaj
Fazer,45000,Pune,33000,First Owner,10,150,Yamaha
Avenger,45000,Pune,27000,First Owner,9,220,Bajaj
Thunderbird,90000,Delhi,25000,First Owner,7,350,Royal Enfield
YZF-R15,51000,Gurgaon,12668,First Owner,8,150,Yamaha
CT 100 Alloy,28000,Faridabad,11131,First Owner,4,100,Bajaj
Platina  Alloy ES-,31500,Faridabad,14267,First Owner,5,100,Bajaj
Passion Pro,16500,Delhi,67731,First Owner,10,100,Hero
Gixxer SF,70000,Delhi,12266,First Owner,3,150,Suzuki
Splendor Plus,23000,Faridabad,28870,First Owner,9,100,Hero
HF Deluxe,33000,Faridabad,18643,First Owner,5,100,Hero
CD Deluxe,32000,Jaipur,22844,First Owner,8,100,Hero
Pulsar,20000,Faridabad,34304,First Owner,11,220,Bajaj
CB Shine,38000,Jaipur,21822,First Owner,6,125,Honda
Splendor Plus,21000,Faridabad,19774,First Owner,9,100,Hero
CT 100,27000,Faridabad,22115,First Owner,3,100,Bajaj
HF Deluxe,21000,Faridabad,17210,First Owner,9,100,Hero
Splendor Plus,21000,Faridabad,16057,First Owner,8,100,Hero
HF Deluxe Eco,35000,Faridabad,18303,First Owner,3,100,Hero
CB Trigger,33000,Gurgaon,14244,First Owner,5,150,Honda
Apache RTR,41000,Delhi,15880,Third Owner,5,160,TVS
Apache RTR 160 4V Disc,65000,Ghaziabad,10906,Second Owner,3,160,TVS
Pulsar 220F,76000,Ahmedabad,23885,First Owner,3,220,Bajaj
HF Deluxe,38000,Jaipur,20000,First Owner,6,100,Hero
Splendor Plus,18000,Faridabad,35778,First Owner,11,100,Hero
HF Deluxe Eco,46000,Faridabad,11309,First Owner,2,100,Hero
Livo,32000,Gurgaon,23060,First Owner,4,110,Honda
Bullet,48000,Gurgaon,52904,First Owner,14,350,Royal Enfield
Pulsar NS200,53500,Bahadurgarh,21890,First Owner,8,200,Bajaj
CB Shine Disc,30000,Pune,51000,First Owner,9,125,Honda
Avenger Street 150,47000,Gurgaon,24580,First Owner,5,150,Bajaj
SS 125,19000,Faridabad,25794,First Owner,7,125,Yamaha
Karizma ZMR,42000,Chennai,52000,Second Owner,7,223,Hero
Apache RTR,41900,Alipore,20000,First Owner,7,160,TVS
CD Deluxe,33000,Delhi,12000,First Owner,4,100,Hero
Karizma R,23400,Bangalore,25000,First Owner,11,223,Hero
Duke,67500,Nagpur,35000,Second Owner,9,200,KTM
Avenger Cruise 220,70000,Delhi,9900,First Owner,5,220,Bajaj
Avenger,60000,Delhi,12000,First Owner,5,220,Bajaj
GT650R,170000,Anekal,210,First Owner,8,650,Hyosung
CBF Stunner,14500,Agra,43000,Second Owner,9,125,Honda
FZs,50000,Hyderabad,29800,First Owner,7,150,Yamaha
Thunderbird,89700,Navi Mumbai,26000,First Owner,6,350,Royal Enfield
Thunderbird,80600,Mumbai,26000,Second Owner,7,350,Royal Enfield
Thunderbird,97942,Navi Mumbai,8979,First Owner,6,350,Royal Enfield
FZ,27000,Bangalore,46006,Second Owner,10,150,Yamaha
Pulsar,25000,Hissar,28000,First Owner,12,180,Bajaj
Pulsar 200 NS,42200,Ahmedabad,57000,First Owner,7,200,Bajaj
Classic,95000,Kolkata,13452,First Owner,6,350,Royal Enfield
CB Trigger,34850,Pune,75838,First Owner,6,150,Honda
Avenger Street 150,34918,Pune,60055,First Owner,5,150,Bajaj
FZ16,60000,Chennai,15500,First Owner,5,150,Yamaha
Aquila Pro GV650,273200,Bhubaneshwar,12000,First Owner,7,650,Hyosung
Street 750,350000,Gurgaon,21000,Second Owner,7,750,Harley-Davidson
Dominar 400 ABS,160000,Bangalore,8298,First Owner,3,400,Bajaj
Splendor iSmart,27333,Ahmedabad,26000,First Owner,6,100,Hero
Pulsar,46000,Bangalore,37000,First Owner,5,150,Bajaj
Jawa Yezdi CL-II,100000,Thiruvananthapuram,80000,Second Owner,41,250,Ideal
CD Dawn,11000,Adalaj,65000,First Owner,10,100,Hero
FZ S V 2.0,40000,Delhi,44000,First Owner,5,150,Yamaha
FZs,41000,Faridabad,6168,First Owner,5,150,Yamaha
FZs,32000,Gurgaon,40828,First Owner,6,150,Yamaha
FZs,33000,Delhi,13007,Second Owner,6,150,Yamaha
Platina  Alloy ES-,24000,Delhi,28000,First Owner,7,100,Bajaj
Street 750,340000,Pune,13900,Second Owner,7,750,Harley-Davidson
Splendor Pro Classic,39000,Ahmedabad,7005,First Owner,6,100,Hero
YZF-R3,250000,Bangalore,45000,First Owner,5,320,Yamaha
YZF-R3,254581,Gorakhpur,19100,First Owner,4,320,Yamaha
FZs,40000,Delhi,37000,First Owner,7,150,Yamaha
Star City,14500,Indore,35000,First Owner,12,110,TVS
Passion Pro,20000,Indore,50000,First Owner,8,100,Hero
Hayabusa,1149000,Delhi,9875,First Owner,6,1300,Suzuki
Avenger Street 150,44300,Mumbai,9600,First Owner,6,150,Bajaj
Discover,23000,Jodhpur,36301,First Owner,13,135,Bajaj
Xtreme,29000,Jaipur,12653,First Owner,7,150,Hero
Classic,139300,Visakhapatnam,5400,First Owner,5,350,Royal Enfield
Pulsar,12500,Bangalore,53700,Second Owner,16,150,Bajaj
Discover,15000,Mumbai,34997,First Owner,11,150,Bajaj
Avenger Street 150,55000,Thane,8200,First Owner,5,150,Bajaj
Classic,109999,Kolkata,8821,First Owner,7,500,Royal Enfield
Avenger Street 150,52000,Ahmedabad,13551,First Owner,4,150,Bajaj
Classic,125000,Patna,7292,First Owner,4,350,Royal Enfield
Pulsar,20000,Delhi,43750,Second Owner,13,220,Bajaj
Pulsar 135LS,19000,Delhi,41999,First Owner,8,135,Bajaj
Discover 125M,12000,Noida,35609,First Owner,7,125,Bajaj
Classic Stealth Black,170000,Pune,18140,First Owner,3,500,Royal Enfield
CB Hornet 160R Special Edition-CBS,70500,Pune,8152,First Owner,3,160,Honda
CB Twister,13500,Ghaziabad,48763,First Owner,10,110,Honda
Discover,13000,Ghaziabad,28954,First Owner,9,125,Bajaj
Super Splendor,27000,Ghaziabad,41153,First Owner,6,125,Hero
Apache RTR Rear Disc,65000,Gurgaon,7024,First Owner,3,160,TVS
FZ Fi Version 2.0,80000,Bangalore,2100,First Owner,5,150,Yamaha
Duke,235000,Delhi,1100,First Owner,4,390,KTM
CB Unicorn 160 STD,67500,Mumbai,10000,First Owner,3,160,Honda
Pulsar NS200,42273,Mumbai,44696,Second Owner,8,200,Bajaj
FZs,35800,Raipur,13574,First Owner,9,150,Yamaha
Gixxer,35000,Mumbai,43399,Second Owner,6,150,Suzuki
Splendor Pro,26000,Delhi,18000,First Owner,9,100,Hero
Street Rod XG750A ABS,525000,Delhi,6000,First Owner,4,750,Harley-Davidson
GT250R,145000,Delhi,19000,First Owner,7,250,Hyosung
TNT 300,195000,Mumbai,11000,First Owner,5,300,Benelli
TNT 300,250000,Mumbai,11400,First Owner,5,300,Benelli
Discover,26000,Delhi,27000,First Owner,7,125,Bajaj
Pulsar,13000,Mansa,28881,First Owner,13,180,Bajaj
FZ V 2.0,50600,Mumbai,8000,First Owner,4,150,Yamaha
CBR 250R,75000,Ahmedabad,20500,First Owner,7,250,Honda
CT 100,17500,Delhi,42852,First Owner,6,100,Bajaj
CB Unicorn,59000,Bangalore,21952,First Owner,3,150,Honda
Fazer,38000,Delhi,8000,First Owner,7,150,Yamaha
Dominar 400 ABS,138000,Hyderabad,1038,First Owner,3,400,Bajaj
Pulsar,33000,Ambala,5900,First Owner,5,150,Bajaj
YZF-R15 V3,110000,Hyderabad,5500,First Owner,3,150,Yamaha
FZ S V 2.0,40000,Bangalore,42966,First Owner,7,150,Yamaha
CB Shine,30000,Hyderabad,47000,First Owner,9,125,Honda
CBR 250R,80000,Pune,30900,Second Owner,9,250,Honda
CBR 250R ABS,50000,Pune,44811,First Owner,10,250,Honda
FZs,45000,Hyderabad,34900,First Owner,7,150,Yamaha
TNT 300,200000,Chennai,15000,First Owner,5,300,Benelli
CD Dawn,15000,Amravati,80000,First Owner,11,100,Hero
FZs,49000,Ahmedabad,13959,First Owner,4,150,Yamaha
Apache RTR,55000,Delhi,19400,First Owner,5,160,TVS
Pulsar 200 NS,45000,Jodhpur,33247,First Owner,7,200,Bajaj
Thunderbird,125000,Mumbai,7530,First Owner,5,350,Royal Enfield
Platina,12000,Gurgaon,65536,First Owner,12,100,Bajaj
Platina,21500,Ahmedabad,26542,First Owner,14,100,Bajaj
Classic,120000,Hyderabad,45000,First Owner,4,350,Royal Enfield
CB Shine,48000,Mumbai,22500,First Owner,4,125,Honda
Pulsar,29000,Mumbai,51106,First Owner,9,220,Bajaj
CBF Stunner,15000,Delhi,48000,Second Owner,8,125,Honda
Duke,170000,Delhi,3500,First Owner,4,250,KTM
Duke,150000,Jaipur,12500,First Owner,4,250,KTM
Discover 125ST,37000,Kolkata,42,First Owner,8,125,Bajaj
CD Deluxe,30000,Kolkata,16900,First Owner,8,100,Hero
Passion Pro,38000,Kolkata,8962,First Owner,5,100,Hero
Fazer,45000,Tiruchirappalli,34000,First Owner,9,150,Yamaha
CBZ Star,15000,Kolkata,15000,First Owner,16,160,Hero
CB Unicorn 160,51000,Nanded,22000,First Owner,6,160,Honda
Discover,23490,Mumbai,39000,First Owner,9,125,Bajaj
Ignitor,23000,Mumbai,10009,First Owner,7,125,Hero
Electra,106000,Dharamasala,6200,First Owner,4,350,Royal Enfield
CB Unicorn,11000,Delhi,53254,First Owner,15,150,Honda
Thunderbird,74500,Delhi,14934,First Owner,5,350,Royal Enfield
Ninja,333333,Pune,16000,First Owner,5,650,Kawasaki
CB Shine,20000,Gurgaon,59516,First Owner,9,125,Honda
Discover,26799,Chhindwara,45000,First Owner,8,100,Bajaj
Classic Gunmetal Grey,160000,Pune,11689,First Owner,3,350,Royal Enfield
Splendor Plus,24000,Faridabad,20375,First Owner,6,100,Hero
Ignitor Disc,23000,Ghaziabad,18000,First Owner,6,125,Hero
Monster 797,655000,Delhi,5034,First Owner,4,797,Ducati
Monster 796 Corse Stripe,380000,Bangalore,31000,First Owner,9,796,Ducati
Karizma ZMR,34154,Bangalore,33500,Second Owner,7,223,Hero
Continental GT,125000,Bhopal,21000,Second Owner,6,535,Royal Enfield
Pulsar NS200 ABS,105000,Bangalore,7684,First Owner,2,200,Bajaj
Apache RTR ABS,65000,Jaipur,26454,First Owner,3,180,TVS
Duke,127600,Hyderabad,12888,First Owner,4,200,KTM
Livo,32000,Faridabad,10909,First Owner,5,110,Honda
Pulsar,10000,Delhi,1223,First Owner,13,150,Bajaj
Panigale 959,1070500,Delhi,289,First Owner,3,959,Ducati
Duke,72500,Hyderabad,10000,First Owner,8,200,KTM
G 310 R,260000,Bangalore,11000,First Owner,3,310,BMW
SZR,22500,Mumbai,80000,First Owner,7,150,Yamaha
FZ16,25000,Mumbai,13382,Second Owner,10,150,Yamaha
Duke,170000,Hyderabad,3822,First Owner,3,250,KTM
FZs,25000,Mumbai,22917,First Owner,9,150,Yamaha
FZs,26000,Mumbai,37000,First Owner,9,150,Yamaha
SZS,28000,Mumbai,566931,First Owner,5,150,Yamaha
RC,134700,Kolkata,5550,First Owner,5,390,KTM
Ninja 650 KRT Edition,425000,Gurgaon,4800,Second Owner,4,650,Kawasaki
CB Unicorn 160,45000,Aurangabad,41230,First Owner,6,160,Honda
Pulsar 135LS,18900,Kalyan,38000,First Owner,11,135,Bajaj
Pulsar RS200,65000,Hyderabad,36000,First Owner,6,200,Bajaj
CD Deluxe,29000,Ahmedabad,25000,First Owner,11,100,Hero
Pulsar,7000,Ahmedabad,80000,Third Owner,15,150,Bajaj
Star Sport,8000,Faridabad,49730,Second Owner,11,100,TVS
Star Sport,8100,Faridabad,49730,First Owner,11,100,TVS
Splendor Plus,20000,Faridabad,16764,First Owner,9,100,Hero
CBR 150R,76200,Hyderabad,18300,First Owner,7,150,Honda
Platina,23000,Bhopal,42500,First Owner,13,100,Bajaj
CBR 150R,46000,Chennai,17407,Second Owner,9,150,Honda
Street 750,250000,Ahmedabad,7600,Third Owner,5,750,Harley-Davidson
Pulsar 135LS,22000,Mumbai,35000,Second Owner,11,135,Bajaj
CB ShineSP Disc,35000,Delhi,11246,First Owner,5,125,Honda
Daytona 675 ABS,699000,Delhi,9000,Third Owner,5,675,Triumph
Splendor Plus,37500,Jaipur,20511,First Owner,5,100,Hero
YZF-R15 V3,121700,Hyderabad,10500,First Owner,3,150,Yamaha
Pulsar RS200,108000,Kochi,11270,First Owner,5,200,Bajaj
Pulsar,15344,Jamnagar,71943,Third Owner,12,150,Bajaj
Pulsar,70000,Hyderabad,11000,First Owner,3,220,Bajaj
TNT 600i ABS,530000,Delhi,22800,First Owner,4,600,Benelli
Pulsar,21000,Bangalore,11374,First Owner,11,150,Bajaj
Splendor Pro,20000,Delhi,81260,First Owner,8,100,Hero
Splendor Pro,18000,Delhi,750000,First Owner,10,100,Hero
Pulsar NS200,73000,Bangalore,6041,First Owner,4,200,Bajaj
Duke,90000,Bangalore,20000,First Owner,9,200,KTM
Duke,55000,Mumbai,32000,Third Owner,9,200,KTM
Phoenix,18000,Delhi,34860,First Owner,6,125,TVS
Z650,478000,Jaipur,1234,First Owner,3,650,Kawasaki
YZF-R15 2.0,48000,Bangalore,63371,First Owner,8,150,Yamaha
YZF-R15 2.0,75000,Bangalore,28000,First Owner,7,150,Yamaha
YZF-R15,62000,Bangalore,14490,First Owner,8,150,Yamaha
Pulsar 220F,33700,Kolkata,54250,First Owner,8,220,Bajaj
Avenger,20000,Noida,45000,First Owner,11,200,Bajaj
Classic,120000,Pune,28000,First Owner,6,350,Royal Enfield
Pulsar 135LS,15500,Faridabad,21814,First Owner,7,135,Bajaj
Sport,12200,Ghaziabad,58000,First Owner,10,100,TVS
Avenger Street 220,65000,Bangalore,26592,First Owner,4,220,Bajaj
Pulsar 135LS,29000,Bangalore,26434,Second Owner,11,135,Bajaj
Splendor,24000,Bangalore,24527,First Owner,13,100,Hero
Splendor Plus,36000,Ahmedabad,35000,First Owner,5,100,Hero
Passion Xpro,32000,Ahmedabad,52500,First Owner,7,110,Hero
FZ,33000,Bangalore,27629,First Owner,10,150,Yamaha
Avenger,25000,Delhi,25000,First Owner,12,200,Bajaj
Continental GT,135000,Chennai,7582,First Owner,4,535,Royal Enfield
CB Hornet 160R Special Edition STD,67300,Mangalore,13000,First Owner,4,160,Honda
Agusta F3,950000,Delhi,6898,First Owner,6,800,MV
YZF-R1,1550000,Delhi,9800,Second Owner,6,1000,Yamaha
Sport,32000,Gurgaon,23000,First Owner,3,100,TVS
FZ,33000,Bangalore,24000,First Owner,10,150,Yamaha
FZ,44000,Bangalore,25220,First Owner,8,150,Yamaha
CB Hornet 160R CBS,67000,Bangalore,47493,First Owner,4,160,Honda
Avenger,58000,Bangalore,24220,First Owner,5,220,Bajaj
Pulsar NS200,58000,Bangalore,54500,First Owner,7,200,Bajaj
FZS FI,58000,Bangalore,18200,First Owner,5,150,Yamaha
Gixxer,59000,Bangalore,4258,First Owner,4,150,Suzuki
Karizma R,40000,Bangalore,42000,First Owner,13,223,Hero
YZF-R15 2.0,56000,Bangalore,34721,First Owner,9,150,Yamaha
Passion Plus,25000,Pune,21000,First Owner,11,100,Hero
Bullet Electra Twinspark,116200,Vadodara,6000,First Owner,3,350,Royal Enfield
Classic Chrome ABS,215000,Delhi,417,First Owner,2,500,Royal Enfield
Pulsar 220F,55000,Bangalore,47042,First Owner,5,220,Bajaj
Intruder,68000,Chennai,4961,First Owner,4,150,Suzuki
Pulsar NS200 ABS,105000,Chennai,4268,First Owner,2,200,Bajaj
Classic,100000,Bangalore,12100,First Owner,10,500,Royal Enfield
Classic,96000,Bangalore,7794,First Owner,7,350,Royal Enfield
Bullet,85000,Delhi,9537,Second Owner,4,350,Royal Enfield
Pulsar,28000,Ghaziabad,15234,First Owner,9,180,Bajaj
Pulsar 220F,50000,Kalyan,2000,First Owner,5,220,Bajaj
CB Shine Disc,37000,Delhi,13919,First Owner,7,125,Honda
Pulsar 220F,83000,Mumbai,5578,First Owner,6,220,Bajaj
FZ,35000,Bangalore,36845,First Owner,10,150,Yamaha
Himalayan,140000,Pune,4832,First Owner,4,410,Royal Enfield
Classic,105000,Warangal,25000,First Owner,7,350,Royal Enfield
Passion Pro,34000,Nagpur,40000,First Owner,9,100,Hero
FZ Fi Version 2.0,72000,Zirakpur,7500,First Owner,4,150,Yamaha
Pulsar,50000,Hyderabad,10100,First Owner,8,150,Bajaj
Star Sport,31599,Jaipur,19111,First Owner,8,100,TVS
Avenger,56000,Chennai,27350,First Owner,6,220,Bajaj
Thunderbird,103000,Bankura,14400,First Owner,6,350,Royal Enfield
Duke,125000,Mumbai,13000,First Owner,5,200,KTM
Classic,100000,Delhi,30000,First Owner,7,350,Royal Enfield
CB Hornet 160R STD,68000,Guwahati,11100,First Owner,5,160,Honda
Pulsar RS200,110000,Delhi,5655,First Owner,5,200,Bajaj
Passion Pro,23600,Chennai,37500,First Owner,11,100,Hero
Discover 125M,26000,Lucknow,43000,First Owner,7,125,Bajaj
CB Trigger,52000,Bangalore,25000,First Owner,7,150,Honda
Classic,95000,Abohar,9000,First Owner,8,350,Royal Enfield
Pulsar,70000,Alipore,20775,First Owner,5,220,Bajaj
CB Trigger,50000,Bangalore,17000,First Owner,7,150,Honda
CBF Stunner,15000,Noida,40000,First Owner,12,125,Honda
Gixxer SF Special MOTOGP Edition Rear Disc,80000,Chennai,3000,First Owner,4,150,Suzuki
Pulsar 220F,76000,Gurgaon,3450,First Owner,4,220,Bajaj
Avenger Street 150,58100,Hyderabad,14000,First Owner,5,150,Bajaj
Ignitor,20000,Surat,5792,First Owner,8,125,Hero
CB Hornet 160R CBS,75000,Bangalore,17475,First Owner,4,160,Honda
Apache RTR,48000,Delhi,17746,First Owner,5,160,TVS
Bullet Electra,85000,Ghaziabad,21977,First Owner,7,350,Royal Enfield
Sportster 883,350000,Noida,30000,First Owner,9,883,Harley-Davidson
Passion Xpro,28000,Delhi,31288,First Owner,8,110,Hero
Apache RTR,39000,Anjar,1200,First Owner,7,160,TVS
Star City,20000,Palakkad,49500,First Owner,10,110,TVS
Classic,115000,Gurgaon,18832,First Owner,5,350,Royal Enfield
Star Sport,18000,Noida,38056,First Owner,10,100,TVS
CBZ Xtreme,12800,Amraoti,54000,First Owner,14,150,Hero
Splendor,23000,Rajkot,46000,First Owner,24,100,Hero
CBR 250R,110000,Surat,4700,First Owner,6,250,Honda
Classic,147000,Bangalore,11000,First Owner,5,350,Royal Enfield
Discover,20000,Chennai,27000,First Owner,9,110,Bajaj
Avenger,35000,Chennai,32342,First Owner,9,220,Bajaj
Pulsar 135LS,48500,Delhi,8000,First Owner,5,135,Bajaj
Avenger,54000,Hyderabad,32000,First Owner,7,220,Bajaj
Passion Xpro,22600,Ghaziabad,78000,Second Owner,8,110,Hero
Pulsar NS200,67500,Mumbai,1276,First Owner,9,200,Bajaj
Platina,17300,Ahmedabad,29000,First Owner,12,100,Bajaj
Passion Xpro,35000,Delhi,23000,First Owner,6,110,Hero
CD Deluxe,33000,Delhi,18000,First Owner,5,100,Hero
Avenger,52000,Barabanki,38943,First Owner,6,220,Bajaj
Splendor Plus,32000,Ludhiana,13500,First Owner,7,100,Hero
RC,149600,Pune,24000,First Owner,6,390,KTM
Classic,130000,Delhi,24000,First Owner,4,350,Royal Enfield
YZF-R15 2.0,46000,Lucknow,33000,First Owner,10,150,Yamaha
YZF-R15,100000,Delhi,9000,First Owner,4,150,Yamaha
Splendor Pro,25000,Kota,21250,First Owner,9,100,Hero
Passion Plus,14500,Delhi,17999,Third Owner,15,100,Hero
Passion Pro,39000,Delhi,22000,First Owner,4,100,Hero
Apache RTR,30000,Karnal,6639,First Owner,9,180,TVS
Avenger Street 220,60000,Delhi,20373,First Owner,6,220,Bajaj
Super Splendor,15600,Jaipur,84186,First Owner,16,125,Hero
Pulsar,22000,Pune,60857,First Owner,13,150,Bajaj
Pulsar,35000,Faridabad,40000,First Owner,12,220,Bajaj
Gixxer,52000,Kolkata,24000,First Owner,7,150,Suzuki
Dream Yuga,41000,Aurangabad,10000,First Owner,5,110,Honda
CBZ Xtreme,38000,Margao,53000,First Owner,9,150,Hero
Pulsar 220F,80000,Patna,10000,First Owner,7,220,Bajaj
Thunderbird,110000,Mumbai,33800,First Owner,6,350,Royal Enfield
Thunderbird,160000,Hyderabad,25000,First Owner,6,500,Royal Enfield
Splendor plus,41500,Nabha,59154,First Owner,5,100,Hero
Avenger,40000,Bangalore,27875,First Owner,12,200,Bajaj
Thunderbird,140000,Bangalore,22000,First Owner,5,350,Royal Enfield
Passion Pro,42000,Wardha,10883,First Owner,5,100,Hero
Apache RTR,78000,Unnao,6400,First Owner,4,180,TVS
Passion Pro,26000,Pune,23236,First Owner,12,100,Hero
Avenger,77000,Delhi,19820,First Owner,6,220,Bajaj
CBZ Xtreme,28000,Mumbai,66000,First Owner,11,150,Hero
CBF Stunner,18000,Jaipur,40266,First Owner,11,125,Honda
Avenger,53000,Delhi,15000,First Owner,7,220,Bajaj
Bullet Electra Twinspark,85000,Pune,14000,First Owner,8,350,Royal Enfield
Pulsar,14200,Delhi,55200,First Owner,16,150,Bajaj
Classic,175000,Gurgaon,2200,First Owner,4,500,Royal Enfield
Dominar 400 ABS,140000,Delhi,19631,Second Owner,4,400,Bajaj
Pulsar RS200 ABS,80000,Delhi,22271,First Owner,6,200,Bajaj
Bullet Electra,65000,Delhi,15000,First Owner,14,350,Royal Enfield
CB Unicorn 160,45000,Thane,27000,First Owner,6,160,Honda
Karizma,18000,Surat,57000,First Owner,16,223,Hero
Pulsar,10000,Ahmedabad,47000,First Owner,18,150,Bajaj
Mojo,120000,Delhi,6500,First Owner,5,300,Mahindra
Pulsar,60000,Gurgaon,3500,First Owner,4,180,Bajaj
CBF Stunner,23200,Vadodara,33000,First Owner,10,125,Honda
Pulsar AS150,38000,Delhi,22840,First Owner,5,150,Bajaj
Pulsar,21500,Mumbai,90000,First Owner,10,150,Bajaj
Avenger Street 150,55000,Pune,28000,First Owner,5,150,Bajaj
Avenger Street 150,65000,Delhi,20314,First Owner,4,150,Bajaj
Discover,12000,Trivandrum,78500,Second Owner,16,125,Bajaj
Star City Plus,32000,Delhi,33767,First Owner,4,110,TVS
CBF Stunner,28000,Mumbai,46915,Second Owner,10,125,Honda
Avenger Street 150,50000,Patna,27918,First Owner,5,150,Bajaj
Avenger,45000,Indore,35497,First Owner,7,220,Bajaj
Mojo Tourer Edition,160000,Bangalore,7500,Second Owner,4,300,Mahindra
Splendor Plus,20000,Delhi,67209,First Owner,11,100,Hero
Classic,75000,Pune,23045,First Owner,9,350,Royal Enfield
Platina,23000,Lucknow,20000,First Owner,6,100,Bajaj
Slingshot Plus,32000,Lucknow,22697,First Owner,7,125,Suzuki
SZ-RR,20000,Kanchipuram,52000,First Owner,10,150,Yamaha
Avenger Street 220,55005,Godhara,6600,First Owner,5,220,Bajaj
Classic,87000,Gautam Buddha Nagar,16336,First Owner,7,350,Royal Enfield
Thunderbird,70000,Mumbai,13858,Second Owner,11,350,Royal Enfield
Zeus,35000,Ahmedabad,11885,First Owner,12,125,Suzuki
RC,196700,Mumbai,13216,First Owner,4,390,KTM
Pulsar,25000,Delhi,32588,First Owner,9,150,Bajaj
Fazer 25,123000,Kadapa,14500,First Owner,4,250,Yamaha
Classic,95500,Delhi,18000,First Owner,8,350,Royal Enfield
Passion Pro,32000,Delhi,12000,First Owner,6,100,Hero
Avenger,41000,Delhi,20245,Second Owner,11,220,Bajaj
Passion,15000,Perumbavoor,35000,Second Owner,19,100,Hero
Discover,41500,24 Pargana,3000,First Owner,3,110,Bajaj
Thunderbird,115000,Delhi,23560,First Owner,5,500,Royal Enfield
Apache,16000,Gurgaon,28350,First Owner,15,150,TVS
Avenger Street 220,60000,Delhi,35000,First Owner,5,220,Bajaj
V15,45000,Gurgaon,13300,First Owner,5,150,Bajaj
Classic,107000,Delhi,16505,First Owner,5,350,Royal Enfield
Fazer 25,89000,Delhi,20099,First Owner,4,250,Yamaha
Xtreme 200R,98000,Guntur,5900,First Owner,3,200,Hero
FZ,17000,Delhi,36111,First Owner,12,150,Yamaha
Victor Disc,36000,Delhi,18000,First Owner,4,110,TVS
Pulsar 200 NS,50000,Gurgaon,23080,First Owner,7,200,Bajaj
CBR 250R ABS,130000,Sundargarh,15000,First Owner,8,250,Honda
Bullet Twinspark,115000,Delhi,10350,First Owner,3,350,Royal Enfield
FZs,35000,Delhi,19134,First Owner,11,150,Yamaha
Pulsar,20000,Thrissur,52000,First Owner,11,180,Bajaj
CT 100 KS Alloy,40000,Chandigarh,1501,First Owner,2,100,Bajaj
Dream Yuga,22000,Gurgaon,32579,First Owner,6,110,Honda
RC,155000,Bangalore,20449,First Owner,6,390,KTM
Star City Plus,38000,Gurgaon,23700,First Owner,4,110,TVS
Splendor NXG,22400,Delhi,14000,First Owner,10,100,Hero
Pulsar,23000,Delhi,58000,First Owner,9,150,Bajaj
FZs,22000,Delhi,32000,First Owner,13,150,Yamaha
Gixxer,45000,Delhi,39889,First Owner,7,150,Suzuki
Discover 125ST,35000,Pune,25398,First Owner,7,125,Bajaj
Discover,45000,Ghaziabad,19827,First Owner,3,110,Bajaj
Avenger,51000,Faridabad,30000,First Owner,8,220,Bajaj
Platina,22000,Gurgaon,53085,First Owner,9,100,Bajaj
Bullet Electra Twinspark,90000,Gurgaon,44777,First Owner,6,350,Royal Enfield
Thunderbird,130000,Dharwar,8000,First Owner,4,350,Royal Enfield
Apache RTR,70000,Nazira,12600,First Owner,7,180,TVS
YZF-R15 2.0,75000,Samastipur,16000,First Owner,4,150,Yamaha
Classic,120000,Delhi,23719,First Owner,5,350,Royal Enfield
Z800,750000,Trivandrum,7500,First Owner,5,800,Kawasaki
Pulsar AS150,60000,Gurgaon,31769,First Owner,5,150,Bajaj
Duke,120000,Pune,26709,First Owner,6,390,KTM
Pulsar,26000,Noida,20000,First Owner,13,150,Bajaj
Classic,134100,Delhi,1700,First Owner,4,350,Royal Enfield
Standard,85999,Delhi,16589,First Owner,8,350,Royal Enfield
Standard,70000,Ahmedabad,65000,First Owner,10,500,Royal Enfield
Bullet Electra,90000,Pune,5770,First Owner,5,350,Royal Enfield
‎ Bullet,65000,Gurgaon,14101,Third Owner,34,350,Royal Enfield
Standard,110000,Gurgaon,14418,First Owner,4,500,Royal Enfield
Classic,92000,Ghaziabad,26900,First Owner,7,350,Royal Enfield
Passion Plus,15995,Nellore,88808,First Owner,17,100,Hero
Fazer,40000,Patiala,45139,First Owner,9,150,Yamaha
Ignitor Disc,30000,Saharanpur,15982,First Owner,8,125,Hero
Avenger Street 150,52000,Delhi,12486,First Owner,5,150,Bajaj
Avenger Cruise 220,75500,Hyderabad,24500,First Owner,3,220,Bajaj
Passion Pro i3S Disc,42000,Gurgaon,6843,First Owner,4,100,Hero
GS 150 R,30009,Mumbai,39022,First Owner,11,150,Suzuki
Platina,16000,Dehradun,92666,First Owner,14,100,Bajaj
Karizma R,57500,Latur,71000,First Owner,9,223,Hero
Discover,29600,Latur,105000,First Owner,15,125,Bajaj
Classic,126508,Pune,22191,First Owner,5,500,Royal Enfield
Pulsar,29000,Ahmedabad,54262,Second Owner,12,220,Bajaj
Classic,132000,Pune,6000,First Owner,5,350,Royal Enfield
Pulsar,56000,Surat,8089,First Owner,5,150,Bajaj
Discover 125ST,26675,Thane,30032,First Owner,8,125,Bajaj
Classic Gunmetal Grey,136000,Tiruvallur,13333,First Owner,3,350,Royal Enfield
Avenger,65000,Unnao,15200,First Owner,6,220,Bajaj
Discover,40000,Chandigarh,5995,First Owner,5,125,Bajaj
Passion Pro,22600,Delhi,25000,First Owner,11,100,Hero
Gixxer SP Rear Disc,84000,24 Pargana,200,First Owner,4,150,Suzuki
Pulsar,38500,Delhi,34000,First Owner,7,150,Bajaj
FZ,29900,Delhi,41048,First Owner,10,150,Yamaha
Thunderbird,150000,Faridabad,5200,First Owner,6,500,Royal Enfield
Gixxer SF,70000,Gurgaon,15000,First Owner,5,150,Suzuki
CB Trigger,51300,Bangalore,27015,First Owner,7,150,Honda
Avenger,60000,Delhi,21000,First Owner,7,220,Bajaj
Pulsar,80000,Bangalore,17000,First Owner,6,220,Bajaj
CB Shine,28000,Ahmedabad,33000,First Owner,12,125,Honda
Classic,124600,Pune,19000,First Owner,7,500,Royal Enfield
Thunderbird,117000,Bangalore,24000,First Owner,8,350,Royal Enfield
CB Unicorn 160,70000,Mumbai,8000,First Owner,6,160,Honda
CBF Stunner,20500,Noida,69200,First Owner,12,125,Honda
HF Deluxe,25000,Vadodara,24010,First Owner,12,100,Hero
Ignitor,35000,Gurgaon,26000,First Owner,8,125,Hero
Classic,125000,Bangalore,13000,First Owner,7,350,Royal Enfield
SS 125,25000,Jaipur,10500,First Owner,9,125,Yamaha
Avenger,54400,Gurgaon,27000,First Owner,6,220,Bajaj
Avenger Street 220,75000,Ghaziabad,3650,First Owner,5,220,Bajaj
Pulsar,70000,Jaipur,10000,First Owner,4,150,Bajaj
Classic,99000,Delhi,18000,Second Owner,7,350,Royal Enfield
Bullet Twinspark,112000,Bangalore,12200,First Owner,7,350,Royal Enfield
Passion Pro,21000,Delhi,35698,First Owner,11,100,Hero
RC,180900,Delhi,11466,First Owner,4,200,KTM
Ninja,550000,Mumbai,3500,Second Owner,4,650,Kawasaki
Avenger Street 220,70000,Hyderabad,15500,First Owner,5,220,Bajaj
CBR 150R,71800,Dehradun,22650,Second Owner,6,150,Honda
Avenger Street 220,90000,Kalyan,7500,First Owner,3,220,Bajaj
Discover,37800,Pratapgarh,15000,First Owner,5,125,Bajaj
Splendor Pro Classic,31621,Ambala,19000,First Owner,6,100,Hero
Standard,89720,Chandigarh,33885,First Owner,8,350,Royal Enfield
CB Hornet 160R CBS,60000,Hyderabad,12609,First Owner,5,160,Honda
Thunderbird,65000,Delhi,11811,First Owner,9,350,Royal Enfield
Dominar 400 ABS,120000,Mumbai,33647,First Owner,4,400,Bajaj
V15,48000,Hyderabad,14290,First Owner,5,150,Bajaj
Thunderbird,72000,Amraoti,30000,Second Owner,8,350,Royal Enfield
Pulsar,30000,Gurgaon,45322,First Owner,7,150,Bajaj
V15,55000,Hosur,10440,First Owner,5,150,Bajaj
Karizma R,16979,Delhi,17299,First Owner,12,223,Hero
CB Unicorn Dazzler,30000,Ahmedabad,57298,First Owner,10,150,Honda
Avenger,36000,Surat,10000,Second Owner,8,220,Bajaj
RC,135000,Mumbai,9800,First Owner,6,390,KTM
CBR 150R,55400,Puri,39000,First Owner,9,150,Honda
Fazer,30000,Ghaziabad,38000,Second Owner,9,150,Yamaha
Avenger,50000,Pune,46527,First Owner,8,220,Bajaj
CB Shine Disc,25000,Ahmedabad,73625,First Owner,8,125,Honda
Pulsar,29000,Asansol,26000,Second Owner,9,150,Bajaj
Passion Xpro,26000,Jhajjar,42000,First Owner,7,110,Hero
Pulsar RS200,82000,Hamirpur(hp),6000,First Owner,5,200,Bajaj
Thunderbird,150000,Bangalore,10000,First Owner,6,500,Royal Enfield
Pulsar,42000,Ahmedabad,2600,First Owner,8,220,Bajaj
Gixxer SF,60000,Ahmedabad,15000,First Owner,6,150,Suzuki
YZF-R15 2.0,58000,Ahmedabad,40000,First Owner,7,150,Yamaha
Apache RTR 200 4V Carburetor,75000,Thane,13500,First Owner,4,200,TVS
Duke,121900,Dharmapuri,10500,First Owner,5,200,KTM
Thunderbird,149100,Noida,1450,First Owner,5,500,Royal Enfield
Gixxer SF,80000,Bangalore,9300,First Owner,5,150,Suzuki
V15,42200,Ghaziabad,3325,Second Owner,5,150,Bajaj
Avenger Street 150,65000,Delhi,7000,First Owner,4,150,Bajaj
Star Sport,22800,Ludhiana,20750,First Owner,7,100,TVS
Thunderbird,100000,Chennai,6742,First Owner,7,350,Royal Enfield
Avenger Street 150,60311,Pune,26800,First Owner,5,150,Bajaj
Passion Pro,20500,Delhi,51320,First Owner,9,100,Hero
Pulsar,30000,Nagpur,55297,First Owner,11,150,Bajaj
Glamour,18000,Chennai,25000,First Owner,12,125,Hero
Pulsar AS200,75000,Thangadh,12511,First Owner,5,200,Bajaj
Passion Plus,22000,Pune,5639,First Owner,15,100,Hero
V15,55000,Pune,15581,First Owner,3,150,Bajaj
Standard,130000,Bangalore,33125,First Owner,4,500,Royal Enfield
Bullet Electra,87000,Delhi,19549,First Owner,7,350,Royal Enfield
Passion Pro i3S Alloy,55000,Mumbai,9643,First Owner,3,100,Hero
Iron 883,650000,Thane,10963,First Owner,5,883,Harley-Davidson
YZF-R15 2.0,64466,Mumbai,42386,First Owner,6,150,Yamaha
Discover 125ST,24000,Delhi,25804,First Owner,8,125,Bajaj
V15,45000,Kanchipuram,17000,First Owner,4,150,Bajaj
Glamour Fi,47000,Chennai,22226,First Owner,4,125,Hero
YZF-R15,75700,Mumbai,12530,First Owner,6,150,Yamaha
FZ,42000,Surat,18000,First Owner,8,150,Yamaha
Duke,110000,Ahmedabad,6859,First Owner,3,200,KTM
Thunderbird,69000,Delhi,38069,First Owner,8,350,Royal Enfield
Pulsar,45000,Delhi,24500,Second Owner,8,220,Bajaj
Ignitor,26900,Ghaziabad,36000,First Owner,7,125,Hero
Pulsar NS200 ABS,125000,Bangalore,1230,First Owner,3,200,Bajaj
YZF-R15,68000,Chennai,14000,First Owner,8,150,Yamaha
Himalayan,140000,Thane,5500,First Owner,5,410,Royal Enfield
SZR,19000,Ahmedabad,42000,Second Owner,10,150,Yamaha
Pulsar 220F,92000,Hyderabad,7000,First Owner,4,220,Bajaj
Pulsar AS150,62000,Bally,9400,First Owner,6,150,Bajaj
Bullet Electra,85000,Vadodara,16904,First Owner,7,350,Royal Enfield
Dominar 400,111000,Dehradun,17169,First Owner,4,400,Bajaj
Pulsar NS160,72000,Bareilly,8000,First Owner,4,160,Bajaj
CD 110 Dream,24100,Jhansi,20000,First Owner,7,110,Honda
Classic,114000,Jaipur,38000,First Owner,7,350,Royal Enfield
Star City Plus,45000,Chitradurga,1363,First Owner,3,110,TVS
Pulsar 200 NS,60000,Delhi,14200,First Owner,7,200,Bajaj
Apache RR310,190000,Gurgaon,4288,First Owner,3,310,TVS
Machismo,110000,Pune,9000,First Owner,12,500,Royal Enfield
V15,34000,Chennai,15440,First Owner,5,150,Bajaj
Classic,130000,Bangalore,27044,First Owner,6,500,Royal Enfield
Pulsar,30000,Ahmedabad,50028,First Owner,11,180,Bajaj
Gixxer,45500,Dakshina Kannada,12000,Second Owner,5,150,Suzuki
Karizma R,28000,Ghaziabad,55141,First Owner,10,223,Hero
Bullet Twinspark,90000,Delhi,9000,First Owner,5,350,Royal Enfield
Gixxer,60000,Pune,10121,First Owner,6,150,Suzuki
Duke,190104,Lonavala,9500,First Owner,4,390,KTM
XCD 135,25000,Noida,21466,First Owner,10,135,Bajaj
Fazer,25000,Alibag,54000,Second Owner,12,150,Yamaha
Bullet,110000,Meerut,20764,First Owner,4,350,Royal Enfield
CB Shine,25000,Ahmedabad,62593,Second Owner,9,125,Honda
Pulsar AS200,35000,Delhi,55250,First Owner,6,200,Bajaj
Apache RTR 200 4V Carburetor,84000,Hyderabad,8527,First Owner,4,200,TVS
YZF-R15 2.0,75000,Hyderabad,24000,First Owner,9,150,Yamaha
Pulsar,74400,Mumbai,3000,First Owner,3,150,Bajaj
Avenger Street 220,55000,Delhi,15000,First Owner,6,220,Bajaj
Platina  Alloy ES-,45500,Virudhunagar,9000,First Owner,4,100,Bajaj
Street 750,478000,Delhi,1300,First Owner,5,750,Harley-Davidson
CB Unicorn 160,52000,Chennai,25600,First Owner,6,160,Honda
CB Shine,35000,Delhi,13000,First Owner,7,125,Honda
Classic,115000,Delhi,26000,First Owner,7,350,Royal Enfield
Mojo,170000,Barasat,5500,First Owner,3,300,Mahindra
Thunderbird,100300,Palanpur,11824,First Owner,6,350,Royal Enfield
Pulsar,12000,Mumbai,82000,Second Owner,17,150,Bajaj
Avenger Street 150,65000,Bhiwadi,9300,First Owner,4,150,Bajaj
Duke,130000,Delhi,15000,Second Owner,5,390,KTM
Passion Pro,30000,Chennai,18168,First Owner,7,100,Hero
Duke,145000,Delhi,8600,First Owner,6,390,KTM
Classic,107000,Delhi,15000,First Owner,7,350,Royal Enfield
Thunderbird,68700,Mumbai,29000,First Owner,10,350,Royal Enfield
CB Unicorn,55000,Chennai,23000,First Owner,6,150,Honda
Saluto-Special Edition,47000,Dhanbad,7000,First Owner,4,125,Yamaha
Thunderbird,75000,Pune,30000,First Owner,9,350,Royal Enfield
Avenger Street 220,65000,Bangalore,20100,First Owner,6,220,Bajaj
Avenger Street 150,53000,Ahmedabad,9319,First Owner,4,150,Bajaj
Thunderbird,103000,Allahabad,9450,First Owner,8,500,Royal Enfield
CB Trigger,47100,Bangalore,33000,First Owner,8,150,Honda
Pulsar,25500,Delhi,25866,First Owner,9,180,Bajaj
Standard,125000,Gurgaon,10409,First Owner,4,500,Royal Enfield
FZs,32000,Ghaziabad,18818,First Owner,11,150,Yamaha
Thunderbird,155000,Pune,6153,First Owner,5,350,Royal Enfield
Dominar 400 ABS,150000,Mumbai,11535,First Owner,3,400,Bajaj
Pulsar,45000,Lucknow,52000,First Owner,6,220,Bajaj
Pulsar 135LS,30000,Jodhpur,37125,First Owner,8,135,Bajaj
Apache RTR 200 4V FI,70000,Delhi,14424,First Owner,4,200,TVS
Gixxer Dual Tone Rear Disc,70000,Delhi,21543,First Owner,3,150,Suzuki
Avenger Street 220,70000,Gurgaon,5768,First Owner,5,220,Bajaj
Pulsar NS200,60000,Bangalore,15000,Second Owner,9,200,Bajaj
Splendor Plus,30000,Poonamallee,33000,First Owner,10,100,Hero
Avenger,76000,Pune,7500,First Owner,5,220,Bajaj
Pulsar,40000,Thane,45000,First Owner,8,220,Bajaj
RC,145000,Vizianagaram,24000,Second Owner,6,390,KTM
Pulsar,26900,Ajmer,91000,First Owner,10,220,Bajaj
Classic,120000,Ludhiana,13208,First Owner,10,500,Royal Enfield
Pulsar,17000,Mumbai,53399,Second Owner,13,200,Bajaj
Apache RTR 160 4V Disc,82000,Delhi,4524,First Owner,3,160,TVS
Pulsar RS200 ABS,72000,Mumbai,14405,First Owner,6,200,Bajaj
CB Shine,30000,Delhi,24021,First Owner,5,125,Honda
Passion Plus,23000,Pune,40000,Third Owner,16,100,Hero
Xtreme,40000,Delhi,55687,First Owner,8,150,Hero
CB Unicorn,70000,Karwar,26000,First Owner,4,150,Honda
Classic,115000,Mumbai,16476,First Owner,5,350,Royal Enfield
Passion Xpro,25000,Ghaziabad,48246,Second Owner,7,110,Hero
Avenger Street 220,65000,Pune,20000,First Owner,5,220,Bajaj
CB Hornet 160R CBS,65000,Delhi,34833,First Owner,4,160,Honda
CBR 150R,54799,Gurgaon,27488,First Owner,8,150,Honda
YZF-R15,72000,Delhi,9125,First Owner,6,150,Yamaha
Apache RTR,48000,Delhi,18533,First Owner,5,180,TVS
Pulsar 135LS,20000,Ludhiana,10495,First Owner,11,135,Bajaj
FZ,35000,Ludhiana,8209,First Owner,9,150,Yamaha
Pulsar NS200,44000,Pune,71124,First Owner,8,200,Bajaj
Duke,145000,Kalyan,4500,First Owner,4,200,KTM
CT 100 ES Alloy,42000,Gurgaon,1700,First Owner,3,100,Bajaj
CB Hornet 160R  ABS DLX,95000,Gautam Buddha Nagar,10729,First Owner,3,160,Honda
Gixxer SF SP Rear Disc,52000,Delhi,40272,First Owner,4,150,Suzuki
Splendor Plus,33000,Sirsa,21664,First Owner,6,100,Hero
HF Deluxe,37000,Sirsa,16664,First Owner,4,100,Hero
V15,42000,Sirsa,14311,First Owner,5,150,Bajaj
Thunderbird,75000,Gurgaon,14396,First Owner,7,350,Royal Enfield
Passion Plus,14000,Noida,38987,First Owner,15,100,Hero
Avenger,30500,Mumbai,30312,Second Owner,15,180,Bajaj
Passion Pro,35000,Lucknow,17079,First Owner,8,100,Hero
Achiever Disc,49900,Chennai,13813,First Owner,4,150,Hero
CD Deluxe,25000,Ahmedabad,65901,First Owner,10,100,Hero
Avenger,40000,Bangalore,27090,Second Owner,8,220,Bajaj
Discover,17000,Ahmedabad,54519,First Owner,10,100,Bajaj
FZ25,75000,Ranchi,17243,Second Owner,4,250,Yamaha
Thunderbird,128000,Jaipur,8500,First Owner,5,350,Royal Enfield
Platina,15000,Ludhiana,10750,First Owner,15,100,Bajaj
Classic Desert Storm,145000,Kathua,14000,First Owner,4,500,Royal Enfield
Splendor Plus,47000,Ganganagar,19151,First Owner,4,100,Hero
Pulsar,20000,Ghaziabad,71970,First Owner,13,150,Bajaj
Avenger,35000,Delhi,31733,First Owner,8,220,Bajaj
Thunderbird,65800,Mumbai,31000,First Owner,11,350,Royal Enfield
Apache RTR,65000,Jaipur,12061,First Owner,4,180,TVS
CB Hornet 160R Special Edition-CBS,86000,Bangalore,4700,First Owner,4,160,Honda
Avenger Street 220,93000,Hyderabad,500,First Owner,4,220,Bajaj
Discover,16000,Ludhiana,29333,First Owner,8,100,Bajaj
Classic,95000,Faridabad,7875,First Owner,6,350,Royal Enfield
Standard,90000,Delhi,16589,First Owner,8,350,Royal Enfield
Karizma ZMR,50000,Mumbai,22426,First Owner,7,223,Hero
Discover 125ST,25000,Bangalore,49871,Second Owner,8,125,Bajaj
Pulsar,40000,Ranchi,27500,First Owner,12,220,Bajaj
TNT 25,165000,Bangalore,23000,First Owner,5,250,Benelli
Apache RTR 200 4V Race Edition 2.0,93000,Bangalore,13453,First Owner,3,200,TVS
Duke,122500,Sangareddy,25000,First Owner,6,390,KTM
CT 100,14000,Ahmedabad,64270,Second Owner,17,100,Bajaj
Star Sport,19000,Salem,36000,First Owner,10,100,TVS
Aquila 250,175000,Noida,16051,First Owner,6,250,Hyosung
YZF-R15,103000,Bangalore,7000,First Owner,5,150,Yamaha
Pulsar,48000,Indore,42000,First Owner,5,150,Bajaj
Pulsar 135LS,17000,Chandigarh,45000,First Owner,11,135,Bajaj
CBR 150R,30000,Chennai,43333,First Owner,10,150,Honda
CB Unicorn Dazzler,30000,Bangalore,87370,First Owner,10,150,Honda
Passion Pro,17000,Pune,59000,First Owner,15,100,Hero
Pulsar 135LS,42000,Gandhinagar,15000,First Owner,5,135,Bajaj
RC,135000,Kolkata,9500,First Owner,6,200,KTM
Avenger,45000,Deesa,35000,First Owner,8,220,Bajaj
Pulsar,50000,Ahmedabad,6000,First Owner,8,200,Bajaj
YZF-R15,102000,Delhi,2600,First Owner,5,150,Yamaha
Classic,100000,Jaipur,22600,First Owner,8,350,Royal Enfield
FZ25,92000,Nizamabad,11060,First Owner,4,250,Yamaha
Achiever Disc,46000,Ahmedabad,26419,First Owner,4,150,Hero
Discover,23132,Bangalore,38752,First Owner,9,100,Bajaj
Centuro,21000,Ahmedabad,40824,First Owner,7,110,Mahindra
CBF Stunner,28499,Ahmedabad,23500,First Owner,8,125,Honda
Street 750,380000,Bangalore,15027,Second Owner,7,750,Harley-Davidson
Pulsar NS160 Rear Disc,97000,Tiruppur,78,First Owner,2,160,Bajaj
SZR,30000,Noida,34205,First Owner,9,150,Yamaha
Pulsar NS160,80000,Gadchiroli,6500,First Owner,4,160,Bajaj
CD Deluxe,17000,Jhansi,35000,Third Owner,11,100,Hero
CB Shine,19200,Jhansi,25000,Second Owner,10,125,Honda
Continental GT,105000,Mumbai,11000,First Owner,7,535,Royal Enfield
CT 100 Spoke,33000,Mumbai,22,First Owner,4,100,Bajaj
Classic,125000,Pune,11451,First Owner,6,350,Royal Enfield
CBZ Xtreme,20000,Gangaghat,65000,First Owner,11,150,Hero
V12,46000,Pune,5214,First Owner,3,125,Bajaj
Thunderbird,62600,Secunderabad,25000,Second Owner,10,350,Royal Enfield
Discover 100M,21000,Noida,46000,First Owner,7,100,Bajaj
Karizma ZMR,55000,Jhajjar,15000,First Owner,5,223,Hero
Pulsar,21000,Gurgaon,45244,First Owner,9,150,Bajaj
Pulsar AS150,55000,Delhi,30000,First Owner,6,150,Bajaj
Splendor Plus,42500,Jalandhar,8628,First Owner,4,100,Hero
FZ16,37000,Delhi,32000,First Owner,8,150,Yamaha
Centuro,25000,Ahmedabad,46956,First Owner,7,110,Mahindra
Apache RTR,35000,Gautam Buddha Nagar,7578,First Owner,9,160,TVS
GS 150 R,22000,Delhi,30664,First Owner,9,150,Suzuki
Apache RR310,200000,Hyderabad,19659,First Owner,3,310,TVS
CB Shine,28000,Bhuj,54400,First Owner,10,125,Honda
Discover 125T,23000,Mumbai,54548,First Owner,8,125,Bajaj
Splendor,10000,Vastral,28900,Second Owner,18,100,Hero
Pulsar,14227,Bhopal,36000,First Owner,15,150,Bajaj
Livo,34600,Noida,21500,First Owner,5,110,Honda
Platina ComforTec Alloy,39600,Ahmedabad,9000,First Owner,3,100,Bajaj
CB Twister,21700,Ludhiana,12350,First Owner,8,110,Honda
Apache RTR,34000,Sirsa,53817,First Owner,9,180,TVS
Discover,28000,Ahmednagar,2347,First Owner,6,100,Bajaj
Standard,112000,Rajkot,10000,First Owner,6,350,Royal Enfield
CB Shine,25000,Bangalore,29956,First Owner,7,125,Honda
Thunderbird X ABS,169000,Bangalore,4411,First Owner,2,350,Royal Enfield
CB Trigger,45600,Patna,23128,First Owner,7,150,Honda
Discover 125ST,35000,Mumbai,50861,First Owner,9,125,Bajaj
Avenger,45000,Bangalore,17160,Second Owner,6,220,Bajaj
Passion Pro i3S Alloy,60000,Ghaziabad,15733,First Owner,4,100,Hero
Classic-Redditch Edition Dual Disc,154400,Bangalore,8500,First Owner,3,350,Royal Enfield
Avenger Cruise 220,70000,Noida,17408,First Owner,6,220,Bajaj
Xtreme Sports Rear Disc,75000,Delhi,11921,First Owner,3,150,Hero
CBZ Xtreme,40000,Delhi,59445,First Owner,7,150,Hero
Classic,101000,Delhi,18894,First Owner,5,350,Royal Enfield
Classic,75000,Pune,29094,First Owner,9,350,Royal Enfield
CB ShineSP,60000,Delhi,5559,First Owner,3,125,Honda
Thunderbird,110000,Delhi,13975,Second Owner,6,350,Royal Enfield
Classic,150000,Bangalore,76467,First Owner,9,350,Royal Enfield
Bullet Electra,85000,Phagwara,49000,First Owner,13,350,Royal Enfield
Hayate EP,41000,Pune,9624,First Owner,3,110,Suzuki
FZ16,45000,Delhi,12551,First Owner,9,150,Yamaha
Thunderbird,100000,Pune,98056,First Owner,7,500,Royal Enfield
Thunderbird,85000,Ghaziabad,45000,First Owner,8,350,Royal Enfield
Avenger Street 220,50000,Gurgaon,20040,First Owner,5,220,Bajaj
Street 750,445600,Thane,8000,First Owner,5,750,Harley-Davidson
Splendor Plus,36500,Kheda,19000,First Owner,5,100,Hero
Discover,20000,Swaimadhopur,35000,Third Owner,12,135,Bajaj
Pulsar,32000,Lucknow,40000,Second Owner,11,150,Bajaj
Passion Pro i3S Alloy,56000,Ahmedabad,4411,First Owner,3,100,Hero
RC,240000,Ludhiana,4000,First Owner,5,390,KTM
RC,155000,Mumbai,15500,First Owner,5,390,KTM
Apache RTR,45000,Bangalore,24950,First Owner,9,160,TVS
Pulsar,35000,Patna,23000,First Owner,8,150,Bajaj
Pulsar,55000,Bangalore,14500,First Owner,6,150,Bajaj
FZ,45000,Delhi,22500,First Owner,7,150,Yamaha
FZ,45000,Chennai,38724,First Owner,7,150,Yamaha
Splendor Pro,27500,Jalandhar,15435,First Owner,8,100,Hero
Thunderbird,109600,Kharagpur,31500,First Owner,5,350,Royal Enfield
Discover,22000,Alibag,24000,First Owner,9,125,Bajaj
Duke,200000,Mumbai,4000,First Owner,5,390,KTM
Bullet,65000,Delhi,28000,Second Owner,15,350,Royal Enfield
Glamour Fi,51000,Jobner,15500,Second Owner,3,125,Hero
Discover,13000,Gurgaon,35583,First Owner,15,125,Bajaj
Fazer25,133500,Gurgaon,17000,First Owner,3,250,Yamaha
CT 100,10951,Vadodara,1638,First Owner,16,100,Bajaj
Fazer,25000,Gondia,16000,First Owner,12,150,Yamaha
Pulsar,19000,Ahmedabad,60064,First Owner,10,150,Bajaj
Pulsar 135LS,19000,Jalandhar,17204,First Owner,11,135,Bajaj
Thunderbird,54000,Ghaziabad,250841,First Owner,11,350,Royal Enfield
CBR 150R,65000,Bulandshahr,60000,First Owner,7,150,Honda
Apache RTR,35000,Udaipur,40000,First Owner,13,160,TVS
SZR,25000,Pondicherry,50000,First Owner,9,150,Yamaha
Slingshot Plus,21600,Kanchipuram,25000,First Owner,9,125,Suzuki
Pulsar,70000,Delhi,21582,First Owner,3,150,Bajaj
Thunderbird,125000,Bangalore,3679,First Owner,4,350,Royal Enfield
Bullet Electra,85000,Bundi,15000,Third Owner,7,350,Royal Enfield
Thunderbird ABS,145000,Ghaziabad,12400,First Owner,2,350,Royal Enfield
CB Shine,18000,Gautam Buddha Nagar,40429,First Owner,10,125,Honda
HF Deluxe,25000,Sirsa,20293,First Owner,8,100,Hero
Classic Desert Storm,175000,Ernakulam,10951,First Owner,6,500,Royal Enfield
FZ25,110000,Delhi,800,First Owner,3,250,Yamaha
Duke,860000,Delhi,12000,Second Owner,5,200,KTM
Passion Pro,19000,Ahmedabad,32500,First Owner,12,100,Hero
Classic,113300,Noida,21537,First Owner,5,350,Royal Enfield
SZR,18000,Ambala,18695,First Owner,10,150,Yamaha
Classic,95000,Pune,21000,First Owner,8,350,Royal Enfield
Bullet Electra Twinspark,101000,Bangalore,17278,First Owner,6,350,Royal Enfield
Pulsar RS200 ABS,125000,Delhi,11734,First Owner,3,200,Bajaj
FZ S V 2.0 Rear Disc,85000,Gorakhpur,2648,First Owner,2,150,Yamaha
GT 650N,231000,Faridabad,4168,First Owner,6,650,Hyosung
Dominar 400 ABS,126000,Mumbai,20000,First Owner,4,400,Bajaj
RC,170000,Dharwar,12400,First Owner,4,200,KTM
Apache RTR 200 4V Carburetor Race Edition 2.0,90000,Ahmedabad,52594,First Owner,3,200,TVS
CBZ Xtreme,25000,Adalaj,85000,First Owner,14,150,Hero
Standard,115000,Gurgaon,6096,First Owner,5,500,Royal Enfield
CB Unicorn,20000,Tiruvallur,43000,First Owner,12,150,Honda
Classic Chrome,171000,Bhiwani,3700,First Owner,4,500,Royal Enfield
Bullet Twinspark,110000,Gurgaon,8855,First Owner,3,350,Royal Enfield
Pulsar NS200,80000,Hamirpur,17000,First Owner,3,200,Bajaj
Z250,269000,Mumbai,2204,First Owner,4,250,Kawasaki
Duke,85000,Mumbai,58093,Second Owner,6,390,KTM
Classic,105000,Delhi,10581,First Owner,4,350,Royal Enfield
Apache RTR,42000,Meerut,15000,First Owner,5,160,TVS
Glamour,21000,Kurukshetra,43000,First Owner,9,125,Hero
V15,56000,Ahmedabad,11600,First Owner,4,150,Bajaj
Thunderbird,125000,Pune,10059,First Owner,5,350,Royal Enfield
Pulsar RS200 ABS,111088,Dongargaon,17000,First Owner,4,200,Bajaj
CB Trigger,49800,Bangalore,27083,First Owner,7,150,Honda
YZF-R15,55000,Gurgaon,67445,First Owner,10,150,Yamaha
CBZ Xtreme,22000,Hyderabad,5610,First Owner,10,150,Hero
Pulsar,48000,Dehradun,27000,First Owner,5,150,Bajaj
Classic Chrome,145000,Delhi,7481,First Owner,5,500,Royal Enfield
Pulsar,68000,Dehradun,26000,First Owner,3,180,Bajaj
Thunderbird X,195000,Delhi,1768,First Owner,3,500,Royal Enfield
Star City,10000,Ghaziabad,29238,First Owner,16,110,TVS
Splendor Plus,14200,Sonipat,37000,First Owner,13,100,Hero
Pulsar RS200 ABS,85000,Gurgaon,18474,First Owner,6,200,Bajaj
CBR 250R,95000,Gurgaon,24000,First Owner,10,250,Honda
Platina,16000,Chennai,79000,First Owner,12,125,Bajaj
GT250R,215000,Ajmer,8700,First Owner,6,250,Hyosung
Pulsar,70000,Ghaziabad,18302,Second Owner,4,220,Bajaj
Passion Pro i3S Alloy,40000,Delhi,25392,First Owner,4,100,Hero
Pulsar RS200,84700,Pune,27845,First Owner,6,200,Bajaj
CB Twister,30000,Chandigarh,27598,First Owner,8,110,Honda
Avenger,51500,Delhi,4734,First Owner,6,220,Bajaj
Pulsar NS200,98000,Bangalore,1700,First Owner,3,200,Bajaj
YZF-R15,42000,Mumbai,30090,First Owner,11,150,Yamaha
GT250R,218000,Bangalore,10016,First Owner,6,250,Hyosung
Pulsar 200 NS,52000,Mumbai,42786,First Owner,7,200,Bajaj
Pulsar AS200,67800,Hyderabad,11000,First Owner,5,200,Bajaj
Classic Desert Storm,108400,Delhi,3545,First Owner,8,500,Royal Enfield
Electra,98000,Mubarakpur,9550,First Owner,7,350,Royal Enfield
Avenger Cruise 220,77777,Patna,11000,First Owner,5,220,Bajaj
Pulsar,45000,Bangalore,45000,First Owner,10,220,Bajaj
Discover 125ST,32000,Pune,44667,First Owner,8,125,Bajaj
Star City Plus Dual Tone,54000,Mumbai,100,First Owner,3,110,TVS
Duke,215000,Mumbai,3900,First Owner,4,390,KTM
CBR 150R,33000,Chennai,34588,First Owner,8,150,Honda
YZF-R15,102000,Delhi,2000,First Owner,5,150,Yamaha
FZs,40000,Thane,14500,Second Owner,8,150,Yamaha
Pulsar,48000,Hyderabad,65000,First Owner,9,220,Bajaj
Bullet,100000,Chennai,25351,First Owner,7,500,Royal Enfield
Classic,119000,Pune,21000,First Owner,5,350,Royal Enfield
Pulsar,25500,Ahmedabad,42500,First Owner,9,150,Bajaj
Dominar 400 ABS,160000,Delhi,3144,First Owner,3,400,Bajaj
Duke,231000,Mumbai,8794,First Owner,3,390,KTM
CBR 250R ABS,173400,Mumbai,10060,First Owner,4,250,Honda
Apache RTR,55000,Bangalore,16956,First Owner,7,180,TVS
Xtreme 200R,90000,Mumbai,2307,First Owner,3,200,Hero
Gixxer,40000,Chennai,39988,First Owner,6,150,Suzuki
Gixxer SF,65000,Mumbai,7420,First Owner,6,150,Suzuki
Classic Chrome,160000,Pune,4118,First Owner,6,500,Royal Enfield
Pulsar,35000,Mumbai,30000,First Owner,11,220,Bajaj
Splendor Plus,38000,Bidar,26000,First Owner,6,100,Hero
Classic,99000,Mumbai,16000,Second Owner,7,350,Royal Enfield
Intruder,92000,Delhi,2947,First Owner,3,150,Suzuki
CBF Stunner,22000,Jaipur,35300,Second Owner,10,125,Honda
Pulsar,10800,Ghazipur,47970,First Owner,16,150,Bajaj
Classic Desert Storm Dual Disc,150000,Noida,5377,First Owner,3,500,Royal Enfield
Pulsar,40000,Hyderabad,93566,First Owner,6,150,Bajaj
Classic,98000,Thane,29119,First Owner,7,350,Royal Enfield
Electra,60000,Pune,40000,Second Owner,17,350,Royal Enfield
Passion Plus,16900,Delhi,48000,First Owner,17,100,Hero
YZF-R15,105000,Chennai,9300,First Owner,5,150,Yamaha
Continental GT,121000,Kota,5300,Second Owner,6,535,Royal Enfield
Classic,118000,Chennai,3009,First Owner,6,350,Royal Enfield
GT250R,211300,Surat,15000,First Owner,7,250,Hyosung
Thunderbird,119600,Bangalore,28000,First Owner,5,350,Royal Enfield
Karizma ZMR,69100,Faridabad,17000,First Owner,5,223,Hero
V15,37000,Tumkur,29857,First Owner,5,150,Bajaj
Splendor Plus Self Alloy,42500,Sanand,12068,First Owner,3,100,Hero
Pulsar,60000,Ghaziabad,8714,First Owner,4,150,Bajaj
Avenger,45000,Delhi,33052,First Owner,10,220,Bajaj
Discover 125ST,22000,Ahmedabad,25000,First Owner,8,125,Bajaj
Apache RTR,65000,Anantapur,31100,First Owner,5,180,TVS
Passion Plus,20000,Vadodara,47830,First Owner,13,100,Hero
Karizma R,18000,Kartarpur,75000,First Owner,14,223,Hero
Apache RTR,40000,Pune,41657,First Owner,8,160,TVS
CBR 250R,90500,Noida,23602,Second Owner,7,250,Honda
CB Hornet 160R STD,75000,Alibag,7200,First Owner,5,160,Honda
CB Hornet 160R Special Edition-CBS,75000,Mumbai,10300,First Owner,4,160,Honda
Discover,17000,Delhi,25000,First Owner,10,150,Bajaj
YZF-R15,86900,Udaipur,3000,First Owner,6,150,Yamaha
Ignitor,25000,Bangalore,86000,First Owner,7,125,Hero
V15,50000,Karnal,16833,First Owner,5,150,Bajaj
CBR 150R,80000,Chennai,28764,First Owner,6,150,Honda
Electra,120000,Delhi,2172,First Owner,3,350,Royal Enfield
Duke,105786,Mumbai,15000,First Owner,5,200,KTM
RC,186300,Mumbai,18000,First Owner,4,200,KTM
Pulsar NS,52000,Delhi,19000,First Owner,8,200,Bajaj
V12,45000,Delhi,28750,First Owner,4,125,Bajaj
Splendor Plus,26000,Kolkata,78800,First Owner,15,100,Hero
CBZ Xtreme,35000,Delhi,12185,First Owner,7,150,Hero
CB Unicorn,46000,Rajkot,36000,First Owner,10,150,Honda
Passion,19000,Vadodara,38000,First Owner,16,100,Hero
CB Trigger,48915,Bhavnagar,22000,First Owner,8,150,Honda
Karizma,23000,Anand,11700,First Owner,16,223,Hero
Pulsar RS200 ABS,95000,Vadodara,11400,First Owner,6,200,Bajaj
Duke,100000,Ludhiana,6578,First Owner,6,200,KTM
Pulsar RS200,97900,Bangalore,17500,First Owner,6,200,Bajaj
Dominar 400 ABS,160000,Mumbai,1320,First Owner,4,400,Bajaj
Pulsar,26000,Sirsa,21825,First Owner,10,150,Bajaj
Bullet Electra,90000,Sirsa,9355,First Owner,7,350,Royal Enfield
ER-6n,420000,Pune,5670,First Owner,5,650,Kawasaki
‎ Bullet,90000,Jabalpur,26000,Second Owner,31,350,Royal Enfield
Pulsar 135LS,45400,Mumbai,21000,First Owner,4,135,Bajaj
Apache RTR 200 4V Carburetor,75000,Hyderabad,17617,First Owner,4,200,TVS
Avenger Street 150,40000,Ghaziabad,23156,First Owner,5,150,Bajaj
Apache RTR 200 4V FI,80000,Delhi,11982,First Owner,4,200,TVS
YZF-R15 2.0,91000,Gorakhpur,7456,First Owner,4,150,Yamaha
Discover,26000,Mumbai,36631,Second Owner,9,150,Bajaj
Avenger,38000,Varanasi,31927,Second Owner,9,220,Bajaj
Classic,75000,Ranga Reddy,27000,Second Owner,7,350,Royal Enfield
CBR 150R,65000,Gurgaon,18494,First Owner,4,150,Honda
Classic,110000,Farrukhabad,18120,First Owner,5,350,Royal Enfield
Platina,21000,Jaipur,46093,First Owner,9,100,Bajaj
Avenger,55000,Pune,5000,First Owner,8,220,Bajaj
RC ABS,195000,Bareilly,850,First Owner,2,200,KTM
Pulsar RS200 ABS,100000,Visakhapatnam,17540,First Owner,4,200,Bajaj
Pulsar Neon,72000,Pune,3162,First Owner,2,150,Bajaj
RC,130000,Bangalore,29000,First Owner,6,200,KTM
YZF-R15,52000,Delhi,21200,First Owner,10,150,Yamaha
Karizma R,28000,Ghaziabad,27893,Third Owner,8,223,Hero
Discover,32000,Pune,41972,First Owner,10,125,Bajaj
Pulsar 135LS,35000,Bangalore,39468,First Owner,9,135,Bajaj
Apache RTR ABS,65000,Navi Mumbai,18070,First Owner,4,180,TVS
CBR 250R ABS,76000,Pune,16025,Second Owner,9,250,Honda
Bullet Electra Twinspark,107100,Bangalore,37000,First Owner,6,350,Royal Enfield
RC,135000,Dehradun,25000,First Owner,5,200,KTM
Classic,113000,Hyderabad,286055,First Owner,5,350,Royal Enfield
Star City Plus,21000,Mandi Dabwali,40700,First Owner,6,110,TVS
HF Deluxe,22000,Mandi Dabwali,18000,First Owner,11,100,Hero
Avenger Street 150,48900,Chennai,16500,First Owner,6,150,Bajaj
Pulsar,35000,Gautam Buddha Nagar,74183,First Owner,9,220,Bajaj
Xtreme 200R,94000,Mumbai,6069,First Owner,3,200,Hero
RC,199000,Ghaziabad,3635,First Owner,4,390,KTM
Platina,15000,Delhi,69619,First Owner,13,100,Bajaj
Thunderbird,100000,Kadi,14500,First Owner,5,350,Royal Enfield
Pulsar AS150,50000,Gurgaon,12859,First Owner,6,150,Bajaj
HF Deluxe Self,35000,Delhi,10234,First Owner,4,100,Hero
Pulsar RS200 ABS,115000,Delhi,4615,First Owner,3,200,Bajaj
CB Twister,30000,Mumbai,22167,First Owner,10,110,Honda
Duke,120000,Ahmedabad,11446,First Owner,5,200,KTM
Gixxer,45000,Gandhinagar,32893,First Owner,6,150,Suzuki
Pulsar,24000,Delhi,51503,First Owner,8,180,Bajaj
Street 750 ABS,588200,Chennai,3450,First Owner,3,750,Harley-Davidson
Mojo,140000,Seppa,35000,First Owner,5,300,Mahindra
V15,37000,Delhi,18695,First Owner,5,150,Bajaj
Thunderbird,92000,Pune,24707,First Owner,6,350,Royal Enfield
Classic,110000,Hyderabad,194992,First Owner,11,500,Royal Enfield
Classic Stealth Black,195000,Delhi,1401,First Owner,3,500,Royal Enfield
Thunderbird,90000,Jaipur,9902,First Owner,7,350,Royal Enfield
CB Trigger,35000,Lucknow,35000,First Owner,8,150,Honda
Iron 883,700000,Mumbai,10334,First Owner,5,883,Harley-Davidson
GT250R,256000,Thane,5823,First Owner,4,250,Hyosung
CB Hornet 160R Special Edition STD,73000,Hyderabad,12464,First Owner,4,160,Honda
Avenger Cruise 220,80000,Thiruvallur,15500,First Owner,3,220,Bajaj
GT250R,220000,Pune,1884,First Owner,5,250,Hyosung
Thunderbird,116600,Pune,50000,First Owner,7,500,Royal Enfield
Avenger Street 220,60000,Mumbai,16971,First Owner,5,220,Bajaj
Dominar 400 ABS,120601,Delhi,19631,Second Owner,4,400,Bajaj
Gixxer,70000,Jodhpur,7500,First Owner,5,150,Suzuki
YZF-R15 V3,131000,Hyderabad,14379,First Owner,3,150,Yamaha
YZF-R15 2.0,58000,Delhi,21853,First Owner,7,150,Yamaha
Passion Plus,15000,Tiruvallur,35000,First Owner,13,100,Hero
Gixxer Dual Tone Rear Disc,70000,Mumbai,12679,First Owner,3,150,Suzuki
Pulsar,13000,Jamnagar,24780,First Owner,14,150,Bajaj
Star City,33000,Bangalore,20210,First Owner,8,110,TVS
Apache RTR 200 4V Race Edition 2.0,110000,Delhi,6000,First Owner,3,200,TVS
Passion Pro i3S Disc,46000,Mumbai,16298,First Owner,4,100,Hero
Avenger Street 220,55000,Surat,18496,First Owner,5,220,Bajaj
Bullet Electra,75000,Gurgaon,30687,First Owner,14,350,Royal Enfield
Gixxer SF SP Rear Disc,70000,Rajkot,6740,First Owner,4,150,Suzuki
Avenger,36000,Hyderabad,574,First Owner,8,220,Bajaj
Classic,75000,Delhi,17924,Second Owner,11,500,Royal Enfield
Karizma ZMR,90000,Hyderabad,10000,First Owner,7,223,Hero
FZ,28000,Chennai,23452,First Owner,11,150,Yamaha
Pulsar 135LS,24500,Ludhiana,58699,First Owner,8,135,Bajaj
Discover,20000,Agra,20000,First Owner,11,135,Bajaj
Apache,12000,Noida,45000,First Owner,15,150,TVS
Classic,150000,Mathura,17000,Third Owner,4,500,Royal Enfield
FZ,45000,Chennai,18742,First Owner,6,150,Yamaha
CB Trigger,43000,Bangalore,42837,First Owner,8,150,Honda
YZF-R15 2.0,55000,Rupnagar,27000,First Owner,9,150,Yamaha
CBZ Xtreme,11900,Noida,34968,First Owner,14,150,Hero
Z1000,1100000,Mumbai,6000,First Owner,7,1000,Kawasaki
CT 100 B,22000,Ranip,30000,Second Owner,4,100,Bajaj
SZR,45000,Mumbai,32035,First Owner,10,150,Yamaha
Classic,119999,Patna,28916,First Owner,5,350,Royal Enfield
Pulsar RS200,99735,Pune,20946,First Owner,4,200,Bajaj
YZF-R15 S,76000,Delhi,11424,First Owner,5,150,Yamaha
CB Shine Disc,23000,Delhi,57682,First Owner,8,125,Honda
CB Hornet 160R STD,59000,Delhi,7345,First Owner,4,160,Honda
Classic,120000,Delhi,3626,First Owner,4,350,Royal Enfield
Apache RTR,70000,Chennai,19500,First Owner,5,180,TVS
RC,140000,Navi Mumbai,10800,First Owner,6,390,KTM
CB Shine Disc,23000,Delhi,27594,First Owner,9,125,Honda
Ignitor,45000,Indore,31116,First Owner,8,125,Hero
Passion,12500,Ahmedabad,70403,Third Owner,15,100,Hero
FZ S V 2.0,55000,Suri,29500,First Owner,6,150,Yamaha
Avenger,55000,Batala,4900,First Owner,7,220,Bajaj
RC,115000,Challakere,23000,Second Owner,5,390,KTM
Classic,105000,Chennai,9240,First Owner,7,350,Royal Enfield
Passion Pro,20000,Chennai,37501,First Owner,9,100,Hero
Avenger,50001,Chinchwad,9150,First Owner,9,220,Bajaj
Splendor Pro,35000,Asansol,23000,First Owner,7,100,Hero
Classic,145000,Mumbai,10300,First Owner,4,350,Royal Enfield
Sport,42900,Jhansi,5000,First Owner,3,100,TVS
Splendor Pro,25000,Jhansi,26000,First Owner,9,100,Hero
CB Shine,13000,Chennai,37887,First Owner,13,125,Honda
Pulsar RS200,95000,Hyderabad,26000,First Owner,6,200,Bajaj
Splendor Pro Classic,42000,Hyderabad,16500,First Owner,6,100,Hero
Discover,23000,Pune,39000,First Owner,11,125,Bajaj
Avenger Street 150,65000,Mumbai,23000,First Owner,5,150,Bajaj
Pulsar NS200,84300,Dhubri,9900,First Owner,4,200,Bajaj
Electra,92000,Noida,16499,First Owner,4,350,Royal Enfield
Bullet Electra,85000,Delhi,38000,First Owner,9,350,Royal Enfield
CB Shine,30000,Gurgaon,47293,First Owner,5,125,Honda
Bullet Electra,105000,Delhi,20000,First Owner,4,350,Royal Enfield
Passion,18000,Hyderabad,3869,First Owner,16,100,Hero
TNT 300,260000,Bhubaneshwar,11000,First Owner,4,300,Benelli
CB Unicorn 160 CBS,61000,Ambikapur,16000,First Owner,3,160,Honda
Pulsar NS200,70000,Agra,13500,First Owner,4,200,Bajaj
Passion Pro,20000,Surat,150000,First Owner,16,100,Hero
Gixxer SF,56000,Sonepat,6876,First Owner,6,150,Suzuki
CBF Stunner,30000,Deoria,49000,Second Owner,8,125,Honda
Discover,20500,Mumbai,51630,Third Owner,11,135,Bajaj
Aquila GV250,211000,Ahmedabad,5806,First Owner,6,250,Hyosung
Street 750,406600,Delhi,10196,First Owner,5,750,Harley-Davidson
FZs,45000,Bangalore,26200,Second Owner,8,150,Yamaha
CB Unicorn 160 STD,75500,Kolkata,12400,First Owner,3,160,Honda
YZF-R15 2.0,58000,Chennai,18127,First Owner,10,150,Yamaha
CB Unicorn,25000,Ahmedabad,46583,First Owner,12,150,Honda
Pulsar RS200 ABS,80000,Gurgaon,18474,First Owner,6,200,Bajaj
Bullet Electra Twinspark,93000,Faridabad,20436,First Owner,6,350,Royal Enfield
YZF-R15 S,90000,Solan,14060,First Owner,4,150,Yamaha
1200 Custom,780000,Tiruvallur,13000,First Owner,4,1200,Harley-Davidson
Thunderbird,125000,Mumbai,5264,First Owner,7,500,Royal Enfield
Discover,20000,Delhi,16000,First Owner,11,100,Bajaj
Classic,124000,Delhi,6154,First Owner,4,350,Royal Enfield
Passion,15000,Delhi,34000,First Owner,20,100,Hero
Discover,22000,Delhi,13000,First Owner,10,135,Bajaj
Passion Plus,17000,Delhi,20102,First Owner,16,100,Hero
Classic Squadron Blue,160000,Jaipur,8000,First Owner,5,500,Royal Enfield
Discover,22000,Delhi,25000,First Owner,12,135,Bajaj
Bullet Twinspark,90000,Delhi,32000,First Owner,8,350,Royal Enfield
CBZ Xtreme,20000,Delhi,18000,First Owner,9,150,Hero
Splendor iSmart,25000,Delhi,42777,First Owner,6,100,Hero
Dream Yuga,50000,Howrah,7289,First Owner,3,110,Honda
V15,44000,Delhi,10455,First Owner,5,150,Bajaj
Pulsar,28000,Patiala,69189,First Owner,10,180,Bajaj
Splendor,23000,Pune,9145,First Owner,18,100,Hero
Fazer,25000,Delhi,65000,First Owner,12,150,Yamaha
CD Deluxe,18000,Chennai,22824,First Owner,8,100,Hero
Avenger Street 220,70000,Mumbai,8000,First Owner,5,220,Bajaj
CB Hornet 160R STD,87000,Pune,140,First Owner,3,160,Honda
Pulsar,10000,Ghaziabad,64955,First Owner,15,150,Bajaj
Thunderbird,45000,Delhi,45710,First Owner,16,350,Royal Enfield
Apache RTR,26000,Delhi,61041,First Owner,10,180,TVS
RC,175000,Hyderabad,6344,First Owner,3,200,KTM
Classic Desert Storm,120000,Pune,8827,First Owner,5,500,Royal Enfield
Passion Plus,12000,Akot,45000,First Owner,13,100,Hero
Classic,125000,Bangalore,19500,First Owner,5,500,Royal Enfield
Splendor Plus,27500,Gurgaon,40000,First Owner,5,100,Hero
Classic,140000,Delhi,12739,First Owner,3,350,Royal Enfield
CBZ Xtreme,30000,Mumbai,43984,First Owner,10,150,Hero
CB Unicorn Dazzler,36000,Mumbai,13532,First Owner,9,150,Honda
CB Unicorn,55000,Mumbai,40870,First Owner,4,150,Honda
Intruder FI,98102,Delhi,10923,First Owner,3,150,Suzuki
Pulsar NS200,38000,Delhi,20765,First Owner,9,200,Bajaj
Apache RR310,220000,Aligarh,2402,Second Owner,3,310,TVS
Z250,180000,Surat,13000,First Owner,6,250,Kawasaki
Iron 883,360000,Gurgaon,63000,First Owner,9,883,Harley-Davidson
Classic,110000,Mumbai,29639,First Owner,5,350,Royal Enfield
Classic Gunmetal Grey,135000,Pune,23688,First Owner,3,350,Royal Enfield
Thunderbird,75000,Mysore,51319,First Owner,18,350,Royal Enfield
YZF-R15 V3,132000,Mumbai,579,First Owner,2,150,Yamaha
G 310 GS,330000,Gurgaon,4241,First Owner,3,310,BMW
V15,40085,Varanasi,9500,First Owner,5,150,Bajaj
Karizma ZMR,32713,Gurgaon,43500,First Owner,12,223,Hero
Iron 883,550000,Mumbai,4764,First Owner,5,883,Harley-Davidson
Avenger Cruise 220,74000,Nashik,3000,First Owner,3,220,Bajaj
Victor Disc,31160,Saharanpur,12200,First Owner,4,110,TVS
Thunderbird,100000,Faridabad,10136,First Owner,6,350,Royal Enfield
Crux,16000,Faridabad,24519,First Owner,9,110,Yamaha
Discover,17998,Gurgaon,34879,First Owner,10,125,Bajaj
Avenger Street 150,45000,Gurgaon,25805,First Owner,5,150,Bajaj
Passion Pro,16000,Delhi,27000,First Owner,16,100,Hero
Discover,19500,Delhi,20000,First Owner,13,135,Bajaj
Super Splendor,20000,Delhi,20328,First Owner,12,125,Hero
Hunk,35000,Vadodara,20645,First Owner,8,150,Hero
Pulsar NS,65000,Vadodara,13000,First Owner,8,200,Bajaj
Karizma R,20000,Noida,36000,First Owner,14,223,Hero
Bullet,100000,Bangalore,13265,First Owner,4,350,Royal Enfield
Pulsar,16600,Ahmedabad,8321,First Owner,12,150,Bajaj
Pulsar,22000,Ahmedabad,33256,First Owner,12,150,Bajaj
Discover,20000,Chennai,30000,First Owner,11,110,Bajaj
Apache,18000,Bangalore,41160,First Owner,14,150,TVS
Xtreme 200R ABS,85000,Bangalore,40,First Owner,2,200,Hero
Avenger,70000,Mumbai,2200,First Owner,6,220,Bajaj
Star City,20000,Chennai,3712,First Owner,9,110,TVS
Apache RTR,60000,Bangalore,13608,First Owner,5,180,TVS
Avenger Street 150,48500,Dakshina Kannada,37000,First Owner,5,150,Bajaj
CBZ Xtreme,41000,Kolkata,24000,First Owner,9,150,Hero
Discover 100M,25000,Delhi,19225,First Owner,6,100,Bajaj
FZ16,30500,Delhi,37000,First Owner,12,150,Yamaha
YZF-R15 2.0,66000,Hyderabad,27942,First Owner,8,150,Yamaha
FZ,36000,Chennai,32231,First Owner,9,150,Yamaha
FZ,29500,Alappuzha,54000,First Owner,11,150,Yamaha
Ninja,230000,Visakhapatnam,9000,First Owner,7,300,Kawasaki
Avenger Cruise 220,55000,Delhi,12500,First Owner,5,220,Bajaj
Thunderbird,105900,Mumbai,29700,First Owner,6,350,Royal Enfield
RC,150100,Pune,22000,First Owner,6,390,KTM
CBF Stunner,16000,Jaipur,80981,First Owner,12,125,Honda
Passion Pro,32000,Mumbai,68543,Third Owner,15,100,Hero
CB Shine,27000,Mumbai,89454,Third Owner,17,125,Honda
Pulsar,15000,Bangalore,72367,First Owner,15,180,Bajaj
Karizma R,32000,Delhi,17659,First Owner,9,223,Hero
Dominar 400,115000,Bangalore,23931,First Owner,4,400,Bajaj
Pulsar NS200,79900,Delhi,8347,First Owner,4,200,Bajaj
CB Hornet 160R CBS,50000,Chennai,40500,First Owner,5,160,Honda
Avenger,27500,Ahmedabad,40000,First Owner,9,220,Bajaj
Achiever,35000,Bally,4750,First Owner,9,150,Hero
Passion Plus,18000,Bhiwandi,30000,First Owner,15,100,Hero
RC,190000,Mumbai,4500,First Owner,5,390,KTM
Radeon Drum SBT,46000,Ahmedabad,9235,First Owner,3,110,TVS
Classic Desert Storm,101001,Ahmedabad,28000,First Owner,8,500,Royal Enfield
Classic,80000,Ahmedabad,28097,First Owner,10,350,Royal Enfield
Bullet Electra,75000,Ahmedabad,22805,First Owner,8,350,Royal Enfield
Machismo,65000,Ahmedabad,39838,First Owner,20,350,Royal Enfield
Pulsar 135LS,40000,Bangalore,8713,First Owner,5,135,Bajaj
Pulsar RS200,100000,Faridabad,17652,First Owner,5,200,Bajaj
Thunderbird,140000,Delhi,400,First Owner,4,350,Royal Enfield
Aquila Pro GV650,281000,Nagpur,12000,First Owner,7,650,Hyosung
Karizma ZMR,50000,Hissar,658,Second Owner,4,223,Hero
Hunk,72000,Kolkata,50,First Owner,4,150,Hero
Street 750,450000,Jalandhar,2000,First Owner,5,750,Harley-Davidson
Discover,28000,Ahmedabad,27555,First Owner,6,125,Bajaj
Avenger Street 150,62000,Bangalore,16030,First Owner,5,150,Bajaj
Vulcan S,459877,Hyderabad,12118,First Owner,4,650,Kawasaki
Bullet,130000,Bangalore,12000,First Owner,12,350,Royal Enfield
Duke,104000,Bangalore,16800,First Owner,6,200,KTM
Glamour,16580,Bangalore,62000,Second Owner,15,125,Hero
Centuro,25500,Jaipur,37827,First Owner,6,110,Mahindra
Passion Plus,12999,Vasai,30000,Second Owner,13,100,Hero
Thunderbird,149000,Ranchi,2000,First Owner,6,500,Royal Enfield
Star City,16000,Chennai,19081,First Owner,12,110,TVS
FZs,28000,Gurgaon,31586,First Owner,8,150,Yamaha
Pulsar,51200,Mumbai,19000,First Owner,7,220,Bajaj
Pulsar,50000,Mumbai,30000,First Owner,7,220,Bajaj
Classic,127300,Delhi,1400,First Owner,5,350,Royal Enfield
CBF Stunner,20000,Delhi,25000,First Owner,7,125,Honda
Classic,134100,Gurgaon,2750,First Owner,4,350,Royal Enfield
YZF-R3,235000,Gurgaon,3943,First Owner,5,320,Yamaha
YZF-R1,1450000,Mumbai,340,First Owner,3,1000,Yamaha
Dominar 400 ABS,157400,Ahmedabad,9500,First Owner,3,400,Bajaj
Bullet Electra Twinspark,95783,Mumbai,12975,First Owner,6,350,Royal Enfield
Bullet Electra,90000,Mumbai,14300,First Owner,7,350,Royal Enfield
Electra,90000,Mumbai,10000,First Owner,3,350,Royal Enfield
Pulsar RS200 ABS,120000,Bangalore,3689,First Owner,4,200,Bajaj
CB Shine,55000,Mumbai,3000,First Owner,4,125,Honda
CB Unicorn 160,55000,Mumbai,15200,First Owner,6,160,Honda
Pulsar 220F,85000,Delhi,32894,First Owner,5,220,Bajaj
Discover,22000,Chennai,44944,First Owner,9,100,Bajaj
Thunderbird,80000,Delhi,17000,Second Owner,8,350,Royal Enfield
Standard,161793,Delhi,2330,First Owner,4,500,Royal Enfield
Classic,131500,Delhi,4200,First Owner,4,350,Royal Enfield
Duke,250430,Jabalpur,4300,First Owner,3,390,KTM
YZF-R3,200000,Bhubaneshwar,10600,First Owner,5,320,Yamaha
Mojo,125000,Mumbai,5757,First Owner,5,300,Mahindra
YZF-R15 S,64000,Bangalore,5812,First Owner,5,150,Yamaha
Karizma ZMR,43000,Hyderabad,70000,First Owner,11,223,Hero
Bullet Electra Twinspark,125000,Mumbai,20986,First Owner,4,350,Royal Enfield
Pulsar,40000,Shillong,40000,Second Owner,9,150,Bajaj
Pulsar,35500,Delhi,11000,Second Owner,6,150,Bajaj
Avenger,34500,Bareilly,22000,Third Owner,7,220,Bajaj
Avenger Cruise 220,83000,Lucknow,5000,First Owner,3,220,Bajaj
Passion Pro,20000,Faridabad,2562,First Owner,10,100,Hero
Splendor Plus,39000,Noida,16000,First Owner,6,100,Hero
Discover,17000,Delhi,21243,First Owner,14,135,Bajaj
Pulsar,40000,Vasai,11500,First Owner,7,150,Bajaj
SZR,19000,Chennai,22783,First Owner,10,150,Yamaha
Pulsar,15000,Rajkot,28000,First Owner,12,180,Bajaj
Pulsar 200 NS,56789,Delhi,20000,First Owner,6,200,Bajaj
Classic,90000,Delhi,46588,Second Owner,7,350,Royal Enfield
Splendor Plus,30000,Hyderabad,41230,First Owner,10,100,Hero
V15,57000,Nagpur,23500,First Owner,5,150,Bajaj
FZs,45000,Kanchipuram,32800,First Owner,7,150,Yamaha
Pulsar,23300,Nellore,32000,Second Owner,10,150,Bajaj
Classic,65000,Gurgaon,40000,First Owner,12,500,Royal Enfield
Pulsar,21000,Gurgaon,29057,First Owner,10,150,Bajaj
SZ-RR,35000,Thane,21124,First Owner,6,150,Yamaha
Street 750,400000,Faridabad,7400,First Owner,6,750,Harley-Davidson
CB Unicorn 160,45900,Mumbai,40000,First Owner,6,160,Honda
CB Shine,29000,Mumbai,57687,Second Owner,9,125,Honda
Pulsar,22000,Chennai,42300,First Owner,11,150,Bajaj
Gladiator,21000,Coimbatore,49309,First Owner,13,125,Yamaha
FZs,27500,Bhatinda,16930,First Owner,8,150,Yamaha
CBR1000RR Fireblade,799000,Delhi,15000,First Owner,11,1000,Honda
Classic,120000,Chennai,28000,First Owner,6,500,Royal Enfield
Duke,250000,Pune,2730,First Owner,2,390,KTM
RC,125000,Pune,18580,Third Owner,6,390,KTM
Gixxer SF Rear Disc,45000,Bangalore,48206,First Owner,5,150,Suzuki
Pulsar,20000,Bangalore,34623,Second Owner,7,180,Bajaj
Avenger Street 150,53300,Hyderabad,19853,First Owner,5,150,Bajaj
CB Unicorn,22100,Ghaziabad,21500,First Owner,9,150,Honda
X-Blade,80000,Mumbai,15550,First Owner,3,160,Honda
Pulsar 135LS,41000,Kolkata,12000,First Owner,4,135,Bajaj
CB Unicorn,12000,Gurgaon,81900,First Owner,16,150,Honda
Bullet,67000,Pune,40000,Second Owner,22,350,Royal Enfield
Duke,180000,Pune,6900,First Owner,5,390,KTM
Duke,135000,Pune,8823,First Owner,5,390,KTM
Sportster 883,421000,Rajkot,2400,Second Owner,7,883,Harley-Davidson
FZs,16000,Una,20000,First Owner,11,150,Yamaha
HF Deluxe,30000,Aurangabad,33000,First Owner,9,100,Hero
Discover 150F,30000,Ghaziabad,25528,First Owner,7,150,Bajaj
Discover 150F,35000,Delhi,27000,First Owner,6,150,Bajaj
Discover 150F,35000,Noida,16695,First Owner,6,150,Bajaj
Pulsar,10000,Mumbai,27228,First Owner,16,150,Bajaj
Classic,100000,Delhi,13190,First Owner,4,350,Royal Enfield
Pulsar NS200,50000,Gurgaon,28332,First Owner,8,200,Bajaj
Apache RR310,80000,Visakhapatnam,4500,First Owner,4,310,TVS
Thunderbird,120000,Nashik,19000,First Owner,5,350,Royal Enfield
Classic Desert Storm,92000,Ludhiana,23569,Third Owner,7,500,Royal Enfield
Pulsar NS200,70000,Meerut,28000,First Owner,4,200,Bajaj
Pulsar AS200,49000,Mumbai,36065,First Owner,5,200,Bajaj
Passion Xpro,40000,Gautam Buddha Nagar,25049,First Owner,8,110,Hero
Classic,116800,Delhi,17662,First Owner,5,350,Royal Enfield
Pulsar AS150,47000,Moradabad,17000,Second Owner,5,150,Bajaj
Aquila GV250,120000,Jaipur,51791,First Owner,6,250,Hyosung
Pulsar,20000,Gurgaon,84384,First Owner,13,180,Bajaj
Dominar 400 ABS,141500,Chennai,4285,First Owner,4,400,Bajaj
CD Deluxe,16800,Jhansi,35000,Second Owner,13,100,Hero
Pulsar,24200,Jhansi,30000,First Owner,9,150,Bajaj
Pulsar,19800,Jhansi,35000,First Owner,12,150,Bajaj
Avenger Street 220,72000,Gurgaon,28045,First Owner,5,220,Bajaj
Pulsar,28000,Pune,109521,First Owner,10,150,Bajaj
Pulsar 200 NS,50000,Delhi,23662,Second Owner,7,200,Bajaj
Mojo Tourer Edition,120000,Gurgaon,11786,First Owner,4,300,Mahindra
Super Splendor,31000,Gurgaon,33548,First Owner,10,125,Hero
FZ25 ABS,142000,Delhi,233,First Owner,2,250,Yamaha
Pulsar,35000,Bangalore,36273,First Owner,8,150,Bajaj
Passion Plus,22000,Ludhiana,47470,First Owner,13,100,Hero
YZF-R15 2.0,85000,Delhi,8650,First Owner,6,150,Yamaha
Pulsar RS200,90000,Gurgaon,179,Second Owner,5,200,Bajaj
Avenger Street 150,55000,Mumbai,17157,First Owner,5,150,Bajaj
Pulsar RS200 ABS,125000,Pune,8500,First Owner,5,200,Bajaj
Passion Plus,17500,Bangalore,31100,First Owner,15,100,Hero
Platina,14000,Vadodara,30243,First Owner,13,100,Bajaj
CB Hornet 160R STD,50000,24 Pargana,11000,Second Owner,5,160,Honda
CB Unicorn,22000,Jamnagar,13416,First Owner,17,150,Honda
Bullet,125000,Jalandhar,21000,First Owner,13,350,Royal Enfield
SZR,18000,Chennai,15372,First Owner,10,150,Yamaha
Pulsar 135LS,17000,Chennai,39500,First Owner,11,135,Bajaj
Apache,17000,Chennai,28408,First Owner,12,150,TVS
Bullet Twinspark,90000,Jaipur,34548,First Owner,7,350,Royal Enfield
Thunderbird,83000,Vadodara,24800,First Owner,7,350,Royal Enfield
Pulsar,30000,Yamuna Nagar,16000,First Owner,11,180,Bajaj
Classic,125000,Mumbai,47757,First Owner,4,350,Royal Enfield
CB ShineSP Disc,51000,Guwahati,10800,First Owner,4,125,Honda
Sport,17300,Jhansi,35000,First Owner,10,100,TVS
Bullet Electra,65000,Ghaziabad,28300,First Owner,12,350,Royal Enfield
HF Deluxe,33700,Jhansi,15000,First Owner,5,100,Hero
Pulsar RS200,85000,Chandigarh,6500,First Owner,5,200,Bajaj
Pulsar,30000,Bangalore,68000,First Owner,9,220,Bajaj
Pulsar,18000,Pune,46300,First Owner,15,150,Bajaj
Pulsar,20000,Pune,61991,First Owner,15,150,Bajaj
Avenger Street 150,80000,Nashik,2000,First Owner,4,150,Bajaj
Pulsar,22000,Mumbai,41214,First Owner,8,150,Bajaj
Classic,100000,Pune,23378,First Owner,5,350,Royal Enfield
Bullet,135000,Rohtak,6850,First Owner,3,500,Royal Enfield
Pulsar RS200,95000,Rohtak,5000,Second Owner,4,200,Bajaj
Super Splendor,19500,Jaipur,20493,First Owner,15,125,Hero
Pulsar 220F,60000,Kolkata,19865,First Owner,4,220,Bajaj
Duke,75000,Visakhapatnam,22088,First Owner,8,200,KTM
Pulsar 135LS,18000,Delhi,23641,First Owner,10,135,Bajaj
Iron 883,650000,Delhi,1900,First Owner,5,883,Harley-Davidson
CB Unicorn,33000,Mumbai,78000,First Owner,10,150,Honda
Apache RTR,52000,Ahmedabad,22000,First Owner,6,160,TVS
Thunderbird,80000,Bangalore,56478,First Owner,9,350,Royal Enfield
Pulsar,55000,Dehradun,45000,First Owner,6,220,Bajaj
‎ Bullet,88000,Pune,6151,First Owner,9,350,Royal Enfield
Bullet,99999,Pune,42303,Second Owner,26,350,Royal Enfield
Avenger Cruise 220,58600,Dehradun,10000,First Owner,5,220,Bajaj
Discover 150S Disc,32000,Pune,39632,First Owner,6,150,Bajaj
RX-Z,47500,Mumbai,50000,First Owner,23,135,Yamaha
Apache RTR 160 4V Carburetor With Rear Disc,74000,Mumbai,8667,First Owner,3,160,TVS
FZ S V 2.0,47500,Mumbai,12227,First Owner,6,150,Yamaha
FZs,60000,Bangalore,13115,First Owner,6,150,Yamaha
Splendor Pro,38000,Pune,35000,First Owner,6,100,Hero
FZ25,90000,Mumbai,9780,First Owner,4,250,Yamaha
Hunk,35000,Sholapur,49000,First Owner,7,150,Hero
Karizma R,32000,Delhi,18000,First Owner,9,223,Hero
Classic Desert Storm,169999,Jamnagar,11500,First Owner,5,500,Royal Enfield
CBF Stunner,30000,Delhi,23000,First Owner,7,125,Honda
CBR 250R,90000,Ambala,8986,First Owner,7,250,Honda
CBR 250R,120000,Delhi,3059,First Owner,6,250,Honda
CB Shine,47500,Mumbai,12546,First Owner,5,125,Honda
CB Unicorn,30000,Osmanabad,80000,First Owner,10,150,Honda
Avenger Cruise 220,84000,Bangalore,7380,First Owner,5,220,Bajaj
Avenger Cruise 220,76900,Bangalore,12000,First Owner,5,220,Bajaj
Avenger Cruise 220,52000,Bangalore,16105,Second Owner,5,220,Bajaj
Avenger Cruise 220,65000,Bangalore,10330,First Owner,4,220,Bajaj
Discover,24000,Faridabad,12714,First Owner,8,125,Bajaj
Bullet Electra,70000,Mumbai,33144,First Owner,14,350,Royal Enfield
Pulsar 220F,21305,Ahmedabad,60000,Third Owner,11,220,Bajaj
Apache RTR 200 4V Carburetor Pirelli Tyres Race Edition 2.0,98000,Pali,4500,First Owner,3,200,TVS
Pulsar,40000,Kendua,28000,First Owner,9,150,Bajaj
Libero G5,22500,Delhi,17000,First Owner,13,110,Yamaha
Pulsar AS200,50000,Delhi,22000,First Owner,6,200,Bajaj
CBZ Xtreme,32000,Gautam Buddha Nagar,60252,First Owner,10,150,Hero
Thunderbird,54000,Delhi,20631,First Owner,12,350,Royal Enfield
Gixxer,50000,Hyderabad,35053,First Owner,5,150,Suzuki
Passion Pro,20000,Delhi,43358,First Owner,10,100,Hero
Gladiator,25000,Gurgaon,53575,First Owner,11,125,Yamaha
Classic,150000,Bangalore,6410,First Owner,4,350,Royal Enfield
CB Twister,25000,Delhi,15098,Second Owner,9,110,Honda
Classic,130000,Pune,27370,First Owner,6,350,Royal Enfield
CBF Stunner,23000,Chandigarh,28795,First Owner,8,125,Honda
YZF-R15 2.0,52096,Bhatinda,58870,Second Owner,9,150,Yamaha
Centuro NXT,32000,Noida,22580,Second Owner,4,110,Mahindra
Avenger,40000,Mumbai,22295,First Owner,8,220,Bajaj
Thunderbird,120000,Jaipur,32814,Second Owner,8,500,Royal Enfield
Discover,18500,Ahmedabad,68000,First Owner,12,135,Bajaj
Avenger Street 150,60000,Pune,15235,First Owner,5,150,Bajaj
Fazer,38000,Delhi,48000,Second Owner,9,150,Yamaha
YZF-R15 S,110000,Pune,8736,First Owner,3,150,Yamaha
Classic Desert Storm,105000,Chennai,22253,Second Owner,6,500,Royal Enfield
Iron 883,400000,Bijnor,18000,Second Owner,9,883,Harley-Davidson
Bullet,130000,Gurgaon,18832,First Owner,4,350,Royal Enfield
Pulsar,42000,Delhi,13000,Second Owner,5,180,Bajaj
CB Hornet 160R CBS,73000,Hyderabad,17250,First Owner,4,160,Honda
Splendor iSmart,39200,Faridabad,12000,First Owner,4,110,Hero
Apache RTR 200 4V Carburetor,70000,Delhi,23463,First Owner,4,200,TVS
Classic,150000,Bangalore,141644,First Owner,11,500,Royal Enfield
Pulsar,31074,Anantapur,49100,First Owner,7,150,Bajaj
SZ,20000,Kanchipuram,25000,First Owner,9,150,Yamaha
Thunderbird,125000,Pune,14480,First Owner,9,500,Royal Enfield
Thunderbird,125000,Kanchipuram,13000,First Owner,6,500,Royal Enfield
CB Unicorn 160,45000,Mumbai,46000,First Owner,6,160,Honda
Thunderbird X ABS,170200,Mumbai,1000,First Owner,2,350,Royal Enfield
Pulsar,50000,Mumbai,15032,First Owner,8,180,Bajaj
Splendor Plus,30000,Gohana,20500,First Owner,6,100,Hero
Classic Desert Storm,160000,Noida,1754,First Owner,4,500,Royal Enfield
CBR 150R,75000,Gandhinagar,28366,First Owner,5,150,Honda
Pulsar,40000,Thane,25010,First Owner,6,180,Bajaj
Apache RTR ABS,45000,Jabalpur,50000,First Owner,7,180,TVS
TNT 300,215000,Mumbai,18277,First Owner,5,300,Benelli
Pulsar RS200 ABS,103300,Hyderabad,20000,First Owner,6,200,Bajaj
YZF-R15 V3,129600,Pune,4266,First Owner,3,150,Yamaha
Thunderbird,110000,Bangalore,35006,First Owner,5,500,Royal Enfield
Avenger,53000,Navi Mumbai,15000,First Owner,6,220,Bajaj
Pulsar RS200 ABS,85000,Bangalore,37301,First Owner,6,200,Bajaj
Bullet Twinspark,100000,Bangalore,17000,First Owner,5,350,Royal Enfield
Thunderbird,85000,Ghaziabad,18894,First Owner,11,350,Royal Enfield
Duke,140900,Hooghly,29416,First Owner,5,390,KTM
FZ25,120000,Pune,6671,First Owner,3,250,Yamaha
Pulsar RS200,90000,Uran,15000,First Owner,4,200,Bajaj
Pulsar NS,29000,Mumbai,48500,First Owner,10,200,Bajaj
Pulsar,31000,Jaunpur,61000,First Owner,7,150,Bajaj
Libero G5,18000,Vadodara,2616,First Owner,12,110,Yamaha
FZ16,65000,Rajkot,18000,Third Owner,8,150,Yamaha
Avenger,42000,Bangalore,34502,Second Owner,7,220,Bajaj
Avenger Cruise 220,55000,Belgaum,13000,First Owner,5,220,Bajaj
Pulsar,20000,Bangalore,29051,Second Owner,14,150,Bajaj
Pulsar NS200,81000,Gurgaon,8759,First Owner,3,200,Bajaj
Avenger Street 220,60000,Visakhapatnam,19351,First Owner,5,220,Bajaj
Pulsar,27500,Noida,71496,First Owner,11,180,Bajaj
Apache RTR 200 4V ABS Race Edition,120000,Mumbai,4442,First Owner,2,200,TVS
Super Splendor,45000,Gurgaon,8161,First Owner,4,125,Hero
Pulsar,35000,Bangalore,34400,First Owner,11,180,Bajaj
Pulsar RS200 ABS,145000,Moradabad,350,First Owner,4,200,Bajaj
CB Shine,34000,Bhopal,40000,First Owner,9,125,Honda
Apache RTR,23000,Chennai,34000,Second Owner,11,160,TVS
Pulsar 200 NS,55000,Faridabad,35000,First Owner,7,200,Bajaj
Passion Pro,18000,Chennai,253621,First Owner,11,100,Hero
Passion Pro,16000,Chennai,33474,First Owner,12,100,Hero
Pulsar,25000,Hisar,65000,First Owner,7,180,Bajaj
YZF-R15,90000,Chennai,16000,First Owner,5,150,Yamaha
Platina,36000,Bhopal,9131,First Owner,6,125,Bajaj
CB Shine,25000,Bhopal,28000,First Owner,10,125,Honda
Apache RTR,50000,Ludhiana,14818,First Owner,6,160,TVS
Platina,22000,Chennai,40328,First Owner,8,125,Bajaj
CB Unicorn 160 CBS,78000,Bangalore,20880,First Owner,5,160,Honda
Duke,80000,Chennai,27428,First Owner,7,200,KTM
Pulsar RS200,110000,Jaipur,25232,First Owner,5,200,Bajaj
Discover,15000,Bhiwani,45000,Second Owner,13,135,Bajaj
Thunderbird,98000,Bangalore,23000,First Owner,7,350,Royal Enfield
Apache RTR,51000,Jaipur,23000,Second Owner,6,160,TVS
Passion,16000,Chennai,26512,Second Owner,16,100,Hero
Bullet,72000,Moradabad,36000,Second Owner,13,350,Royal Enfield
Discover,25000,Jodhpur,17100,Second Owner,8,100,Bajaj
Discover 100M,32000,Lucknow,41585,Second Owner,9,100,Bajaj
Super Splendor,30000,Palamu,40000,Second Owner,5,125,Hero
Pulsar,49000,Bangalore,40000,Second Owner,7,220,Bajaj
Pulsar,65000,Jaipur,9870,First Owner,6,180,Bajaj
Bullet Twinspark,90000,Delhi,6000,First Owner,7,350,Royal Enfield
Passion Plus,21000,Chennai,16000,First Owner,11,100,Hero
Fazer,33500,Jaipur,40000,First Owner,9,150,Yamaha
Dream Yuga,46500,Ludhiana,3500,First Owner,4,110,Honda
Pulsar 200 NS,29999,Vadodara,28000,First Owner,13,200,Bajaj
Avenger Street 150,58100,Hyderabad,16000,First Owner,5,150,Bajaj
CBF Stunner,22000,Ludhiana,16000,First Owner,9,125,Honda
Passion Plus,17000,Cuttack,84559,First Owner,16,100,Hero
Passion Pro,22000,Delhi,21049,First Owner,12,100,Hero
Passion Plus,15500,Chandigarh,51000,First Owner,15,100,Hero
Discover,20000,Cuttack,39727,First Owner,8,100,Bajaj
Discover,20000,Chennai,16036,First Owner,7,100,Bajaj
Avenger,38000,Kalyan,11544,First Owner,9,220,Bajaj
Platina,18000,Chennai,34589,First Owner,9,125,Bajaj
Pulsar,15000,Chennai,48283,First Owner,15,150,Bajaj
Platina,16000,Chennai,24500,First Owner,9,100,Bajaj
Classic,100000,Chennai,18300,First Owner,8,500,Royal Enfield
CD Deluxe,17000,Cuttack,35382,First Owner,17,100,Hero
Centuro,29500,Vadodara,24000,First Owner,6,110,Mahindra
Pulsar RS200,90000,Howrah,5026,First Owner,5,200,Bajaj
Pulsar,32000,Solapur,40000,First Owner,10,150,Bajaj
Pulsar,18000,Cuttack,45000,First Owner,13,150,Bajaj
Apache RTR 200 4V Fi,80000,Delhi,12000,First Owner,5,200,TVS
CBR 250R ABS,125000,Hyderabad,35000,First Owner,9,250,Honda
Pulsar,74000,Delhi,856,First Owner,4,150,Bajaj
Passion Pro,24000,Chennai,16138,First Owner,7,100,Hero
Passion Pro,24000,Chennai,13654,First Owner,7,100,Hero
Passion Pro,22000,Ludhiana,9063,First Owner,10,100,Hero
CB ShineSP Disc,54000,Thane,17000,First Owner,5,125,Honda
YZF-R15 2.0,65000,Mumbai,22000,First Owner,10,150,Yamaha
Splendor Plus,32000,Bhopal,20000,First Owner,7,100,Hero
Pulsar RS200  ABS-,108000,Bodhan,13400,First Owner,6,200,Bajaj
Pulsar,32999,Jaipur,28000,First Owner,8,150,Bajaj
Splendor,30000,Pune,49000,First Owner,11,100,Hero
Duke,175000,Bhubaneswar,6800,First Owner,5,390,KTM
CB Shine,15000,Chennai,74999,First Owner,12,125,Honda
Avenger,34000,Chennai,34733,First Owner,11,200,Bajaj
Star City Plus,28000,Delhi,25999,First Owner,6,110,TVS
Karizma ZMR,37000,Delhi,22500,First Owner,10,223,Hero
RC,150000,Dharwar,9800,First Owner,5,200,KTM
Splendor Plus,25000,Delhi,9000,First Owner,11,100,Hero
Hayate,25000,Delhi,10000,First Owner,7,110,Suzuki
RC,165000,Pune,26000,First Owner,5,390,KTM
Apache RTR 200 4V Carburetor,105000,Raiganj,5400,First Owner,4,200,TVS
Duke,125000,Delhi,4500,First Owner,7,390,KTM
Discover,23000,Chennai,36105,First Owner,8,100,Bajaj
Discover,17000,Ludhiana,14821,First Owner,9,100,Bajaj
Avenger Street 150,70000,Mumbai,4900,First Owner,5,150,Bajaj
Avenger,75000,Bangalore,7500,First Owner,5,220,Bajaj
Avenger,55000,Mumbai,18000,First Owner,6,220,Bajaj
Discover150S,25000,Satna,38000,First Owner,7,150,Bajaj
Gixxer,58000,Mumbai,6000,First Owner,5,150,Suzuki
Duke,140000,Raigarh(mh),11100,First Owner,6,390,KTM
Passion PRO,30000,Ludhiana,6000,First Owner,8,100,Hero
Centuro,40000,Jaipur,11572,First Owner,6,110,Mahindra
Pulsar,53000,Jaipur,20000,First Owner,6,150,Bajaj
Discover,17500,Chennai,50000,First Owner,11,100,Bajaj
Discover,20000,Bhilai Nagar,2000,First Owner,12,125,Bajaj
Discover 100M,32000,Lucknow,16800,First Owner,9,100,Bajaj
CB Shine,25000,Nadiad,36400,First Owner,16,125,Honda
Splendor,21000,Gandhinagar,70600,First Owner,25,100,Hero
Pulsar,53000,Jaipur,23890,First Owner,7,150,Bajaj
Passion Pro,21500,Chennai,24634,First Owner,11,100,Hero
Passion Plus,22000,Chennai,43000,First Owner,10,100,Hero
Classic,90000,Arrah,12000,First Owner,6,350,Royal Enfield
Apache RTR,24000,Jabalpur,266028,First Owner,10,160,TVS
Super Splendor,55000,Katihar,379,First Owner,4,125,Hero
Pulsar 220F,65000,Bangalore,25000,First Owner,7,220,Bajaj
YZF-R15,95000,Jind,5500,First Owner,5,150,Yamaha
Thunderbird,125000,Chennai,13500,First Owner,7,500,Royal Enfield
Pulsar,38000,Karnal,19000,First Owner,7,150,Bajaj
CB Shine,35000,Karnal,25000,First Owner,6,125,Honda
Splendor Plus,34000,Jabalpur,12525,First Owner,8,100,Hero
Pulsar,52000,Delhi,16016,First Owner,6,150,Bajaj
V15,53000,Delhi,12431,First Owner,5,150,Bajaj
Bullet Electra,65000,Delhi,29359,First Owner,18,350,Royal Enfield
Pulsar,20000,Delhi,28054,First Owner,13,150,Bajaj
Avenger Street 150,60000,Karnal,14000,First Owner,5,150,Bajaj
Thunderbird,99500,Delhi,20000,First Owner,7,350,Royal Enfield
RC,150000,Delhi,4900,First Owner,5,200,KTM
Classic,115000,Chennai,19000,First Owner,6,350,Royal Enfield
CB Shine,35000,Baloda,20000,First Owner,16,125,Honda
Platina,15000,Budhlada,61200,First Owner,12,100,Bajaj
Passion Plus,24500,Ahmedabad,29407,First Owner,11,100,Hero
Passion Pro,28500,Delhi,13608,First Owner,8,100,Hero
Pulsar,52000,Ludhiana,10065,First Owner,6,180,Bajaj
Avenger Street 150,70000,Bangalore,12600,First Owner,5,150,Bajaj
Splendor,28000,Indore,40543,First Owner,12,100,Hero
Electra,80000,Mumbai,14000,First Owner,12,350,Royal Enfield
RC,130000,Adyar,16000,First Owner,6,200,KTM
Avenger Street 150,65000,Delhi,10000,First Owner,5,150,Bajaj
Splendor,20000,Muzaffarpur,55000,First Owner,17,100,Hero
Avenger Street 150,84000,Hyderabad,73,First Owner,4,150,Bajaj
Slingshot Plus,40000,Pondicherry,5000,First Owner,6,125,Suzuki
Discover,17500,Coimbatore,54345,Second Owner,10,100,Bajaj
FZs,36000,Delhi,14500,Second Owner,8,150,Yamaha
Passion Plus,23000,Anantnag,2009,Fourth Owner Or More,12,100,Hero
Passion,14000,Jaipur,50000,Second Owner,19,100,Hero
CB Twister,16500,Chennai,45000,First Owner,11,110,Honda
Splendor,22000,Rajkot,15000,First Owner,13,100,Hero
Splendor,21101,Rajkot,20000,First Owner,24,100,Hero
CT 100 Spoke,20000,Gurgaon,33150,First Owner,5,100,Bajaj
Duke,95000,Mumbai,20000,First Owner,6,200,KTM
Pulsar,22000,Delhi,20700,Second Owner,11,180,Bajaj
CT 100,22000,Jaipur,10000,First Owner,8,100,Bajaj
RC,140000,Berhampore,2600,First Owner,6,200,KTM
Splendor,44000,Hyderabad,15500,First Owner,6,100,Hero
i Smart,41000,Delhi,13800,First Owner,5,125,Hero
Splendor,17000,Chennai,30700,First Owner,13,100,Hero
CD Deluxe,19000,Dwarka,35000,First Owner,9,100,Hero
Splendor Plus,18000,Cuttack,70000,First Owner,17,100,Hero
Star City,16000,Chennai,53520,First Owner,9,110,TVS
Discover,25000,Chennai,51697,First Owner,8,100,Bajaj
Passion PRO,28000,Chennai,23690,First Owner,8,100,Hero
Passion Plus,26000,Chennai,28000,First Owner,9,100,Hero
CBZ,22000,Chennai,38074,First Owner,8,150,Hero
Discover,18000,Chennai,93901,First Owner,8,100,Bajaj
CB Unicorn,21000,Chennai,97000,First Owner,11,150,Honda
Passion Pro,32000,Chennai,45000,First Owner,7,100,Hero
Star City,18000,Chennai,92466,First Owner,9,110,TVS
CB Unicorn,21000,Chennai,91311,First Owner,11,150,Honda
Splendor Pro,30000,Jaipur,53000,First Owner,10,100,Hero
Passion Plus,22000,Chennai,17308,First Owner,10,100,Hero
Discover,17500,Chennai,54889,First Owner,12,135,Bajaj
Discover 100M,30000,Bangalore,18500,First Owner,9,100,Bajaj
Star City,16000,Chennai,20238,First Owner,10,110,TVS
CB Shine,37000,Chennai,14993,First Owner,6,125,Honda
CD Deluxe,20000,Chennai,14423,First Owner,10,100,Hero
Avenger,45000,Chennai,8903,First Owner,8,220,Bajaj
Splendor Plus,35000,Jaipur,36283,First Owner,7,100,Hero
CB Shine,30000,Chennai,45991,First Owner,7,125,Honda
Passion Pro,22000,Chennai,51940,First Owner,9,100,Hero
Passion Plus,18000,Chennai,50000,First Owner,11,100,Hero
Passion Pro,26000,Chennai,81414,First Owner,7,100,Hero
Passion Plus,20000,Chennai,2584,First Owner,11,100,Hero
Discover,22000,Chennai,62867,First Owner,9,135,Bajaj
Passion Pro,25000,Chennai,3762,First Owner,10,100,Hero
Fazer,50000,Chennai,32461,First Owner,6,150,Yamaha
Passion Plus,20000,Chennai,78394,First Owner,10,100,Hero
Discover,30000,Chennai,17203,First Owner,6,110,Bajaj
Discover 125ST,22000,Chennai,40000,First Owner,8,125,Bajaj
Star City,15000,Chennai,39888,First Owner,12,110,TVS
Splendor,25000,Silvasa,30000,First Owner,25,100,Hero
Splendor,18500,Bharuch,32000,First Owner,20,100,Hero
Passion Plus,18000,Delhi,20313,First Owner,15,100,Hero
Passion Plus,20000,Delhi,12000,First Owner,13,100,Hero
Karizma,22000,Delhi,22000,First Owner,13,223,Hero
Discover 125ST,27000,Ludhiana,13299,First Owner,8,125,Bajaj
Splendor,23000,Vadodara,40000,First Owner,24,100,Hero
Discover,21000,Delhi,21985,First Owner,13,135,Bajaj
FZs,38000,Delhi,40826,First Owner,8,150,Yamaha
Discover,26000,Chennai,5451,First Owner,9,110,Bajaj
Splendor,23000,Chennai,38000,First Owner,25,100,Hero
Star City,14000,Chennai,17602,First Owner,13,110,TVS
Passion Plus,18000,Chennai,38000,First Owner,11,100,Hero
Star City,32000,Jaipur,17870,First Owner,7,110,TVS
MAX 4R,18000,Chennai,13673,First Owner,7,110,TVS
Passion Plus,28000,Chennai,24434,First Owner,9,100,Hero
CB Shine,20000,Chennai,654984,First Owner,10,125,Honda
Centuro,41000,Jaipur,8000,First Owner,6,110,Mahindra
Pantero,22000,Nadiad,28000,First Owner,8,110,Mahindra
Passion Pro,20000,Delhi,50000,First Owner,12,100,Hero
Hunk,35000,Hospet,39000,First Owner,12,150,Hero
Pulsar,55000,Bangalore,20000,First Owner,7,150,Bajaj
Bullet Twinspark,109100,Bangalore,21200,First Owner,7,350,Royal Enfield
Bullet Electra,60350,Delhi,26381,First Owner,9,350,Royal Enfield
Thunderbird,47000,Pune,60045,First Owner,12,350,Royal Enfield
Thunderbird,35800,Bangalore,90408,Third Owner,18,350,Royal Enfield
TNT 25,125000,Chennai,17512,First Owner,5,250,Benelli
Classic Dual Disc,163500,Azamgarh,13900,Second Owner,3,500,Royal Enfield
Pulsar AS200,45000,Bangalore,30,Second Owner,7,200,Bajaj
Street 750 ABS,520000,Jaipur,399,First Owner,2,750,Harley-Davidson
GT650R,304952,Delhi,13000,Second Owner,7,650,Hyosung
Splendor Pro,20000,Alwar,15906,First Owner,10,100,Hero
Pulsar,57000,Pune,15000,First Owner,7,180,Bajaj
YZF-R15,60000,Mumbai,28000,First Owner,9,150,Yamaha
Apache RTR,60000,Hyderabad,20482,Second Owner,4,160,TVS
Passion Plus,16000,Hyderabad,23105,First Owner,15,100,Hero
Ambition,5000,Delhi,82178,First Owner,18,135,Hero
Duke,70000,Thane,49347,First Owner,9,200,KTM
Classic,116900,Pune,25362,Second Owner,6,500,Royal Enfield
Classic,90000,Jaipur,17000,First Owner,7,350,Royal Enfield
Bullet Electra,83800,Jaipur,21540,Second Owner,10,350,Royal Enfield
Pulsar,58000,Lucknow,18000,First Owner,9,150,Bajaj
CB Trigger,55000,Palai,25000,First Owner,8,150,Honda
Pulsar,15000,Gurgaon,70000,First Owner,16,150,Bajaj
CT 100,32000,Dehradun,90000,First Owner,5,100,Bajaj
Classic,90000,Delhi,44000,First Owner,10,350,Royal Enfield
Pulsar 220F,51900,Mumbai,26000,First Owner,7,220,Bajaj
FZs,31000,Delhi,58000,First Owner,10,150,Yamaha
Discover,28100,Durg,29000,First Owner,8,100,Bajaj
Thunderbird,110000,Bangalore,25000,First Owner,8,350,Royal Enfield
CB Unicorn,20500,Delhi,48000,First Owner,13,150,Honda
Dream Neo,25000,Bhiwadi,27000,First Owner,8,110,Honda
CBF Stunner,24990,Faridabad,39000,First Owner,10,125,Honda
Bullet Electra Twinspark,120500,Surat,12550,First Owner,6,350,Royal Enfield
CBZ Xtreme,22000,Delhi,55000,First Owner,14,150,Hero
Avenger Street 150,72100,Ahmedabad,22000,First Owner,5,150,Bajaj
Livo Disc,46000,Gurgaon,9000,First Owner,5,110,Honda
Classic,150000,Bangalore,5400,First Owner,8,350,Royal Enfield
Thunderbird,95000,Surat,22000,First Owner,8,350,Royal Enfield
Avenger Street 150,62000,Delhi,30000,First Owner,5,150,Bajaj
CD Dawn,26000,Bangalore,41000,First Owner,10,100,Hero
Dream Yuga,35000,Pune,14992,First Owner,8,110,Honda
YZF-R15 2.0,96000,Bangalore,23000,First Owner,6,150,Yamaha
Classic Desert Storm,140000,Delhi,8500,First Owner,5,500,Royal Enfield
YZF-R15 2.0,66000,Bangalore,59794,First Owner,9,150,Yamaha
Pulsar,22000,Sundargarh,30000,First Owner,14,150,Bajaj
Passion Pro,36995,Ghaziabad,16838,First Owner,6,100,Hero
Classic,105000,Delhi,14779,First Owner,4,350,Royal Enfield
CBZ Xtreme,30000,Pune,33849,First Owner,12,150,Hero
Apache RTR Rear Disc,70000,Ghaziabad,4116,First Owner,3,160,TVS
Pulsar,29500,Hyderabad,115152,First Owner,8,150,Bajaj
Pulsar AS200,70000,Sundargarh,23000,First Owner,5,200,Bajaj
CBR 250R,80000,Delhi,8000,First Owner,10,250,Honda
Standard,150000,Mumbai,84625,First Owner,8,500,Royal Enfield
Classic,100000,Ghaziabad,15078,First Owner,7,350,Royal Enfield
Karizma R,45000,Bangalore,35038,First Owner,7,223,Hero
Classic Chrome,105000,Gurgaon,15008,First Owner,9,500,Royal Enfield
Duke,135000,Bangalore,1050,First Owner,3,125,KTM
Pulsar RS200,95000,Bangalore,25000,First Owner,6,200,Bajaj
Pulsar RS200 ABS,95000,Pune,16725,First Owner,5,200,Bajaj
CB Unicorn 160,65000,Mumbai,18000,First Owner,6,160,Honda
Saluto RX,37000,Jaipur,8030,First Owner,4,110,Yamaha
CBR 250R Repsol ABS,120000,Noida,14000,Second Owner,4,250,Honda
Classic,146006,Guwahati,8575,First Owner,4,500,Royal Enfield
Iron 883,511000,Pune,10400,First Owner,8,883,Harley-Davidson
Splendor Plus,20000,Sirsa,20003,First Owner,10,100,Hero
Passion Xpro,50000,Ahmedabad,7500,First Owner,5,110,Hero
Gixxer SF Rear Disc,63000,Bangalore,19100,First Owner,5,150,Suzuki
Duke,139100,Delhi,25500,First Owner,5,390,KTM
Pulsar RS200,120000,Gurgaon,5600,First Owner,4,200,Bajaj
FZ25,115800,Delhi,2126,First Owner,3,250,Yamaha
Pulsar AS150,60000,Mumbai,4150,First Owner,6,150,Bajaj
Apache RTR,30000,Alibag,30000,First Owner,10,160,TVS
Apache RTR 200 4V FI,65450,Delhi,9238,First Owner,3,200,TVS
V15,42000,Mumbai,16539,First Owner,5,150,Bajaj
Pulsar,26000,Lucknow,70000,First Owner,11,150,Bajaj
CD Deluxe,20000,Lucknow,5000,First Owner,10,100,Hero
Glamour Fi,37000,Delhi,28478,First Owner,5,125,Hero
V15,50000,Bangalore,16674,First Owner,4,150,Bajaj
Fazer,37000,Delhi,77596,First Owner,8,150,Yamaha
Classic,100000,Chennai,25000,First Owner,10,350,Royal Enfield
Apache,20000,Hissar,84916,First Owner,14,150,TVS
Discover,25000,Faridabad,80517,First Owner,9,100,Bajaj
Radeon Drum SBT,58000,Delhi,4020,First Owner,2,110,TVS
YZF-R3,220000,Delhi,7130,First Owner,5,320,Yamaha
Himalayan,120000,Gurgaon,8492,First Owner,5,410,Royal Enfield
Himalayan,138000,Delhi,5000,First Owner,5,410,Royal Enfield
Splendor Plus,11400,Gurgaon,20000,Second Owner,17,100,Hero
CB Trigger,34400,Delhi,24513,Second Owner,8,150,Honda
CD Deluxe,25000,Sidhi,11122,First Owner,11,100,Hero
SZ RR V 2.0 Limited Edition,55000,Pune,6138,First Owner,4,150,Yamaha
Passion Plus,24000,Hyderabad,68000,First Owner,14,100,Hero
Bullet Twinspark,80000,Delhi,56968,First Owner,8,350,Royal Enfield
Fazer FI V 2.0,78000,Kanchipuram,7500,First Owner,3,150,Yamaha
CBR 150R,61483,Kanpur,28032,First Owner,7,150,Honda
Discover,14000,Mumbai,39211,First Owner,16,125,Bajaj
Duke,195000,Mumbai,4568,First Owner,4,390,KTM
Pulsar,55000,Pune,10000,First Owner,6,180,Bajaj
Pulsar NS200,46000,Bangalore,27687,Third Owner,9,200,Bajaj
Pulsar NS200,48000,Allahabad,41939,First Owner,8,200,Bajaj
Avenger,50000,Bangalore,29134,First Owner,7,220,Bajaj
Hunk Rear Disc,25000,Delhi,48587,First Owner,8,150,Hero
Avenger,35000,Bangalore,60000,First Owner,9,220,Bajaj
Street 750 ABS,450000,Jodhpur,3430,First Owner,4,750,Harley-Davidson
Dominar 400 ABS,139000,Hyderabad,21300,First Owner,4,400,Bajaj
Avenger Street 220,80000,Hyderabad,7127,First Owner,5,220,Bajaj
