brand,model,fuel_type,transmission,kms_driven,engine,Seats,ownership,car_prices,age,is_ev
Jeep,Compass 2.0 Longitude Option BSIV,Diesel,Manual,86226,1956.0,5,1st Owner,1002999,9,0
Renault,Duster RXZ Turbo CVT,Petrol,Automatic,13248,1498.0,5,1st Owner,1283000,5,0
Toyota,Camry 2.5 G,Petrol,Automatic,60343,2494.0,5,1st Owner,1639999,10,0
Honda,Jazz VX CVT,Petrol,Automatic,26696,1199.0,5,1st Owner,777000,8,0
Volkswagen,Polo 1.2 MPI Highline,Petrol,Manual,69414,1198.0,5,1st Owner,515000,10,0
Volkswagen,Vento 1.2 TSI Highline AT,Petrol,Automatic,49719,1198.0,5,1st Owner,766000,9,0
Volkswagen,Vento 1.2 TSI Highline Plus AT,Petrol,Automatic,43688,1198.0,5,1st Owner,758000,9,0
Honda,WR-V VX Diesel,Diesel,Manual,14470,1498.0,5,1st Owner,1160000,5,0
Honda,City i VTEC CVT SV,Petrol,Automatic,21429,1497.0,5,1st Owner,699000,11,0
Renault,Duster Petrol RXS CVT,Petrol,Automatic,31750,1498.0,5,1st Owner,753000,9,0
Maruti,Baleno 1.2 Alpha,Petrol,Manual,38203,1197.0,5,1st Owner,643000,9,0
Honda,City i VTEC CVT SV,Petrol,Automatic,110284,1497.0,5,1st Owner,543000,12,0
Mahindra,XUV300 W6,Petrol,Manual,10381,1197.0,5,1st Owner,861999,6,0
Jeep,Compass 1.4 Limited Plus BSIV,Petrol,Automatic,32378,1368.0,5,1st Owner,1678000,7,0
Honda,City V MT,Petrol,Manual,38906,1497.0,5,1st Owner,1002999,6,0
Hyundai,Grand i10 AT Asta,Petrol,Automatic,59313,1197.0,5,2nd Owner,563000,10,0
Hyundai,i20 1.4 Asta,Diesel,Manual,85672,1396.0,5,1st Owner,667000,9,0
Maruti,Ciaz 1.4 Delta,Petrol,Manual,34971,1368.0,5,2nd Owner,673000,9,0
Nissan,Micra XL Optional,Petrol,Manual,35894,1198.0,5,2nd Owner,321000,11,0
Maruti,Ciaz Alpha Automatic BSIV,Petrol,Automatic,56000,1462.0,5,1st Owner,850000,7,0
Maruti,Swift Dzire VXI,Petrol,Manual,56568,1197.0,5,1st Owner,434000,12,0
Renault,KWID RXT,Petrol,Manual,48872,799.0,5,1st Owner,311000,9,0
Renault,KWID RXL BSIV,Petrol,Manual,17346,799.0,5,1st Owner,370000,7,0
Jeep,Compass 2.0 Limited Plus BSIV,Diesel,Manual,15414,1956.0,5,1st Owner,1588000,7,0
Hyundai,Grand i10 1.2 Kappa Magna BSIV,Petrol,Manual,21239,1197.0,5,1st Owner,541000,8,0
Maruti,Alto K10 LXI,Petrol,Manual,62361,998.0,5,1st Owner,223000,12,0
Hyundai,Verna 1.6 VTVT S Option,Petrol,Manual,79329,1591.0,5,2nd Owner,588000,11,0
Hyundai,Tucson GLS AT,Petrol,Automatic,11945,1999.0,7,1st Owner,2278000,5,0
Maruti,Swift Dzire VXI 1.2,Petrol,Manual,51324,1197.0,5,1st Owner,612000,8,0
Nissan,Magnite XV Premium,Petrol,Manual,5717,999.0,5,1st Owner,744000,5,0
Honda,City i VTEC CVT VX,Petrol,Automatic,46417,1497.0,5,1st Owner,839000,10,0
Honda,Amaze S i-Vtech,Petrol,Manual,100161,1199.0,5,1st Owner,420000,11,0
Hyundai,Grand i10 Sportz,Petrol,Manual,35424,1197.0,5,1st Owner,491000,10,0
Hyundai,EON Era Plus,Petrol,Manual,51085,814.0,5,1st Owner,293000,9,0
Maruti,Alto 800 LXI,Petrol,Manual,30983,796.0,5,1st Owner,298000,10,0
Renault,KWID RXL,Petrol,Manual,32681,799.0,5,1st Owner,260000,10,0
Hyundai,EON Magna Plus,Petrol,Manual,57581,814.0,5,2nd Owner,238000,12,0
Honda,Jazz 1.2 V AT i VTEC,Petrol,Automatic,39821,1199.0,5,1st Owner,605000,10,0
Maruti,Alto 800 LXI,Petrol,Manual,21186,796.0,5,1st Owner,323000,8,0
Renault,KWID RXL,Petrol,Manual,34972,799.0,5,1st Owner,326000,8,0
Honda,Amaze S i-Vtech,Petrol,Manual,46623,1199.0,5,2nd Owner,421000,11,0
Kia,Seltos GTX Plus,Petrol,Manual,18557,1497.0,5,1st Owner,1553000,7,0
Jeep,Compass 2.0 Limited,Diesel,Manual,58463,1956.0,5,1st Owner,1243000,9,0
MG,Hector Plus Sharp DCT,Petrol,Automatic,5000,1451.0,6,1st Owner,1850000,6,0
Tata,Harrier XZ BSIV,Diesel,Manual,66000,1956.0,5,1st Owner,1590000,7,0
Renault,Duster Petrol RXS CVT,Petrol,Automatic,14000,1498.0,5,1st Owner,890000,7,0
BMW,5 Series 520d Luxury Line,Diesel,Automatic,61000,1995.0,5,1st Owner,4300000,7,0
Hyundai,i20 1.4 Magna Executive,Diesel,Manual,65392,1396.0,5,1st Owner,600000,9,0
Mercedes-Benz,CLA 200 CGI Sport,Petrol,Automatic,37000,2143.0,5,1st Owner,2700000,8,0
Maruti,XL6 Zeta,Petrol,Manual,9000,1461.0,5,1st Owner,1090000,6,0
Hyundai,Grand i10 1.2 Kappa Sportz Option AT,Petrol,Automatic,32000,1197.0,5,1st Owner,590000,9,0
Mahindra,XUV500 W8 2WD,Diesel,Manual,68000,2179.0,7,1st Owner,650000,14,0
Hyundai,i20 Magna 1.2,Petrol,Manual,13000,1197.0,5,1st Owner,675000,9,0
Datsun,RediGO AMT 1.0 T Option,Petrol,Automatic,30000,999.0,5,1st Owner,370000,6,0
Honda,Brio VX AT,Petrol,Automatic,34300,1199.0,5,1st Owner,525000,11,0
Honda,City i VTEC CVT SV,Petrol,Automatic,45000,1497.0,5,1st Owner,725000,11,0
Toyota,Corolla Altis GL MT,Petrol,Manual,37000,1798.0,5,1st Owner,850000,12,0
Jeep,Compass 1.4 Sport,Petrol,Manual,50000,1368.0,5,1st Owner,1400000,8,0
Volvo,XC60 D4 Summum,Diesel,Automatic,105241,1985.0,5,1st Owner,1500000,11,0
Toyota,Corolla Altis 1.8 G,Petrol,Manual,54000,1798.0,5,1st Owner,1390000,7,0
Hyundai,Verna VTVT 1.6 SX,Petrol,Manual,19600,1591.0,5,1st Owner,890000,7,0
Audi,A4 2.0 TDI Technology Edition,Diesel,Automatic,48000,1968.0,5,1st Owner,1689999,11,0
Audi,Q3 2.0 TDI,Diesel,Automatic,69500,1968.0,5,1st Owner,1390000,14,0
BMW,5 Series 530d,Diesel,Automatic,71000,2993.0,5,2nd Owner,1500000,14,0
Porsche,Cayenne S Diesel,Diesel,Automatic,48894,1461.0,5,1st Owner,4500000,12,0
Maruti,A-Star Zxi,Petrol,Manual,46257,998.0,5,3rd Owner,153000,18,0
Ford,Ecosport 1.5 DV5 MT Titanium,Diesel,Manual,78264,1498.0,5,2nd Owner,509000,11,0
Honda,Jazz 1.2 S AT i VTEC,Petrol,Automatic,42451,1199.0,5,1st Owner,546000,10,0
Volkswagen,Vento Diesel Highline,Diesel,Manual,131861,1498.0,5,2nd Owner,273000,14,0
Maruti,Wagon R VXI BS IV,Petrol,Manual,128004,998.0,5,2nd Owner,180000,14,0
Chevrolet,Beat Diesel PS,Diesel,Manual,150349,624.0,5,1st Owner,110000,14,0
Maruti,Wagon R VXI BS IV,Petrol,Manual,29033,998.0,5,1st Owner,369000,9,0
BMW,3 Series 320d Luxury Line,Diesel,Automatic,99000,1995.0,5,1st Owner,1350000,11,0
Renault,KWID RXL,Petrol,Manual,47000,799.0,5,1st Owner,275000,8,0
Maruti,Baleno 1.3 Sigma,Diesel,Manual,35000,1248.0,5,1st Owner,550000,8,0
Mercedes-Benz,C-Class C 220 CDI BE COR,Diesel,Automatic,58000,2143.0,5,1st Owner,975000,13,0
Honda,City S,Petrol,Manual,48000,1497.0,5,1st Owner,400000,14,0
Honda,Amaze VX AT i-Vtech,Petrol,Automatic,45000,1199.0,5,1st Owner,475000,12,0
Hyundai,EON D Lite,Petrol,Manual,60000,814.0,5,2nd Owner,190000,14,0
Hyundai,i20 Magna Optional 1.2,Petrol,Manual,23000,1197.0,5,1st Owner,465000,12,0
Hyundai,Grand i10 1.2 Kappa Era,Petrol,Manual,45000,1197.0,5,1st Owner,459999,7,0
Hyundai,i10 Magna 1.1L,Petrol,Manual,45000,1197.0,5,1st Owner,325000,12,0
Maruti,Ertiga VDI,Diesel,Manual,58000,1248.0,7,1st Owner,525000,13,0
Hyundai,i20 1.2 Spotz,Petrol,Manual,48000,1197.0,5,1st Owner,625000,8,0
BMW,2 Series 220i M Sport,Petrol,Automatic,18000,1998.0,5,1st Owner,4000000,5,0
Skoda,Kushaq 1.0 TSI Style 6 Airbags AT,Petrol,Automatic,16000,999.0,5,1st Owner,1675000,4,0
Honda,City i-VTEC VX,Petrol,Manual,24000,1497.0,5,1st Owner,1000000,7,0
MG,Hector Plus Select Diesel MT 7 STR,Diesel,Manual,36000,1956.0,7,1st Owner,1789999,5,0
Jeep,Compass 1.4 Limited Plus,Petrol,Automatic,35000,1368.0,5,2nd Owner,1390000,7,0
Honda,Amaze E Petrol BSIV,Petrol,Manual,64000,1199.0,5,1st Owner,610000,7,0
Maruti,Vitara Brezza VDi,Diesel,Manual,72000,1248.0,5,1st Owner,775000,9,0
Hyundai,Grand i10 Magna,Petrol,Manual,29900,1197.0,5,1st Owner,459999,11,0
Mahindra,XUV700 AX5 Diesel AT,Diesel,Automatic,20000,2198.0,7,1st Owner,2091000,4,0
Tata,Indigo VX BSIV,Diesel,Manual,160000,1198.0,5,1st Owner,310000,13,0
Tata,Tiago XZ Plus,Petrol,Manual,16000,1199.0,5,1st Owner,565000,6,0
Honda,WR-V i-VTEC VX,Petrol,Manual,17000,1199.0,5,1st Owner,900000,7,0
Lexus,NX 300h,Petrol,Automatic,111000,1061.0,5,1st Owner,4200000,8,0
Mercedes-Benz,M-Class ML 250 CDI,Diesel,Automatic,38000,2993.0,5,2nd Owner,2850000,11,0
Honda,Jazz 1.5 SV i DTEC,Diesel,Manual,32000,1498.0,5,1st Owner,550000,11,0
Volkswagen,Polo 1.2 MPI Comfortline,Petrol,Manual,67000,1198.0,5,1st Owner,450000,11,0
Ford,Ecosport 1.5 Petrol Titanium AT,Petrol,Automatic,50000,1498.0,5,1st Owner,675000,10,0
Maruti,Swift VDI BSIV,Diesel,Manual,110000,1248.0,5,2nd Owner,180000,16,0
Hyundai,Verna VTVT 1.6 AT EX,Petrol,Automatic,51000,1591.0,5,1st Owner,775000,9,0
Hyundai,Grand i10 1.2 CRDi Sportz,Diesel,Manual,83000,1197.0,5,1st Owner,550000,9,0
Audi,Q3 35 TDI Quattro Premium,Diesel,Automatic,38000,1968.0,5,1st Owner,2400000,10,0
Hyundai,Creta 1.6 SX Automatic Diesel,Diesel,Automatic,58000,1582.0,5,1st Owner,1325000,8,0
Hyundai,Creta 1.6 SX,Petrol,Manual,36000,1591.0,5,1st Owner,1100000,8,0
Volkswagen,Vento 1.0 TSI Highline AT,Petrol,Automatic,23500,999.0,5,1st Owner,1050000,6,0
Hyundai,i20 1.2 Magna Executive,Petrol,Manual,60000,1197.0,5,1st Owner,650000,9,0
Skoda,Superb LK 1.8 TSI AT,Petrol,Automatic,18000,1798.0,5,1st Owner,2500000,8,0
Honda,Amaze V Petrol BSIV,Petrol,Manual,36500,1199.0,5,1st Owner,600000,9,0
Skoda,Superb Sportline,Petrol,Automatic,25000,1798.0,5,1st Owner,3100000,5,0
Kia,Seltos HTX IVT,Petrol,Automatic,20500,1497.0,5,1st Owner,1575000,6,0
Honda,Amaze S i-Vtech,Petrol,Manual,30000,1199.0,5,1st Owner,450000,11,0
Hyundai,i20 Magna 1.2,Petrol,Manual,59000,1197.0,5,1st Owner,590000,9,0
BMW,X1 sDrive 20d xLine,Diesel,Automatic,80000,1995.0,5,1st Owner,1450000,12,0
Hyundai,Xcent 1.2 CRDi E Plus,Diesel,Manual,50000,1197.0,5,2nd Owner,380000,9,0
Tata,Harrier XZAS Plus Kaziranga Edition AT,Diesel,Automatic,32000,1956.0,5,1st Owner,2100000,5,0
Hyundai,i10 Era 1.1 iTech SE,Petrol,Manual,120000,1086.0,5,2nd Owner,261000,14,0
Land,Rover Discovery 2.0 R-Dynamic HSE,Petrol,Automatic,33000,1998.0,5,1st Owner,11000000,5,0
Mini,3 DOOR Cooper S,Petrol,Automatic,6900,1197.0,5,1st Owner,4200000,7,0
Tata,Harrier XZA Plus Kaziranga Edition AT,Diesel,Automatic,4500,1956.0,5,1st Owner,2250000,4,0
Volvo,S90 D4 Inscription BSIV,Diesel,Automatic,51000,1950.0,5,1st Owner,4200000,8,0
Kia,Seltos GTX Plus AT D,Diesel,Automatic,12000,1493.0,5,1st Owner,1975000,4,0
Maruti,Vitara Brezza ZDi Plus,Diesel,Manual,37000,1248.0,5,1st Owner,950000,8,0
Hyundai,Verna SX Opt Diesel,Diesel,Manual,35000,1582.0,5,1st Owner,1451000,5,0
Maruti,Wagon R VXI Optional,Petrol,Manual,80000,998.0,5,2nd Owner,300000,10,0
Hyundai,Grand i10 Magna,Petrol,Manual,60000,1197.0,5,1st Owner,459999,10,0
Honda,Amaze VX CVT,Petrol,Automatic,10000,1199.0,5,1st Owner,915000,4,0
Maruti,Ignis Zeta AMT,Petrol,Automatic,59385,1197.0,5,1st Owner,550000,7,0
Jaguar,XF 3.0 Litre S Premium Luxury,Diesel,Automatic,51000,2982.0,5,2nd Owner,1700000,14,0
Mahindra,XUV500 AT W6 1.99 mHawk,Diesel,Automatic,74000,2179.0,7,1st Owner,990000,9,0
Tata,Nexon 1.2 Revotron XMA,Petrol,Automatic,29000,1199.0,5,1st Owner,851000,6,0
Jeep,Compass Model S 4X4 Diesel AT,Diesel,Automatic,12200,1956.0,5,1st Owner,2750000,5,0
Hyundai,Grand i10 1.2 Kappa Sportz Option AT,Petrol,Automatic,40000,1197.0,5,3rd Owner,550000,7,0
Hyundai,Verna CRDi 1.6 SX,Diesel,Manual,58000,1582.0,5,1st Owner,951000,8,0
Toyota,Innova Crysta 2.8 ZX AT BSIV,Diesel,Automatic,75000,2755.0,7,2nd Owner,1989999,7,0
Land,Rover Discovery Sport TD4 HSE 7S,Diesel,Automatic,72000,1197.0,5,1st Owner,3550000,8,0
Ford,Aspire 1.2 Ti-VCT Titanium,Petrol,Manual,23400,1198.0,5,1st Owner,550000,9,0
Ford,Aspire 1.2 Ti-VCT Ambiente,Petrol,Manual,59300,1198.0,5,1st Owner,390000,9,0
Hyundai,Creta 1.4 CRDi S,Diesel,Manual,72000,1396.0,5,1st Owner,890000,10,0
Maruti,Swift Dzire LDI,Diesel,Manual,67000,1248.0,5,1st Owner,451000,9,0
Honda,Amaze S CVT i-VTEC,Petrol,Automatic,33500,1199.0,5,1st Owner,725000,8,0
Hyundai,Creta SX Executive,Petrol,Manual,17000,1591.0,5,2nd Owner,1275000,5,0
Volkswagen,Ameo 1.5 TDI Highline AT,Diesel,Automatic,33000,1498.0,5,1st Owner,690000,10,0
Volkswagen,Polo GT TSI,Petrol,Automatic,49000,1198.0,5,1st Owner,675000,11,0
Hyundai,Grand i10 AT Asta,Petrol,Automatic,26000,1197.0,5,1st Owner,565000,11,0
Hyundai,Venue SX Opt iMT,Petrol,Manual,14500,1197.0,5,1st Owner,1000000,6,0
Kia,Seltos GTX Plus AT D,Diesel,Automatic,10000,1493.0,5,1st Owner,1975000,4,0
MG,Hector Plus Sharp DCT,Petrol,Automatic,15001,1451.0,6,1st Owner,1700000,6,0
Skoda,Octavia Elegance 1.8 TSI AT,Petrol,Automatic,55000,1798.0,5,2nd Owner,975000,11,0
Toyota,Corolla Altis G,Petrol,Manual,38000,1798.0,5,1st Owner,650000,13,0
Ford,Endeavour 4x4 XLT,Diesel,Manual,110000,2198.0,7,2nd Owner,400000,21,0
Honda,Amaze S AT i-Vtech,Petrol,Automatic,65413,1199.0,5,1st Owner,475000,13,0
Honda,Jazz Mode,Petrol,Manual,45000,1199.0,5,2nd Owner,280000,17,0
Ford,Figo 1.2P Trend MT,Petrol,Manual,44000,1194.0,5,1st Owner,430000,9,0
Hyundai,Grand i10 1.2 Kappa Magna BSIV,Petrol,Manual,40000,1197.0,5,1st Owner,490000,9,0
Ford,Ecosport 1.5 Petrol Titanium AT,Petrol,Automatic,49000,1498.0,5,1st Owner,651000,10,0
Mahindra,Thar LX 4-Str Hard Top Diesel AT,Diesel,Automatic,19000,2184.0,5,1st Owner,1751000,4,0
Hyundai,i20 Magna Optional 1.4 CRDi,Diesel,Manual,56000,1396.0,5,2nd Owner,391000,13,0
Honda,City 1.5 V MT,Petrol,Manual,65000,1497.0,5,2nd Owner,375000,16,0
Toyota,Etios G,Petrol,Manual,27680,1197.0,5,1st Owner,490000,13,0
Kia,Seltos GTX Plus AT D,Diesel,Automatic,27305,1493.0,5,1st Owner,1825000,5,0
BMW,3 Series 320d,Diesel,Automatic,10793,1995.0,5,1st Owner,3300000,7,0
BMW,X3 xDrive 20d Luxury Line,Diesel,Automatic,12000,1995.0,5,1st Owner,5600000,6,0
MG,Hector Sharp DCT,Petrol,Automatic,44000,1451.0,5,1st Owner,1499000,7,0
Kia,Seltos HTK G,Petrol,Manual,63000,1497.0,5,1st Owner,1199000,6,0
Hyundai,i20 Sportz Plus Diesel,Diesel,Manual,87000,1396.0,5,1st Owner,650000,7,0
Maruti,Alto LXi,Petrol,Manual,61000,796.0,5,1st Owner,190000,16,0
Hyundai,i20 Sportz Option 1.4 CRDi,Diesel,Manual,72000,1396.0,5,1st Owner,625000,10,0
Audi,A4 2.0 TDI Multitronic,Diesel,Automatic,70000,1968.0,5,1st Owner,1651000,11,0
Nissan,Micra Diesel XV,Diesel,Manual,58000,1461.0,5,2nd Owner,225000,14,0
Honda,Jazz Active,Petrol,Manual,90000,1199.0,5,3rd Owner,130000,17,0
Honda,City VX MT,Petrol,Manual,19000,1497.0,5,1st Owner,1250000,4,0
Toyota,Corolla Altis G AT,Petrol,Automatic,72159,1798.0,5,1st Owner,925000,12,0
Ford,Ecosport 1.5 DV5 MT Titanium,Diesel,Manual,78000,1498.0,5,1st Owner,590000,11,0
Ford,Ecosport 1.5 Diesel Titanium BSIV,Diesel,Manual,58000,1498.0,5,1st Owner,690000,8,0
Ford,Ecosport 1.5 Diesel Titanium Plus BSIV,Diesel,Manual,72000,1498.0,5,1st Owner,890000,8,0
Land,Rover Range Rover Evoque 2.0 TD4 SE,Diesel,Automatic,56000,1998.0,5,1st Owner,4250000,8,0
Nissan,Micra Diesel XV,Diesel,Manual,73000,1461.0,5,1st Owner,290000,14,0
Hyundai,Creta 1.6 VTVT S,Petrol,Manual,28840,1591.0,5,1st Owner,890000,10,0
Maruti,Swift Dzire AMT ZXI,Petrol,Automatic,51500,1197.0,5,1st Owner,690000,7,0
Maruti,S-Presso VXI Plus AT 2019-2022,Petrol,Automatic,41370,998.0,5,1st Owner,480000,6,0
Hyundai,Creta 1.6 VTVT S,Petrol,Manual,41266,1591.0,5,1st Owner,875000,10,0
Hyundai,Verna VTVT 1.6 AT SX Option,Petrol,Automatic,31740,1591.0,5,1st Owner,990000,8,0
Maruti,Ciaz VXi Plus,Petrol,Manual,77876,1462.0,5,1st Owner,615000,11,0
Skoda,Kushaq 1.5 TSI Style,Petrol,Manual,9500,1498.0,5,1st Owner,2050000,4,0
Hyundai,Grand i10 1.2 Kappa Sportz Option AT,Petrol,Automatic,28387,1197.0,5,1st Owner,625000,7,0
Mercedes-Benz,M-Class ML 350 CDI,Diesel,Automatic,120000,2987.0,5,2nd Owner,2700000,11,0
Hyundai,Grand i10 Magna,Petrol,Manual,20000,1197.0,5,2nd Owner,450000,9,0
Mercedes-Benz,C-Class Progressive C 220d,Diesel,Automatic,30686,2143.0,5,1st Owner,4250000,6,0
Tata,Indica eV2 DL BSIII,Diesel,Manual,120000,1396.0,5,2nd Owner,100000,13,0
Mahindra,Bolero Power Plus SLE,Diesel,Manual,184000,2523.0,7,2nd Owner,600000,8,0
Honda,City 1.5 S AT,Petrol,Automatic,40000,1497.0,5,1st Owner,400000,17,0
Maruti,Ciaz Delta Diesel,Diesel,Manual,55000,1248.0,5,1st Owner,625000,11,0
Hyundai,Grand i10 1.2 Kappa Sportz Option,Petrol,Manual,38000,1197.0,5,1st Owner,575000,7,0
Audi,Q3 30 TFSI Premium FWD,Petrol,Automatic,40000,1395.0,5,1st Owner,2350000,9,0
Hyundai,Santro GS zipDrive - Euro II,Petrol,Manual,60000,1086.0,5,2nd Owner,135000,20,0
Mahindra,Bolero SLX,Diesel,Manual,110000,2523.0,6,3rd Owner,300000,17,0
Maruti,Swift LDI,Diesel,Manual,143000,1248.0,5,2nd Owner,210000,15,0
Tata,Indica Aqua 1.3 Quadrajet BSIV,Diesel,Manual,110000,1248.0,5,3rd Owner,125000,14,0
Mahindra,KUV 100 mFALCON D75 K4 Plus,Diesel,Manual,58000,1198.0,5,1st Owner,475000,9,0
Honda,City i VTEC SV,Petrol,Manual,65000,1497.0,5,2nd Owner,550000,12,0
Tata,Harrier XZ Plus,Diesel,Manual,50000,1956.0,5,1st Owner,1700000,5,0
Tata,Zest Revotron 1.2 XT,Petrol,Manual,55000,1199.0,5,1st Owner,349000,11,0
Land,Rover Discovery Sport R-Dynamic SE Diesel,Diesel,Automatic,19500,1999.0,5,1st Owner,7000000,5,0
Mahindra,XUV500 AT W10 FWD,Diesel,Automatic,78000,2179.0,7,2nd Owner,925000,10,0
Honda,City V MT,Petrol,Manual,58000,1497.0,5,1st Owner,390000,16,0
Mahindra,XUV500 W10 2WD,Diesel,Manual,91000,2179.0,7,1st Owner,1025000,9,0
Mahindra,XUV500 AT W10 1.99 mHawk,Diesel,Automatic,30000,2179.0,7,1st Owner,1125000,10,0
Maruti,Baleno 1.2 Zeta,Petrol,Manual,44153,1197.0,5,1st Owner,725000,8,0
Mercedes-Benz,C-Class C 250d Avantgarde Edition C,Diesel,Automatic,21000,2143.0,5,1st Owner,3450000,8,0
Kia,Seltos HTX G,Petrol,Manual,19000,1497.0,5,1st Owner,1400000,6,0
Hyundai,Alcazar Signature Diesel AT,Diesel,Automatic,27300,1493.0,6,1st Owner,1950000,5,0
Skoda,Superb Laurin & klement,Petrol,Automatic,31001,1798.0,5,1st Owner,3400000,5,0
Renault,KWID 1.0 RXT,Petrol,Manual,50000,999.0,5,1st Owner,310000,9,0
Maruti,Wagon R LXI BSII,Petrol,Manual,77000,998.0,5,2nd Owner,130000,21,0
Maruti,Swift Dzire AMT VXI,Petrol,Automatic,53000,1197.0,5,1st Owner,650000,8,0
Datsun,RediGO S,Petrol,Manual,20000,799.0,5,1st Owner,275000,9,0
Honda,Brio S Option MT,Petrol,Manual,72000,1199.0,5,1st Owner,350000,13,0
Hyundai,Creta 1.6 VTVT S,Petrol,Manual,26000,1591.0,5,1st Owner,890000,10,0
Honda,Amaze S i-Dtech,Diesel,Manual,66000,1498.0,5,1st Owner,425000,11,0
Jaguar,XF 2.2 Litre Luxury,Diesel,Automatic,69619,2179.0,5,1st Owner,2200000,12,0
Maruti,Alto K10 VXI AMT,Petrol,Automatic,30000,998.0,5,1st Owner,430000,8,0
Maruti,Wagon R LXI Minor,Petrol,Manual,61000,998.0,5,1st Owner,211000,17,0
Renault,Duster 110PS Diesel RxZ AMT,Diesel,Automatic,31000,1461.0,5,1st Owner,975000,8,0
Volkswagen,Polo GT TSI,Petrol,Automatic,66000,1198.0,5,1st Owner,625000,11,0
Land,Rover Discovery Sport R-Dynamic SE,Petrol,Automatic,7700,1997.0,5,1st Owner,7200000,5,0
Mahindra,XUV700 AX3 AT,Petrol,Automatic,9000,1896.0,7,1st Owner,1750000,4,0
Tata,Tigor 1.2 Revotron XT,Petrol,Manual,60000,1199.0,5,2nd Owner,340000,9,0
Skoda,Fabia 1.2 MPI Active,Petrol,Manual,110000,1198.0,5,3rd Owner,110000,17,0
Kia,Seltos HTX Plus AT D,Diesel,Automatic,51001,1493.0,5,1st Owner,1675000,6,0
Jeep,Compass 2.0 Limited Plus AT,Diesel,Automatic,56207,1956.0,5,1st Owner,2100000,6,0
Mercedes-Benz,GLA Class 200 d Sport,Diesel,Automatic,58000,1950.0,5,1st Owner,2690000,7,0
Hyundai,i20 Diesel Sportz,Diesel,Manual,73290,1396.0,5,1st Owner,650000,8,0
Hyundai,Verna 1.6 CRDi S,Diesel,Manual,44283,1582.0,5,1st Owner,790000,9,0
Maruti,Celerio VXI AT,Petrol,Automatic,48000,998.0,5,1st Owner,425000,10,0
Honda,City 1.5 S MT,Petrol,Manual,107500,1497.0,5,3rd Owner,340000,16,0
Maruti,Swift 1.3 LXI,Petrol,Manual,80000,1248.0,5,3rd Owner,99999,19,0
Maruti,SX4 Celebration Petrol,Petrol,Manual,90000,1586.0,5,2nd Owner,200000,17,0
Maruti,Vitara Brezza LXI,Petrol,Manual,10000,1462.0,5,1st Owner,775000,5,0
Maruti,Wagon R LXI BS IV,Petrol,Manual,120000,998.0,5,1st Owner,215000,15,0
Maruti,Wagon R LXI BS IV,Petrol,Manual,120000,998.0,5,1st Owner,237000,15,0
Maruti,Zen LX,Petrol,Manual,90000,993.0,5,3rd Owner,55000,24,0
Mahindra,KUV 100 NXT G80 K2,Petrol,Manual,46000,999.0,5,1st Owner,425000,8,0
Nissan,Sunny XL D,Diesel,Manual,28000,1461.0,5,1st Owner,575000,9,0
Honda,WR-V SV,Petrol,Manual,24000,1199.0,5,1st Owner,825000,6,0
Honda,WR-V i-VTEC S,Petrol,Manual,23000,1199.0,5,1st Owner,690000,8,0
Honda,WR-V i-VTEC VX,Petrol,Manual,24300,1199.0,5,1st Owner,775000,8,0
Honda,WR-V i-VTEC VX,Petrol,Manual,51000,1199.0,5,1st Owner,790000,7,0
Kia,Seltos GTX Plus DCT,Petrol,Automatic,6000,1497.0,5,1st Owner,1490000,6,0
Kia,Seltos GTX Plus DCT,Petrol,Automatic,12600,1497.0,5,1st Owner,1725000,5,0
Jeep,Meridian Limited Opt AT 4x4,Diesel,Automatic,3500,1956.0,5,1st Owner,3700000,4,0
Hyundai,i10 Era,Petrol,Manual,120000,1197.0,5,1st Owner,229999,15,0
Hyundai,Grand i10 Nios Sportz CNG,Cng,Manual,5000,1197.0,5,1st Owner,750000,4,0
Hyundai,Santro Xing GLS,Petrol,Manual,120000,1086.0,7,4th Owner,135000,16,0
Honda,Jazz V CVT,Petrol,Automatic,40000,1199.0,5,1st Owner,695000,8,0
Honda,City i-VTEC V,Petrol,Manual,96000,1497.0,5,1st Owner,785000,8,0
Honda,City 1.5 S MT,Petrol,Manual,67000,1497.0,5,2nd Owner,325000,16,0
Honda,City i-VTEC V,Petrol,Manual,72000,1497.0,5,1st Owner,790000,8,0
Hyundai,i10 Magna,Petrol,Manual,89000,1197.0,5,1st Owner,321000,13,0
Volkswagen,Polo Diesel Trendline 1.2L,Diesel,Manual,64000,1498.0,5,1st Owner,330000,15,0
Maruti,Swift Vdi BSIII,Diesel,Manual,120000,1248.0,5,3rd Owner,200000,16,0
Honda,Jazz 1.2 SV i VTEC,Petrol,Manual,42000,1199.0,5,1st Owner,540000,9,0
Datsun,RediGO T,Petrol,Manual,55000,799.0,5,1st Owner,270000,9,0
Hyundai,Santro Era Executive BSIV,Petrol,Manual,30000,1086.0,5,1st Owner,495000,7,0
Tata,Hexa XTA,Diesel,Automatic,86500,2179.0,5,2nd Owner,1000000,9,0
Honda,CR-V 2.4L 4WD AT,Petrol,Automatic,59000,1997.0,5,1st Owner,1050000,12,0
Hyundai,EON Era Plus,Petrol,Manual,15000,814.0,5,1st Owner,310000,8,0
Mahindra,Scorpio S7 140 BSIV,Diesel,Manual,70000,2179.0,7,1st Owner,1200000,7,0
Volkswagen,Polo ALLSTAR 1.2 MPI,Petrol,Manual,50000,1198.0,5,2nd Owner,600000,9,0
Chevrolet,Cruze LT,Diesel,Manual,110000,1991.0,5,1st Owner,300000,14,0
Tata,Nexon XMA AMT,Petrol,Automatic,13700,1199.0,5,1st Owner,925000,5,0
Maruti,Swift VXI BSIV,Petrol,Manual,25000,1197.0,5,1st Owner,570000,7,0
Ford,Ecosport Sports Diesel,Diesel,Manual,20000,1498.0,5,1st Owner,1100000,5,0
Jaguar,XF 2.2 Litre Luxury,Diesel,Automatic,70000,2179.0,5,2nd Owner,1800000,12,0
Tata,Indica TDI LX,Diesel,Manual,35000,1405.0,5,3rd Owner,100000,13,0
Toyota,Fortuner 4X4 Diesel AT,Diesel,Automatic,26629,2755.0,7,1st Owner,4350000,5,0
Mercedes-Benz,C-Class Progressive C 220d,Diesel,Automatic,20000,2143.0,5,1st Owner,4650000,7,0
Mercedes-Benz,GLC Progressive 220d,Diesel,Automatic,33000,2143.0,5,1st Owner,5395000,7,0
BMW,3 Series Gran Limousine 330Li M Sport First Edition,Petrol,Automatic,25000,1998.0,5,1st Owner,6175000,5,0
Audi,Q3 30 TDI,Diesel,Manual,55291,1968.0,5,1st Owner,2795000,9,0
Mercedes-Benz,C-Class C 220 CDI Avantgarde,Diesel,Automatic,58500,2143.0,5,1st Owner,1650000,13,0
Audi,Q7 45 TDI Quattro Technology,Diesel,Automatic,15000,2967.0,7,1st Owner,7250000,8,0
Renault,Duster 85PS Diesel RxL Option,Diesel,Manual,90000,1461.0,5,1st Owner,650000,12,0
Audi,Q3 35 TDI Quattro Premium,Diesel,Automatic,64000,1968.0,5,2nd Owner,1300000,14,0
Maruti,Zen LXI,Petrol,Manual,132596,993.0,5,2nd Owner,400000,22,0
Maruti,Swift VXI BSIII,Petrol,Manual,99673,1197.0,5,3rd Owner,154000,18,0
Tata,Nexon EV Prime XZ Plus LUX,Electric,Automatic,24374,0.0,5,1st Owner,418000,5,1
Volkswagen,Vento Petrol Highline AT,Petrol,Automatic,69828,1598.0,5,3rd Owner,392000,15,0
Maruti,Baleno 1.2 Alpha,Petrol,Manual,72820,1197.0,5,2nd Owner,594000,10,0
Mercedes-Benz,C-Class Progressive C 220d,Diesel,Automatic,20785,2143.0,5,1st Owner,3724000,7,0
Maruti,Swift Dzire VXI AT Optional,Petrol,Automatic,31172,1197.0,5,2nd Owner,588000,10,0
Hyundai,Grand i10 Sportz,Petrol,Manual,24395,1197.0,5,1st Owner,451999,10,0
MG,Hector Sharp DCT,Petrol,Automatic,11050,1451.0,5,1st Owner,1825000,5,0
Toyota,Innova 2.5 GX (Diesel) 7 Seater BS IV,Diesel,Manual,123394,2494.0,7,2nd Owner,774000,13,0
Maruti,Swift ZDi,Diesel,Manual,105053,1248.0,5,2nd Owner,421000,13,0
Hyundai,i20 Sportz,Petrol,Manual,10283,1197.0,5,1st Owner,844000,5,0
Tata,Harrier XZ Plus Dark Edition,Diesel,Manual,2443,1956.0,5,1st Owner,2199000,4,0
Toyota,Fortuner 2.7 2WD AT,Petrol,Automatic,44000,2694.0,7,2nd Owner,3100000,7,0
Audi,Q5 3.0 TDI Quattro,Diesel,Automatic,68000,2967.0,5,3rd Owner,994999,15,0
Mahindra,Ssangyong Rexton RX7,Diesel,Automatic,72000,1997.0,5,1st Owner,975000,13,0
Hyundai,i10 Magna 1.1L,Petrol,Manual,38000,1197.0,5,1st Owner,225000,15,0
Maruti,Swift Dzire VXI 1.2 BS IV,Petrol,Manual,65000,1197.0,5,1st Owner,650000,7,0
Audi,Q7 45 TDI Quattro Premium Plus,Diesel,Automatic,43000,2967.0,7,2nd Owner,1875000,12,0
Hyundai,i10 Sportz 1.1L,Petrol,Manual,52000,1197.0,5,2nd Owner,425000,12,0
Mahindra,XUV500 W8 FWD,Diesel,Manual,117000,2179.0,7,1st Owner,745000,14,0
Hyundai,Verna 1.6 VTVT SX Option,Petrol,Manual,84000,1591.0,5,1st Owner,825000,10,0
Maruti,Alto 800 LXI,Petrol,Manual,45080,796.0,5,3rd Owner,204000,11,0
Maruti,Eeco 5 Seater AC BSIV,Petrol,Manual,39341,1196.0,5,1st Owner,470000,7,0
Mahindra,Scorpio 2.6 Turbo 7 Str,Diesel,Manual,133000,2179.0,8,1st Owner,330000,19,0
Mahindra,e2o T2,Electric,Automatic,54112,0.0,4,1st Owner,321000,12,1
Hyundai,i20 Sportz Plus BSIV,Petrol,Manual,14824,1197.0,5,1st Owner,819999,6,0
Honda,City i VTEC VX,Petrol,Manual,82500,1497.0,5,1st Owner,925000,9,0
Kia,Seltos HTK Plus G,Petrol,Manual,17922,1497.0,5,1st Owner,1349000,6,0
BMW,X7 xDrive 40i,Petrol,Automatic,13000,2998.0,5,1st Owner,12300000,7,0
Mitsubishi,Pajero Sport 4X4 AT,Diesel,Automatic,85000,2477.0,6,1st Owner,1675000,11,0
Hyundai,Grand i10 AT Asta,Petrol,Automatic,67000,1197.0,5,1st Owner,575000,11,0
Honda,Jazz V CVT,Petrol,Automatic,35000,1199.0,5,1st Owner,745000,8,0
Maruti,Alto 800 LXI,Petrol,Manual,53000,796.0,5,1st Owner,345000,10,0
MG,Hector Hybrid Sharp MT,Petrol,Manual,598,1451.0,5,1st Owner,2075000,4,0
Maruti,Ertiga ZDI Plus,Diesel,Manual,75727,1248.0,7,1st Owner,892000,7,0
Kia,Seltos GTX Plus DCT,Petrol,Automatic,7000,1497.0,5,1st Owner,1889999,6,0
Maruti,Vitara Brezza ZDi Plus Dual Tone,Diesel,Manual,62403,1248.0,5,1st Owner,858000,10,0
Volkswagen,Polo 1.5 TDI Comfortline,Diesel,Manual,44487,1498.0,5,2nd Owner,453000,12,0
Mercedes-Benz,C-Class Progressive C 220d,Diesel,Automatic,24000,2143.0,5,2nd Owner,3900000,6,0
Toyota,Innova Crysta 2.4 ZX AT,Diesel,Automatic,47000,2393.0,7,1st Owner,2850000,6,0
Hyundai,i10 Magna 1.1L,Petrol,Manual,31212,1197.0,5,1st Owner,190000,18,0
Skoda,Superb Laurin & klement,Petrol,Automatic,17776,1798.0,5,1st Owner,3365000,6,0
Hyundai,Verna 1.6 CRDi S,Diesel,Manual,31837,1582.0,5,2nd Owner,658000,11,0
Audi,A3 35 TDI Premium Plus,Diesel,Automatic,39000,1968.0,5,1st Owner,2580000,6,0
Maruti,Alto LXi BSIII,Petrol,Manual,78000,796.0,5,2nd Owner,120000,20,0
Ford,Ecosport 1.5 Petrol Titanium Plus AT BSIV,Petrol,Automatic,31000,1498.0,5,1st Owner,1185000,6,0
Maruti,Swift VDI,Diesel,Manual,115986,1248.0,5,2nd Owner,388000,13,0
Toyota,Etios G SP,Petrol,Manual,73029,1197.0,5,2nd Owner,392000,12,0
Hyundai,Verna 1.6 SX VTVT AT,Petrol,Automatic,25000,1591.0,5,2nd Owner,635000,13,0
Honda,Amaze E i-Dtech,Diesel,Manual,74809,1498.0,5,1st Owner,244000,13,0
Hyundai,i20 1.2 Magna,Petrol,Manual,33560,1197.0,5,1st Owner,272000,15,0
Hyundai,i10 Sportz AT,Petrol,Automatic,40821,1197.0,5,1st Owner,286000,15,0
Mercedes-Benz,C-Class C 220 CDI Celebration Edition,Diesel,Automatic,58000,2143.0,5,2nd Owner,1575000,12,0
Ford,Figo Petrol EXI,Petrol,Manual,75991,1194.0,5,2nd Owner,163000,16,0
Maruti,Swift ZXI ABS,Petrol,Manual,136432,1197.0,5,2nd Owner,178000,18,0
Maruti,Alto LXi BSIII,Petrol,Manual,70229,796.0,5,4th Owner,84778,18,0
Toyota,Innova Crysta 2.8 GX AT 8S BSIV,Diesel,Automatic,83000,2755.0,8,2nd Owner,1725000,10,0
Hyundai,Santro Xing GLS,Petrol,Manual,51915,1086.0,7,1st Owner,111000,18,0
Volkswagen,Polo GT TSI,Petrol,Automatic,63100,1198.0,5,2nd Owner,550000,12,0
Mercedes-Benz,GLE 250d,Diesel,Automatic,54000,2143.0,5,2nd Owner,4800000,9,0
BMW,X1 sDrive20d xLine,Diesel,Automatic,9000,1995.0,5,1st Owner,4550000,5,0
Hyundai,Santro Xing GL Plus,Petrol,Manual,46833,1086.0,5,1st Owner,325000,14,0
Hyundai,Verna 1.6 CRDi EX MT,Diesel,Manual,78744,1582.0,5,2nd Owner,525000,14,0
Maruti,Swift VDI BSIV,Diesel,Manual,79542,1248.0,5,2nd Owner,490000,12,0
Honda,City 1.5 V AT,Petrol,Automatic,96000,1497.0,5,2nd Owner,459999,16,0
Kia,Sonet GTX Plus Turbo iMT,Petrol,Manual,13000,1197.0,5,1st Owner,1325000,5,0
Maruti,Swift VDI BSIV,Diesel,Manual,44521,1248.0,5,1st Owner,380000,16,0
Hyundai,Grand i10 1.2 Kappa Sportz Option AT,Petrol,Automatic,29927,1197.0,5,2nd Owner,547000,9,0
Honda,CR-V 2.0L 2WD AT,Petrol,Automatic,48019,1997.0,5,1st Owner,1975000,9,0
Hyundai,Grand i10 Asta Option,Petrol,Manual,27311,1197.0,5,2nd Owner,675000,9,0
Mahindra,XUV500 W11 Option AWD,Diesel,Manual,14000,2179.0,7,1st Owner,2050000,5,0
Hyundai,i10 Magna 1.2,Petrol,Manual,64640,1197.0,5,1st Owner,315000,17,0
Honda,City i VTEC S,Petrol,Manual,96505,1497.0,5,2nd Owner,499000,14,0
Toyota,Fortuner 2.8 2WD AT BSIV,Diesel,Automatic,90479,2755.0,7,1st Owner,3200000,8,0
Hyundai,Venue S Opt,Petrol,Manual,3500,1197.0,5,1st Owner,965000,4,0
Tata,Nexon 1.2 Revotron XT,Petrol,Manual,42374,1199.0,5,1st Owner,855000,8,0
Maruti,Baleno 1.3 Alpha,Diesel,Manual,45879,1248.0,5,1st Owner,710000,10,0
Maruti,Ciaz VDi Plus SHVS,Diesel,Manual,120000,1248.0,5,2nd Owner,572000,10,0
Hyundai,Grand i10 Asta,Petrol,Manual,89680,1197.0,5,2nd Owner,470000,11,0
BMW,3 Series 320d,Diesel,Automatic,99000,1995.0,5,3rd Owner,1275000,14,0
Maruti,Zen VXI,Petrol,Manual,90000,993.0,5,3rd Owner,110000,28,0
BMW,X5 xDrive 30d Design Pure Experience 5 Seater,Diesel,Automatic,27000,2993.0,5,1st Owner,5975000,8,0
Skoda,Superb Elegance 2.0 TDI CR AT,Diesel,Automatic,79776,1968.0,5,1st Owner,1465000,11,0
Toyota,Land Cruiser Prado TX,Diesel,Automatic,67000,2982.0,5,1st Owner,5400000,15,0
Skoda,Octavia 2.0 TDI MT Style,Diesel,Manual,108000,1968.0,5,1st Owner,1475000,9,0
Volkswagen,Vento 1.5 TDI Highline BSIV,Diesel,Manual,58000,1498.0,5,1st Owner,944999,7,0
Skoda,Octavia 1.8 TSI AT L K,Petrol,Automatic,32067,1798.0,5,1st Owner,2275000,8,0
Toyota,Innova Crysta 2.4 VX MT BSIV,Diesel,Manual,52187,2393.0,7,2nd Owner,1950000,9,0
BMW,5 Series 530d M Sport,Diesel,Automatic,17100,2993.0,5,1st Owner,5875000,7,0
MG,Hector Plus Sharp DCT,Petrol,Automatic,9562,1451.0,6,1st Owner,1939999,5,0
MG,Hector Sharp Diesel MT BSIV,Diesel,Manual,36388,1956.0,5,1st Owner,1810000,7,0
Mercedes-Benz,C-Class C 250 CDI Elegance,Diesel,Automatic,45000,2143.0,5,2nd Owner,975000,15,0
Jeep,Compass 2.0 Sport Plus BSIV,Diesel,Manual,36149,1956.0,5,1st Owner,1775000,7,0
Kia,Seltos GTX Plus,Petrol,Manual,20155,1497.0,5,1st Owner,1695000,6,0
MG,Hector Sharp AT BSIV,Petrol,Automatic,51904,1451.0,5,1st Owner,1675000,7,0
Volkswagen,Polo GT TSI,Petrol,Automatic,54000,1198.0,5,1st Owner,725000,11,0
Kia,Seltos GTX Plus,Petrol,Manual,31727,1497.0,5,2nd Owner,1565000,7,0
Mahindra,XUV500 AT W10 FWD,Diesel,Automatic,73986,2179.0,7,1st Owner,1445000,9,0
Kia,Sonet 1.5 GTX Plus Diesel,Diesel,Manual,7100,1493.0,5,1st Owner,1425000,5,0
Kia,Sonet GTX Plus Turbo iMT,Petrol,Manual,5397,1197.0,5,1st Owner,1395000,5,0
BMW,X3 xDrive 20d Luxury Line,Diesel,Automatic,65000,1995.0,5,1st Owner,4950000,8,0
Hyundai,i20 1.4 Asta Option,Diesel,Manual,90000,1396.0,5,1st Owner,700000,9,0
Maruti,Swift Dzire VXI,Petrol,Manual,80000,1197.0,5,2nd Owner,475000,13,0
Volkswagen,Polo GT TSI,Petrol,Automatic,91000,1198.0,5,2nd Owner,700000,11,0
BMW,7 Series 730Ld Sedan,Diesel,Automatic,69000,2993.0,5,2nd Owner,2375000,16,0
Toyota,Fortuner 4x2 Manual,Diesel,Manual,89000,2755.0,7,2nd Owner,1750000,12,0
Hyundai,Santa Fe 4X4,Diesel,Manual,95254,2199.0,5,1st Owner,825000,13,0
Hyundai,Creta 1.6 VTVT SX Plus,Petrol,Manual,51000,1591.0,5,1st Owner,1050000,10,0
Hyundai,i10 Sportz AT,Petrol,Automatic,62000,1197.0,5,2nd Owner,395000,12,0
Tata,Hexa XT,Diesel,Manual,120000,2179.0,5,1st Owner,1235000,9,0
Tata,Harrier XZA Plus Dark Edition AT 2020-2022,Diesel,Automatic,2000,1956.0,5,1st Owner,2575000,4,0
Volkswagen,Polo Cup Edition Comfortline,Petrol,Manual,46000,1198.0,5,1st Owner,685000,9,0
Maruti,Ertiga SHVS ZDI Plus,Diesel,Manual,65000,1248.0,7,2nd Owner,944999,9,0
Maruti,Alto K10 VXI,Petrol,Manual,22248,998.0,5,1st Owner,425000,9,0
BMW,5 Series 520d Luxury Line,Diesel,Automatic,40000,1995.0,5,1st Owner,4300000,8,0
Honda,City i VTEC S,Petrol,Manual,73000,1497.0,5,1st Owner,575000,13,0
Volkswagen,Polo GT 1.0 TSI,Petrol,Automatic,54000,999.0,5,1st Owner,1145000,5,0
Honda,Civic 1.8 (E) MT,Petrol,Manual,90000,1799.0,5,2nd Owner,260000,20,0
Jeep,Compass Model S DCT,Petrol,Automatic,15000,1368.0,5,1st Owner,2725000,5,0
Kia,Seltos GTX Plus AT D,Diesel,Automatic,30000,1493.0,5,1st Owner,1820000,5,0
Jaguar,XF 2.2 Litre Luxury,Diesel,Automatic,26000,2179.0,5,1st Owner,2795000,10,0
Mahindra,Scorpio SLX 2.6 Turbo 7 Str,Diesel,Manual,155000,2179.0,7,2nd Owner,350000,20,0
Mercedes-Benz,GLA Class 200 Sport,Petrol,Automatic,29366,1991.0,5,1st Owner,3425000,7,0
Volkswagen,Polo 1.2 MPI Highline,Petrol,Manual,28211,1198.0,5,1st Owner,675000,10,0
Kia,Seltos GTX DCT,Petrol,Automatic,40000,1497.0,5,1st Owner,1675000,7,0
BMW,5 Series 520d Luxury Line,Diesel,Automatic,54000,1995.0,5,1st Owner,2450000,11,0
Mahindra,XUV500 W8 2WD,Diesel,Manual,82000,2179.0,7,2nd Owner,1025000,11,0
Hyundai,Verna 1.6 SX VTVT,Petrol,Manual,117000,1591.0,5,1st Owner,465000,15,0
Mahindra,Scorpio S10 8 Seater,Diesel,Manual,111000,2179.0,8,2nd Owner,1125000,11,0
Maruti,Swift Dzire AMT ZDI Plus,Diesel,Automatic,108000,1248.0,5,1st Owner,795000,8,0
Maruti,Omni 8 Seater BSIV,Petrol,Manual,4000,796.0,5,1st Owner,330000,9,0
Toyota,Innova 2.5 V Diesel 7-seater,Diesel,Manual,290000,2494.0,7,3rd Owner,685000,15,0
Ford,Endeavour 3.2 Titanium AT 4X4,Diesel,Automatic,35000,3198.0,7,1st Owner,3590000,7,0
MG,Hector Sharp DCT,Petrol,Automatic,13000,1451.0,5,1st Owner,1795000,6,0
Ford,Freestyle Titanium Petrol BSIV,Petrol,Manual,60000,1194.0,5,1st Owner,490000,8,0
Ford,Ecosport 1.5 Diesel Titanium Plus,Diesel,Manual,90000,1498.0,5,1st Owner,975000,8,0
Mercedes-Benz,GLA Class 200 d Sport,Diesel,Automatic,16975,1950.0,5,2nd Owner,3375000,7,0
Hyundai,Grand i10 Magna Petrol BSIV,Petrol,Manual,11000,1197.0,5,1st Owner,575000,8,0
Skoda,Rapid 1.5 TDI Style BSIV,Diesel,Manual,59000,1498.0,5,1st Owner,985000,8,0
Maruti,Wagon R LXI DUO BSIII,Lpg,Manual,46000,998.0,5,2nd Owner,225000,18,0
Maruti,Alto LXi BSII,Petrol,Manual,80000,796.0,5,3rd Owner,135000,22,0
Hyundai,i20 Petrol Asta Option,Petrol,Manual,25000,1197.0,5,1st Owner,750000,7,0
Hyundai,i20 1.2 Asta,Petrol,Manual,54801,1197.0,5,2nd Owner,725000,8,0
Honda,Accord V6 AT,Petrol,Automatic,75000,1991.0,5,2nd Owner,200000,21,0
Maruti,Vitara Brezza ZDi,Diesel,Manual,130000,1248.0,5,1st Owner,865000,9,0
Hyundai,Accent Executive,Petrol,Manual,71000,998.0,5,2nd Owner,310000,13,0
Honda,CR-V AT With Sun Roof,Petrol,Automatic,70000,1997.0,5,1st Owner,1000000,16,0
Hyundai,Venue SX iMT,Petrol,Manual,14115,1197.0,5,1st Owner,1044999,7,0
Honda,Amaze VX Petrol BSIV,Petrol,Manual,30000,1199.0,5,2nd Owner,750000,7,0
BMW,X3 xDrive20d xLine,Diesel,Automatic,63170,1995.0,5,1st Owner,3995000,9,0
Toyota,Corolla Executive (HE),Petrol,Manual,80000,1798.0,5,2nd Owner,295000,20,0
Mercedes-Benz,CLA 200 CDI Sport,Diesel,Automatic,47253,2143.0,5,1st Owner,3295000,8,0
Mahindra,Xylo E4,Diesel,Manual,56117,2179.0,5,1st Owner,295000,17,0
Mercedes-Benz,CLA 200 CDI Sport,Diesel,Automatic,14324,2143.0,5,1st Owner,3395000,8,0
Mercedes-Benz,C-Class C 200 CGI,Petrol,Automatic,27600,1991.0,5,1st Owner,3445000,8,0
Skoda,Octavia 1.8 TSI AT Style,Petrol,Automatic,38391,1798.0,5,1st Owner,1948999,8,0
Audi,A4 35 TDI Premium Plus,Diesel,Automatic,49000,1968.0,5,1st Owner,3245000,8,0
Ford,Ecosport 1.5 Diesel Trend Plus BSIV,Diesel,Manual,45000,1498.0,5,1st Owner,775000,9,0
Chevrolet,Cruze LTZ AT,Diesel,Automatic,68000,1086.0,5,2nd Owner,695000,12,0
Maruti,Baleno 1.3 Alpha,Diesel,Manual,67000,1248.0,5,1st Owner,825000,8,0
Hyundai,i20 1.2 Asta,Petrol,Manual,80000,1197.0,5,1st Owner,775000,8,0
Volkswagen,Polo 1.2 MPI Highline,Petrol,Manual,62000,1198.0,5,1st Owner,675000,10,0
Tata,New Safari Dicor VX 4X2,Diesel,Manual,50000,1956.0,7,2nd Owner,250000,17,0
Mahindra,XUV500 W8 2WD,Diesel,Manual,100000,2179.0,7,3rd Owner,695000,14,0
Honda,City GXi,Petrol,Manual,75000,1497.0,5,5th Owner,275000,20,0
Mahindra,XUV500 W6 2WD,Diesel,Manual,120000,2179.0,7,2nd Owner,650000,12,0
Mercedes-Benz,B Class B200 CDI Sport,Diesel,Automatic,37000,1991.0,5,2nd Owner,1745000,10,0
Audi,Q3 35 TDI Quattro Premium Plus,Diesel,Automatic,64000,1968.0,5,1st Owner,3100000,8,0
Toyota,Etios Cross 1.4 GD,Diesel,Manual,79000,1368.0,5,2nd Owner,695000,11,0
Ford,Fiesta 1.4 Duratec ZXI,Petrol,Manual,80000,1368.0,5,1st Owner,180000,19,0
Maruti,Celerio VXI,Petrol,Manual,14000,998.0,5,1st Owner,475000,12,0
Maruti,Celerio ZXI AMT Optional,Petrol,Automatic,28217,998.0,5,2nd Owner,525000,8,0
Maruti,Wagon R LXI,Petrol,Manual,90000,998.0,5,2nd Owner,140000,23,0
Honda,City 1.5 GXI,Petrol,Manual,120000,1497.0,5,2nd Owner,185000,21,0
Volkswagen,Vento 1.0 TSI Highline Plus,Petrol,Manual,26000,999.0,5,1st Owner,1044999,5,0
Mercedes-Benz,GL-Class 350 CDI Blue Efficiency,Diesel,Automatic,100000,2987.0,5,2nd Owner,3000000,13,0
Hyundai,Santro Sportz BSIV,Petrol,Manual,50000,1086.0,5,1st Owner,500000,7,0
Renault,Duster 85PS Diesel RxS,Diesel,Manual,70000,1461.0,5,1st Owner,875000,7,0
Honda,Amaze E i-Vtech,Petrol,Manual,80000,1199.0,5,3rd Owner,362000,10,0
Ford,Figo Petrol EXI,Petrol,Manual,157000,1194.0,5,3rd Owner,180000,16,0
Mahindra,Thar LX 4-Str Hard Top Diesel,Diesel,Manual,15550,2184.0,5,1st Owner,1745000,5,0
Maruti,Ertiga SHVS VDI,Diesel,Manual,80000,1248.0,7,1st Owner,800000,9,0
Mahindra,XUV500 AT W10 FWD,Diesel,Automatic,59432,2179.0,7,1st Owner,1395000,9,0
Skoda,Rapid 1.6 MPI Style BSIV,Petrol,Manual,53047,1591.0,5,1st Owner,1044999,6,0
Volkswagen,Vento 1.6 Highline,Petrol,Manual,46464,1591.0,5,1st Owner,775000,10,0
Maruti,Zen Estilo VXI BSIII,Petrol,Manual,70000,993.0,5,4th Owner,120000,19,0
Renault,Duster 85PS Diesel RxS,Diesel,Manual,23000,1461.0,5,2nd Owner,1075000,7,0
Kia,Carnival Limousine,Diesel,Automatic,30000,2199.0,7,1st Owner,3450000,6,0
Mercedes-Benz,GLC 220d 4MATIC Sport,Diesel,Automatic,22000,2143.0,5,1st Owner,4875000,8,0
Force,Gurkha Xplorer,Diesel,Manual,35000,1582.0,5,2nd Owner,919999,8,0
Hyundai,Creta 1.6 CRDi SX,Diesel,Manual,80000,1582.0,5,1st Owner,1050000,10,0
Honda,Civic 1.8 S AT,Petrol,Automatic,100000,1799.0,5,4th Owner,200000,20,0
Premier,Rio Petrol GLX,Petrol,Manual,95000,2523.0,5,1st Owner,350000,12,0
Mahindra,Jeep CL 500 MDI,Diesel,Manual,100000,1199.0,5,1st Owner,260000,31,0
Chevrolet,Beat LS,Petrol,Manual,50000,1197.0,5,3rd Owner,180000,14,0
Maruti,Ritz VXI,Petrol,Manual,64000,1197.0,5,1st Owner,525000,11,0
Ford,Ecosport 1.5 Petrol Titanium Plus AT,Petrol,Automatic,15509,1498.0,5,2nd Owner,1085000,6,0
Ford,Ecosport 1.5 Diesel Titanium,Diesel,Manual,43203,1498.0,5,2nd Owner,965000,8,0
Hyundai,i10 Era,Petrol,Manual,80000,1197.0,5,1st Owner,266000,19,0
Hyundai,Creta SX Diesel,Diesel,Manual,50000,1582.0,5,1st Owner,1795000,6,0
Maruti,Celerio ZXI AT,Petrol,Automatic,40000,998.0,5,2nd Owner,459999,9,0
Skoda,Rapid 1.5 TDI Ambition BSIV,Diesel,Manual,111000,1498.0,5,1st Owner,994999,6,0
Maruti,Esteem Vxi - BSIII,Petrol,Manual,73000,2982.0,5,2nd Owner,120000,20,0
Toyota,Fortuner 4x2 Manual,Diesel,Manual,220000,2755.0,7,2nd Owner,1675000,12,0
Hyundai,Grand i10 1.2 Kappa Sportz Option,Petrol,Manual,11717,1197.0,5,2nd Owner,535000,9,0
Mercedes-Benz,GLE 250d,Diesel,Automatic,46000,2143.0,5,2nd Owner,5650000,7,0
Hyundai,Grand i10 Nios Sportz,Petrol,Manual,15000,1197.0,5,1st Owner,648000,5,0
Maruti,Ertiga ZDI,Diesel,Manual,110000,1248.0,7,2nd Owner,595000,13,0
Mahindra,XUV500 AT W10 FWD,Diesel,Automatic,66968,2179.0,7,1st Owner,1425000,10,0
Maruti,Swift Dzire VDI,Diesel,Manual,120000,1248.0,5,2nd Owner,500000,11,0
Mahindra,Bolero ZLX,Diesel,Manual,70000,2523.0,7,1st Owner,735000,8,0
Maruti,Swift Dzire AMT ZXI Plus,Petrol,Automatic,47000,1197.0,5,2nd Owner,755000,9,0
Maruti,Swift ZXI ABS,Petrol,Manual,110000,1197.0,5,4th Owner,250000,20,0
Volkswagen,Polo Diesel Highline 1.2L,Diesel,Manual,81000,1498.0,5,2nd Owner,495000,14,0
Honda,City CVT,Petrol,Automatic,70000,1497.0,5,3rd Owner,225000,21,0
Hyundai,Creta SX Executive,Petrol,Manual,12662,1591.0,5,1st Owner,1595000,5,0
Hyundai,Creta 1.6 E Plus,Petrol,Manual,14000,1591.0,5,1st Owner,1025000,8,0
Hyundai,Verna 1.6 SX VTVT,Petrol,Manual,56000,1591.0,5,2nd Owner,575000,12,0
Maruti,Vitara Brezza VDi Option,Diesel,Manual,54000,1248.0,5,1st Owner,996000,7,0
Hyundai,i20 Magna Plus,Petrol,Manual,63000,1197.0,5,1st Owner,775000,6,0
Hyundai,Elantra SX,Petrol,Manual,40000,1999.0,5,2nd Owner,520000,13,0
Maruti,Zen Estilo 1.1 VXI BSIII,Petrol,Manual,60000,1086.0,5,2nd Owner,210000,18,0
Ford,Ecosport 1.5 DV5 MT Titanium,Diesel,Manual,80000,1498.0,5,2nd Owner,600000,13,0
Maruti,Ertiga SHVS VDI,Diesel,Manual,120000,1248.0,7,1st Owner,650000,10,0
Toyota,Urban cruiser Mid,Petrol,Manual,15000,1462.0,5,2nd Owner,585000,4,0
Maruti,Swift Dzire ZXi,Petrol,Manual,295000,1197.0,5,2nd Owner,292000,17,0
Maruti,Baleno 1.3 Alpha,Diesel,Manual,60000,1248.0,5,3rd Owner,650000,9,0
Renault,Scala RxZ AT,Petrol,Automatic,50000,1198.0,5,1st Owner,425000,12,0
Honda,Brio VX,Petrol,Manual,55000,1199.0,5,2nd Owner,445000,12,0
Ford,Ecosport 1.5 Ti VCT AT Titanium,Petrol,Automatic,77000,1498.0,5,2nd Owner,675000,12,0
Hyundai,i20 Sportz 1.2,Petrol,Manual,33389,1197.0,5,1st Owner,533000,11,0
Hyundai,Verna 1.4 VTVT,Petrol,Manual,17526,1396.0,5,1st Owner,536000,12,0
Hyundai,Grand i10 1.2 Kappa Sportz BSIV,Petrol,Manual,15757,1197.0,5,1st Owner,564000,8,0
Hyundai,i10 Sportz,Petrol,Manual,8183,1197.0,5,1st Owner,278000,14,0
Maruti,Baleno 1.2 Zeta,Petrol,Manual,32590,1197.0,5,1st Owner,583000,9,0
Honda,City i VTEC VX,Petrol,Manual,45423,1497.0,5,2nd Owner,699000,10,0
Hyundai,Creta 1.6 VTVT AT SX Plus,Petrol,Automatic,52481,1591.0,5,2nd Owner,900000,10,0
Maruti,Ignis 1.2 Sigma BSIV,Petrol,Manual,22915,1197.0,5,1st Owner,453000,9,0
Maruti,Swift Dzire ZXI,Petrol,Manual,72123,1197.0,5,1st Owner,601000,9,0
Hyundai,i20 1.2 Spotz,Petrol,Manual,37965,1197.0,5,1st Owner,575000,9,0
Hyundai,Grand i10 1.2 Kappa Asta,Petrol,Manual,27651,1197.0,5,1st Owner,530000,8,0
Honda,Jazz 1.2 V i VTEC,Petrol,Manual,92771,1199.0,5,1st Owner,495000,10,0
Hyundai,Verna VTVT 1.6 SX Option,Petrol,Manual,51956,1591.0,5,1st Owner,1027999,8,0
Mahindra,KUV 100 mFALCON G80 K4 Plus 5str,Petrol,Manual,34048,2993.0,5,1st Owner,399000,9,0
BMW,7 Series 730Ld DPE Signature,Diesel,Automatic,47000,2993.0,5,1st Owner,6350000,9,0
Audi,Q3 2.0 TDI,Diesel,Automatic,60000,1968.0,5,3rd Owner,1400000,12,0
Mercedes-Benz,GLC 220d 4MATIC,Diesel,Automatic,43000,2143.0,5,1st Owner,4775000,7,0
Hyundai,Creta 1.6 VTVT E Plus,Petrol,Manual,58596,1591.0,5,1st Owner,811000,9,0
Audi,Q7 45 TDI Quattro Technology,Diesel,Automatic,70000,2967.0,7,1st Owner,4850000,9,0
Maruti,Ciaz ZDi Plus SHVS,Diesel,Manual,69000,1248.0,5,1st Owner,675000,10,0
Hyundai,i10 Magna,Petrol,Manual,50152,1197.0,5,1st Owner,227999,15,0
Renault,Duster 85PS Diesel RxL,Diesel,Manual,62164,1461.0,5,1st Owner,513999,12,0
Hyundai,Creta 1.6 VTVT E Plus,Petrol,Manual,49929,1591.0,5,1st Owner,819999,9,0
Maruti,Ignis 1.2 Alpha BSIV,Petrol,Manual,60393,1197.0,5,1st Owner,491000,9,0
Skoda,Rapid 1.6 MPI AT Elegance Plus,Petrol,Automatic,46281,1591.0,5,1st Owner,588000,10,0
Honda,Jazz 1.2 V i VTEC,Petrol,Manual,53201,1199.0,5,1st Owner,553000,9,0
Toyota,Corolla Altis G MT,Petrol,Manual,80056,1798.0,5,1st Owner,710000,11,0
Hyundai,Grand i10 Sportz,Petrol,Manual,76175,1197.0,5,1st Owner,320000,13,0
Honda,City i VTEC V,Petrol,Manual,51493,1497.0,5,1st Owner,601000,11,0
Maruti,Swift Dzire ZXI,Petrol,Manual,63141,1197.0,5,1st Owner,532000,11,0
Maruti,Baleno 1.3 Alpha,Diesel,Manual,37057,1248.0,5,2nd Owner,651000,9,0
Toyota,Corolla Altis GL MT,Petrol,Manual,60865,1798.0,5,1st Owner,852000,11,0
Mahindra,XUV500 W7 BSIV,Diesel,Manual,45407,2179.0,7,2nd Owner,1110000,8,0
Mahindra,XUV500 W5 BSIV,Diesel,Manual,52652,2179.0,7,1st Owner,1183000,7,0
Mahindra,XUV300 W8 Option Diesel BSIV,Diesel,Manual,42923,1497.0,5,1st Owner,1060000,7,0
Hyundai,Creta 1.6 VTVT SX Plus Dual Tone,Petrol,Manual,56052,1591.0,5,1st Owner,919999,9,0
Hyundai,i20 Active 1.4,Diesel,Manual,42923,1396.0,5,1st Owner,651000,9,0
Hyundai,Verna VTVT 1.6 SX,Petrol,Manual,32733,1591.0,5,2nd Owner,844000,8,0
Hyundai,Santro Xing GL,Petrol,Manual,62207,1086.0,5,1st Owner,211000,13,0
Hyundai,i20 1.2 Asta Option,Petrol,Manual,48352,1197.0,5,2nd Owner,603000,9,0
Honda,Jazz 1.2 V AT i VTEC,Petrol,Automatic,57080,1199.0,5,1st Owner,600000,10,0
Maruti,Ciaz ZXi,Petrol,Manual,43168,1462.0,5,1st Owner,630000,10,0
Maruti,SX4 S Cross DDiS 200 Alpha,Diesel,Manual,69517,1197.0,5,1st Owner,823000,9,0
Maruti,Baleno 1.2 CVT Zeta,Petrol,Automatic,54166,1197.0,5,1st Owner,618000,10,0
Ford,Figo Diesel ZXI,Diesel,Manual,67000,1498.0,5,1st Owner,285000,12,0
Maruti,Swift Dzire VXi AT,Petrol,Automatic,21000,1197.0,5,1st Owner,425000,14,0
Maruti,Wagon R LXI CNG Optional,Cng,Manual,67200,998.0,5,1st Owner,390000,12,0
Maruti,Ciaz ZDi Plus SHVS,Diesel,Manual,69000,1248.0,5,1st Owner,675000,10,0
Maruti,Wagon R AMT VXI,Petrol,Automatic,46000,998.0,5,2nd Owner,425000,11,0
Mercedes-Benz,CLA 200 Sport Edition,Petrol,Automatic,42000,2143.0,5,1st Owner,2089999,10,0
Maruti,Wagon R CNG LXI,Cng,Manual,59000,998.0,5,1st Owner,490000,7,0
Audi,A6 35 TDI,Diesel,Automatic,50000,1968.0,5,1st Owner,2411000,11,0
Mahindra,XUV500 W8 FWD,Diesel,Manual,115000,2179.0,7,1st Owner,490000,14,0
Honda,Civic 1.8 V AT,Petrol,Automatic,68000,1799.0,5,1st Owner,395000,16,0
BMW,3 Series 320i Sedan,Petrol,Automatic,29000,1998.0,5,2nd Owner,770000,14,0
Honda,Jazz V CVT,Petrol,Automatic,68000,1199.0,5,1st Owner,575000,10,0
Honda,Jazz 1.2 V i VTEC,Petrol,Manual,43000,1199.0,5,1st Owner,545000,10,0
Audi,Q3 35 TDI Quattro Premium Plus,Diesel,Automatic,23000,1968.0,5,2nd Owner,3000000,7,0
Hyundai,Accent Executive,Petrol,Manual,68000,998.0,5,1st Owner,185000,17,0
Hyundai,Grand i10 AT Asta,Petrol,Automatic,31000,1197.0,5,1st Owner,540000,10,0
Honda,City 1.5 S MT,Petrol,Manual,60000,1497.0,5,2nd Owner,325000,15,0
Nissan,Sunny XL,Petrol,Manual,59000,1198.0,5,1st Owner,360000,13,0
Chevrolet,Beat LT,Petrol,Manual,61000,999.0,5,1st Owner,245000,12,0
Mercedes-Benz,E-Class E 200 CGI,Petrol,Automatic,52000,1991.0,5,2nd Owner,1500000,13,0
Maruti,Swift Dzire VXI,Petrol,Manual,41000,1197.0,5,1st Owner,585000,10,0
Hyundai,i20 Asta Option 1.2,Petrol,Manual,40008,1197.0,5,1st Owner,495000,12,0
Hyundai,Creta 1.6 SX,Petrol,Manual,38170,1591.0,5,1st Owner,1225000,7,0
Maruti,Ciaz ZDi Plus SHVS,Diesel,Manual,47000,1248.0,5,1st Owner,725000,10,0
Maruti,SX4 S Cross Alpha DDiS 200 SH,Diesel,Manual,42332,1198.0,5,1st Owner,975000,8,0
Nissan,Sunny XE,Petrol,Manual,34000,1198.0,5,1st Owner,285000,14,0
Maruti,Swift VVT VXI,Petrol,Manual,13000,1197.0,5,1st Owner,550000,9,0
Maruti,Ciaz Alpha AT,Petrol,Automatic,10000,1462.0,5,1st Owner,1125000,5,0
Hyundai,i20 1.2 Asta Option with Sunroof,Petrol,Manual,37000,1197.0,5,1st Owner,399000,14,0
Hyundai,Creta 1.6 SX Automatic,Petrol,Automatic,39000,1591.0,5,2nd Owner,1000000,9,0
Hyundai,Creta 1.6 SX Automatic Diesel,Diesel,Automatic,129000,1582.0,5,1st Owner,994999,10,0
Kia,Seltos GTX Plus DCT,Petrol,Automatic,20000,1497.0,5,1st Owner,1921000,5,0
Maruti,Swift VXI,Petrol,Manual,39000,1197.0,5,1st Owner,399000,13,0
Maruti,Wagon R LXI CNG,Cng,Manual,72000,998.0,5,1st Owner,465000,9,0
Hyundai,Creta 1.6 CRDi AT SX Plus,Diesel,Automatic,63000,1582.0,5,1st Owner,1100000,9,0
Toyota,Land Cruiser VX Premium,Diesel,Automatic,90000,1995.0,5,1st Owner,9100000,11,0
BMW,3 Series GT Luxury Line,Diesel,Automatic,66000,1799.0,5,1st Owner,2550000,10,0
Mercedes-Benz,CLA 200 CGI Sport,Petrol,Automatic,27000,2143.0,5,2nd Owner,1950000,10,0
Hyundai,Verna 1.6 VTVT AT SX,Petrol,Automatic,94000,1591.0,5,1st Owner,650000,10,0
Hyundai,Venue S Turbo,Petrol,Manual,26000,1197.0,5,1st Owner,890000,7,0
Hyundai,Venue SX Opt iMT,Petrol,Manual,1199,1197.0,5,1st Owner,1125000,5,0
Mercedes-Benz,GLE 250d,Diesel,Automatic,51000,2143.0,5,2nd Owner,3950000,10,0
Audi,Q7 3.0 TDI Quattro Premium Plus,Diesel,Automatic,83800,2967.0,7,2nd Owner,1975000,13,0
Toyota,Etios Cross 1.4L VD,Diesel,Manual,75000,1364.0,5,1st Owner,545000,10,0
Maruti,Alto K10 2010-2014 VXI,Petrol,Manual,13000,998.0,5,1st Owner,225000,14,0
Maruti,Swift Dzire VXI 1.2 BS IV,Petrol,Manual,43136,1197.0,5,1st Owner,625000,9,0
Land,Rover Range Rover Evoque 2.0 R-Dynamic SE Diesel,Diesel,Automatic,18100,1998.0,5,1st Owner,7000000,6,0
Mercedes-Benz,GLE 250d,Diesel,Automatic,46000,2143.0,5,1st Owner,4250000,10,0
Volkswagen,Polo Petrol Highline 1.2L,Petrol,Manual,32000,1198.0,5,2nd Owner,345000,13,0
BMW,3 Series 320d Sport Line,Diesel,Automatic,50000,1995.0,5,1st Owner,1675000,12,0
Honda,City i VTEC CVT SV,Petrol,Automatic,58000,1497.0,5,1st Owner,735000,10,0
Honda,City VTEC,Petrol,Manual,86108,1497.0,5,1st Owner,158000,20,0
Nissan,Micra XV,Petrol,Manual,55630,1198.0,5,1st Owner,250000,15,0
Chevrolet,Beat LS,Petrol,Manual,63723,1197.0,5,1st Owner,134000,16,0
Volvo,S60 D5 Summum,Diesel,Automatic,33000,998.0,5,2nd Owner,1325000,12,0
Maruti,Wagon R LXI CNG,Cng,Manual,75270,998.0,5,1st Owner,340000,10,0
Hyundai,i20 1.2 Asta,Petrol,Manual,80502,1197.0,5,3rd Owner,264000,15,0
Fiat,Linea 1.4 Emotion,Petrol,Manual,39520,1368.0,5,1st Owner,224000,13,0
Toyota,Camry 2.5 Hybrid,Petrol,Automatic,38000,2494.0,5,1st Owner,1800000,9,0
Mahindra,XUV500 W8 2WD,Diesel,Manual,116509,2179.0,7,2nd Owner,463000,14,0
Audi,A6 3.0 TDI Quattro Technology,Diesel,Automatic,76398,2967.0,5,2nd Owner,1085000,14,0
BMW,3 Series 320d Luxury Line,Diesel,Automatic,36000,1995.0,5,1st Owner,2674000,9,0
Maruti,Ciaz VDi Plus SHVS,Diesel,Manual,64803,1248.0,5,1st Owner,604000,10,0
Hyundai,i20 1.2 Sportz,Petrol,Manual,34453,1197.0,5,1st Owner,252000,16,0
Maruti,Swift Dzire AMT VXI,Petrol,Automatic,17348,1197.0,5,2nd Owner,575000,9,0
Audi,Q5 2.0 TDI Premium Plus,Diesel,Automatic,51000,1968.0,5,2nd Owner,1465000,13,0
Honda,City i VTEC VX Option,Petrol,Manual,58000,1497.0,5,1st Owner,565000,12,0
Tata,Nexon 1.5 Revotorq XM,Diesel,Manual,102732,1493.0,5,1st Owner,600000,8,0
Nissan,Sunny XL CVT,Petrol,Automatic,90592,1198.0,5,1st Owner,400000,13,0
BMW,X1 sDrive 20d xLine,Diesel,Automatic,22000,1995.0,5,1st Owner,4375000,6,0
Tata,Nexon EV Prime XZ Plus,Electric,Automatic,10000,0.0,5,1st Owner,1550000,4,1
BMW,7 Series 730Ld M Sport,Diesel,Automatic,22000,2993.0,5,1st Owner,7250000,9,0
Tata,Zest Revotron 1.2T XMS,Petrol,Manual,65000,1197.0,5,2nd Owner,325000,11,0
Hyundai,Tucson 2.0 e-VGT 2WD AT GL,Diesel,Automatic,59000,1998.0,5,1st Owner,1625000,8,0
Honda,Jazz 1.2 V AT i VTEC Privilege,Petrol,Automatic,42306,1199.0,5,1st Owner,495000,11,0
Maruti,Swift Dzire VXI,Petrol,Manual,26000,1197.0,5,1st Owner,465000,12,0
Maruti,A-Star Vxi,Petrol,Manual,71000,998.0,5,3rd Owner,160000,17,0
Volkswagen,Beetle 2.0,Petrol,Automatic,44000,1968.0,5,1st Owner,1175000,16,0
Land,Rover Discovery Sport Si4 HSE,Petrol,Automatic,11000,1198.0,5,1st Owner,3700000,9,0
Honda,Amaze VX i-Vtech,Petrol,Manual,19062,1199.0,5,1st Owner,470000,11,0
Honda,WR-V i-VTEC VX,Petrol,Manual,28000,1199.0,5,1st Owner,835000,8,0
BMW,X5 xDrive 30d,Diesel,Automatic,78000,2993.0,5,1st Owner,3200000,11,0
Hyundai,Grand i10 Asta,Petrol,Manual,28148,1197.0,5,1st Owner,390000,12,0
Volkswagen,Polo Diesel Highline 1.2L,Diesel,Manual,83634,1498.0,5,1st Owner,398000,13,0
Maruti,Ertiga BSIV ZXI,Petrol,Manual,36845,1462.0,7,1st Owner,711000,10,0
Toyota,Corolla Altis VL AT,Petrol,Automatic,57000,1798.0,5,1st Owner,781000,11,0
Hyundai,Creta 1.6 VTVT SX Plus,Petrol,Manual,43417,1591.0,5,1st Owner,825000,11,0
Honda,Amaze S CVT Petrol BSIV,Petrol,Automatic,4800,1199.0,5,1st Owner,775000,7,0
Maruti,Ritz VXi,Petrol,Manual,58955,1197.0,5,1st Owner,300000,12,0
Mercedes-Benz,E-Class E250 CDI,Diesel,Automatic,30000,2143.0,5,2nd Owner,2025000,11,0
Hyundai,Creta 1.6 VTVT SX Plus,Petrol,Manual,45005,1591.0,5,1st Owner,911000,10,0
Mahindra,TUV 300 T8 AMT,Diesel,Automatic,42032,1498.0,5,2nd Owner,599000,10,0
Honda,Mobilio S i-DTEC,Diesel,Manual,89653,1498.0,7,3rd Owner,436000,12,0
Ford,Endeavour 3.2 Titanium AT 4X4,Diesel,Automatic,67000,3198.0,7,1st Owner,2650000,9,0
Maruti,Ertiga VXI,Petrol,Manual,75765,1462.0,7,2nd Owner,625000,12,0
Honda,CR-V 2.4L 4WD AT,Petrol,Automatic,74007,1997.0,5,1st Owner,1250000,11,0
Mahindra,XUV500 W8 FWD,Diesel,Manual,63457,2179.0,7,2nd Owner,590000,13,0
Hyundai,Verna 1.6 VTVT AT S Option,Petrol,Automatic,57000,1591.0,5,2nd Owner,625000,10,0
Maruti,Ignis 1.2 Delta BSIV,Petrol,Manual,52217,1197.0,5,2nd Owner,375000,9,0
MG,Hector Sharp DCT,Petrol,Automatic,28000,1451.0,5,1st Owner,1595000,7,0
Honda,City 1.5 S AT,Petrol,Automatic,69000,1497.0,5,1st Owner,285000,17,0
Audi,Q7 45 TDI Quattro Technology,Diesel,Automatic,75000,2967.0,7,1st Owner,4650000,10,0
Volkswagen,Polo 1.5 TDI Comfortline,Diesel,Manual,71033,1498.0,5,2nd Owner,393000,12,0
Maruti,Swift Vdi BSIII,Diesel,Manual,92860,1248.0,5,1st Owner,199000,18,0
BMW,3 Series 320d Sport Line,Diesel,Automatic,48000,1995.0,5,1st Owner,1495000,13,0
Audi,Q7 3.0 TDI Quattro Premium Plus,Diesel,Automatic,76000,2967.0,7,1st Owner,2250000,13,0
Tata,Nexon XZA Plus (O) AMT,Petrol,Automatic,26000,1199.0,5,1st Owner,1115000,6,0
Maruti,Ertiga BSIV VXI,Petrol,Manual,23000,1462.0,7,1st Owner,699000,10,0
Honda,City E,Petrol,Manual,77132,1497.0,5,1st Owner,300000,14,0
Skoda,Rapid 1.5 TDI AT Elegance Plus,Diesel,Automatic,52000,1498.0,5,2nd Owner,575000,11,0
Hyundai,Grand i10 Sportz,Petrol,Manual,30000,1197.0,5,1st Owner,475000,10,0
Mahindra,Scorpio S10 7 Seater,Diesel,Manual,58000,2179.0,7,1st Owner,1035000,10,0
Skoda,New Laura L and K AT,Diesel,Automatic,118971,1197.0,5,2nd Owner,135000,18,0
Volkswagen,Vento 1.2 TSI Comfortline AT,Petrol,Automatic,51000,1198.0,5,1st Owner,624000,10,0
Maruti,Esteem VX - BSII,Petrol,Manual,60000,1497.0,5,1st Owner,59000,19,0
Honda,City EXi,Petrol,Manual,103000,1497.0,5,3rd Owner,165000,18,0
Toyota,Etios Liva G,Petrol,Manual,48150,1197.0,5,1st Owner,349000,12,0
BMW,3 Series 320d,Diesel,Automatic,65000,1995.0,5,1st Owner,2050000,9,0
Maruti,Swift 1.3 VXi,Petrol,Manual,78598,1248.0,5,3rd Owner,155000,18,0
Maruti,Swift Dzire VXI,Petrol,Manual,53633,1197.0,5,1st Owner,515000,10,0
Mercedes-Benz,E-Class E 200 CGI Avantgarde,Petrol,Automatic,60000,1991.0,5,1st Owner,1511000,13,0
Honda,City ZX CVT,Petrol,Automatic,6701,1497.0,5,1st Owner,1490000,5,0
Hyundai,Creta 1.6 VTVT SX Plus,Petrol,Manual,36000,1591.0,5,1st Owner,994999,9,0
Toyota,Fortuner 4x2 AT,Diesel,Automatic,63000,2755.0,7,1st Owner,1950000,11,0
Toyota,Corolla Altis 1.8 G CVT,Petrol,Automatic,70000,1798.0,5,1st Owner,1000000,9,0
Volkswagen,Vento Petrol Highline AT,Petrol,Automatic,71760,1598.0,5,1st Owner,273000,16,0
Maruti,Zen Estilo LXI BS IV,Petrol,Manual,41000,993.0,5,1st Owner,145000,18,0
Skoda,Octavia Elegance 2.0 TDI AT,Diesel,Automatic,84612,1968.0,5,1st Owner,913000,12,0
Mercedes-Benz,E-Class E250 CDI Avantgarde,Diesel,Automatic,70000,2143.0,5,1st Owner,1864999,11,0
Maruti,Ciaz VDI SHVS,Diesel,Manual,124183,1248.0,5,1st Owner,593000,9,0
Mahindra,TUV 300 T8,Diesel,Manual,33647,814.0,5,1st Owner,765000,11,0
Maruti,Swift VDI BSIV,Diesel,Manual,96000,1248.0,5,2nd Owner,434999,12,0
Mercedes-Benz,C-Class C 220 CDI Avantgarde,Diesel,Automatic,42000,2143.0,5,1st Owner,2925000,9,0
MG,Hector Sharp DCT,Petrol,Automatic,12800,1451.0,5,1st Owner,1725000,6,0
Hyundai,i10 Magna,Petrol,Manual,72504,1197.0,5,2nd Owner,200999,17,0
Maruti,Wagon R LXI CNG,Cng,Manual,47756,998.0,5,1st Owner,341000,10,0
Toyota,Land Cruiser VX,Diesel,Automatic,21000,1199.0,5,1st Owner,9500000,8,0
Maruti,Celerio VXI,Petrol,Manual,80425,998.0,5,1st Owner,390000,11,0
Maruti,Alto LXi,Petrol,Manual,41643,796.0,5,1st Owner,140000,18,0
Hyundai,Verna 1.6 SX VTVT,Petrol,Manual,37125,1591.0,5,1st Owner,375000,15,0
Honda,City i VTEC V,Petrol,Manual,34511,1497.0,5,2nd Owner,570000,11,0
Hyundai,Verna 1.6 SX VTVT,Petrol,Manual,87013,1591.0,5,3rd Owner,352000,13,0
Honda,City 1.5 S MT,Petrol,Manual,149232,1497.0,5,1st Owner,271000,16,0
Volkswagen,Vento Petrol Highline,Petrol,Manual,82145,1598.0,5,3rd Owner,254000,14,0
Mahindra,Thar AX Opt 4-Str Convert Top Diesel,Diesel,Manual,28000,2184.0,5,1st Owner,1545000,6,0
Toyota,Etios Liva GD,Diesel,Manual,75805,1364.0,5,1st Owner,282000,15,0
Tata,Nexon XZA Plus (O) AMT,Petrol,Automatic,13093,1199.0,5,1st Owner,1215000,4,0
Honda,City i VTEC S,Petrol,Manual,47330,1497.0,5,1st Owner,399000,13,0
Renault,Duster Petrol RXS CVT,Petrol,Automatic,21000,1498.0,5,1st Owner,881000,8,0
Toyota,Fortuner 2.8 2WD AT,Diesel,Automatic,59000,2755.0,7,2nd Owner,2929000,9,0
Honda,Jazz 1.2 VX i VTEC,Petrol,Manual,48230,1199.0,5,1st Owner,550000,9,0
Maruti,Wagon R VXI,Petrol,Manual,69240,998.0,5,1st Owner,315000,13,0
Mahindra,Thar LX 4-Str Convert Top Diesel AT,Diesel,Automatic,18000,2184.0,5,1st Owner,1739999,5,0
Honda,City i VTEC CVT VX,Petrol,Automatic,79000,1497.0,5,1st Owner,595000,12,0
Toyota,Corolla Altis G,Petrol,Manual,109100,1798.0,5,2nd Owner,350000,15,0
Maruti,Ertiga BSIV VXI,Petrol,Manual,33000,1462.0,7,1st Owner,685000,10,0
Hyundai,i20 Asta Opt,Petrol,Manual,900,1197.0,5,1st Owner,1000000,4,0
Hyundai,Creta 1.6 VTVT S,Petrol,Manual,49000,1591.0,5,1st Owner,765000,10,0
Honda,City i VTEC V,Petrol,Manual,55000,1497.0,5,1st Owner,580000,11,0
Maruti,Baleno RS 1.0 Petrol,Petrol,Manual,17700,998.0,5,2nd Owner,636000,9,0
Toyota,prado VX A/T,Petrol,Automatic,90000,1061.0,5,3rd Owner,1350000,19,0
Maruti,Wagon R LXI DUO BSIII,Lpg,Manual,55700,998.0,5,3rd Owner,180000,17,0
Honda,Civic 1.8 V AT,Petrol,Automatic,102000,1799.0,5,2nd Owner,199000,17,0
Honda,City 1.5 V MT,Petrol,Manual,101000,1497.0,5,1st Owner,275000,16,0
BMW,5 Series 520d Luxury Line,Diesel,Automatic,72000,1995.0,5,1st Owner,2200000,11,0
Hyundai,Grand i10 Nios AMT Sportz,Petrol,Automatic,39000,1197.0,5,1st Owner,675000,6,0
Maruti,Wagon R CNG LXI,Cng,Manual,72000,998.0,5,1st Owner,385000,11,0
Maruti,Swift Dzire VXi,Petrol,Manual,91717,1197.0,5,2nd Owner,190000,17,0
Maruti,Wagon R VXI 1.2,Petrol,Manual,60000,1197.0,5,1st Owner,331000,11,0
Maruti,Swift VXI,Petrol,Manual,61828,1197.0,5,1st Owner,317000,13,0
Maruti,Wagon R LXI BS IV,Petrol,Manual,98554,998.0,5,1st Owner,238000,14,0
Maruti,Ertiga ZXI,Petrol,Manual,112696,1462.0,7,2nd Owner,462000,13,0
Audi,A3 35 TDI Premium,Diesel,Automatic,11000,1968.0,5,1st Owner,2950000,9,0
Hyundai,Santro Xing GL,Petrol,Manual,80000,1086.0,5,2nd Owner,90000,18,0
BMW,7 Series 730Ld,Diesel,Automatic,9329,2993.0,5,1st Owner,2418000,13,0
Skoda,Rapid 1.5 TDI Style BSIV,Diesel,Manual,64419,1498.0,5,1st Owner,666000,9,0
Mercedes-Benz,M-Class ML 350 4Matic,Diesel,Automatic,68000,2987.0,5,1st Owner,2674000,13,0
Maruti,Swift Dzire VDI,Diesel,Manual,91892,1248.0,5,1st Owner,563000,10,0
Hyundai,i20 Asta 1.2,Petrol,Manual,50827,1197.0,5,2nd Owner,479000,11,0
Maruti,Baleno 1.2 Alpha,Petrol,Manual,69167,1197.0,5,1st Owner,553000,11,0
BMW,5 Series 520d Luxury Line,Diesel,Automatic,7000,1995.0,5,1st Owner,6575000,5,0
Maruti,Wagon R LXI CNG,Cng,Manual,25000,998.0,5,2nd Owner,400000,8,0
Chevrolet,Spark 1.0 LT,Petrol,Manual,84489,999.0,5,3rd Owner,99205,15,0
Kia,Seltos HTE D,Diesel,Manual,35343,1493.0,5,1st Owner,1182000,5,0
BMW,5 Series 520d Modern Line,Diesel,Automatic,41000,1995.0,5,1st Owner,2950000,9,0
Maruti,Wagon R VXI BS IV,Petrol,Manual,100527,998.0,5,1st Owner,236000,14,0
Tata,Nexon EV Prime XZ Plus,Electric,Automatic,54239,0.0,5,1st Owner,367000,6,1
Renault,KWID RXT Optional,Petrol,Manual,26457,799.0,5,3rd Owner,313000,8,0
Audi,Q7 3.0 TDI Quattro Premium Plus,Diesel,Automatic,97000,2967.0,7,2nd Owner,2174000,12,0
Maruti,Ertiga VXI CNG,Cng,Manual,67231,1462.0,7,1st Owner,486000,12,0
Maruti,Wagon R LXI Minor Duo LPG,Lpg,Manual,74228,998.0,5,1st Owner,121000,18,0
Maruti,Celerio VXI CNG Optional BSIV,Cng,Manual,55362,998.0,5,1st Owner,451000,9,0
Hyundai,Creta 1.6 CRDi AT SX Plus,Diesel,Automatic,58000,1582.0,5,1st Owner,941000,11,0
Hyundai,i10 Magna AT,Petrol,Automatic,80896,1197.0,5,3rd Owner,179000,16,0
Mahindra,Thar LX 4-Str Hard Top Diesel,Diesel,Manual,36398,2184.0,5,1st Owner,1775000,5,0
Maruti,Wagon R LXI CNG,Cng,Manual,50227,998.0,5,1st Owner,375000,12,0
Toyota,Fortuner Legender 4x4 AT,Diesel,Automatic,31000,2755.0,7,1st Owner,4445000,5,0
Maruti,Baleno 1.2 Alpha,Petrol,Manual,17359,1197.0,5,1st Owner,695000,10,0
Skoda,Slavia 1.0 TSI Ambition,Petrol,Manual,2263,999.0,5,1st Owner,1270000,4,0
Honda,City i VTEC CVT VX,Petrol,Automatic,81437,1497.0,5,1st Owner,665000,12,0
Jaguar,XF 2.2 Litre Luxury,Diesel,Automatic,34000,2179.0,5,1st Owner,2474000,10,0
Mercedes-Benz,E-Class E250 CDI Avantgrade,Diesel,Automatic,80228,2143.0,5,2nd Owner,1925000,12,0
Honda,City i DTec V,Diesel,Manual,65911,1498.0,5,1st Owner,715000,10,0
Hyundai,i20 Petrol CVT Asta,Petrol,Automatic,39898,1197.0,5,1st Owner,795000,8,0
Audi,S5 3.0 TFSIq Tiptronic,Petrol,Automatic,11000,2967.0,5,1st Owner,6500000,8,0
Mahindra,Bolero B4,Diesel,Manual,25000,2523.0,7,1st Owner,800000,6,0
Maruti,Swift VXI,Petrol,Manual,10218,1197.0,5,1st Owner,675000,7,0
Honda,City 1.5 S AT,Petrol,Automatic,88119,1497.0,5,2nd Owner,305000,17,0
Audi,A6 35 TDI,Diesel,Automatic,64000,1968.0,5,2nd Owner,2185000,9,0
Maruti,Vitara Brezza ZXI Plus,Petrol,Manual,14572,1462.0,5,1st Owner,1008000,5,0
Nissan,Sunny Diesel XL,Diesel,Manual,66512,1461.0,5,2nd Owner,421000,12,0
Hyundai,Verna 1.6 SX VTVT (O) AT,Petrol,Automatic,66357,1591.0,5,2nd Owner,565000,12,0
Audi,A6 3.0 TDI Quattro Premium Plus,Diesel,Automatic,60000,2967.0,5,3rd Owner,1165000,14,0
Toyota,Innova 2.5 G4 Diesel 8-seater,Diesel,Manual,91865,2494.0,8,1st Owner,566000,15,0
Kia,Seltos HTX Plus D,Diesel,Manual,31409,1493.0,5,1st Owner,1785000,6,0
Maruti,SX4 Vxi BSIV,Petrol,Manual,76247,796.0,5,1st Owner,245000,16,0
Mercedes-Benz,C-Class Progressive C 200,Petrol,Automatic,52000,1991.0,5,1st Owner,1911000,10,0
Honda,City V MT,Petrol,Manual,48267,1497.0,5,1st Owner,361000,15,0
Honda,City i VTEC CVT VX,Petrol,Automatic,31441,1497.0,5,1st Owner,944999,9,0
Hyundai,i20 1.4 CRDi Asta,Diesel,Manual,59564,1396.0,5,1st Owner,365000,15,0
Honda,CR-V 2.4L 4WD AT,Petrol,Automatic,80000,1997.0,5,2nd Owner,840000,12,0
Maruti,SX4 ZXI MT BSIV,Petrol,Manual,65115,1197.0,5,2nd Owner,285000,16,0
Honda,Jazz 1.2 SV i VTEC,Petrol,Manual,46149,1199.0,5,2nd Owner,465000,11,0
Honda,City V MT,Petrol,Manual,65598,1497.0,5,1st Owner,321000,16,0
Mercedes-Benz,GLC 220d 4MATIC Sport,Diesel,Automatic,72000,2143.0,5,2nd Owner,3575000,8,0
Renault,Duster 110PS Diesel RxL,Diesel,Manual,72350,1461.0,5,1st Owner,565000,12,0
Maruti,Baleno 1.2 Zeta,Petrol,Manual,18959,1197.0,5,1st Owner,725000,8,0
Honda,City V MT,Petrol,Manual,80078,1497.0,5,1st Owner,421000,13,0
Volkswagen,Passat Diesel Highline 2.0 TDI,Diesel,Automatic,58000,1968.0,5,2nd Owner,650000,15,0
Hyundai,Verna 1.6 VTVT S,Petrol,Manual,49613,1591.0,5,1st Owner,649000,9,0
Renault,Duster 85PS Diesel RxS,Diesel,Manual,80002,1461.0,5,1st Owner,830000,7,0
Nissan,Kicks 1.3 Turbo XV,Petrol,Manual,16194,1248.0,5,1st Owner,980000,6,0
Honda,City ZX CVT,Petrol,Automatic,55617,1497.0,5,1st Owner,1235000,6,0
Honda,City i-VTEC VX,Petrol,Manual,38409,1497.0,5,1st Owner,940000,7,0
Honda,Brio VX AT,Petrol,Automatic,68045,1199.0,5,1st Owner,325000,12,0
Maruti,Ciaz Alpha BSIV,Petrol,Manual,7342,1462.0,5,1st Owner,926000,7,0
Honda,City i-VTEC CVT ZX,Petrol,Automatic,27914,1497.0,5,1st Owner,944999,9,0
Hyundai,Venue SX Plus Turbo DCT,Petrol,Automatic,8639,1197.0,5,1st Owner,1260000,5,0
Hyundai,Venue SX Plus Turbo DCT,Petrol,Automatic,11069,1197.0,5,1st Owner,1185000,5,0
Honda,City i-VTEC CVT ZX,Petrol,Automatic,73971,1497.0,5,1st Owner,969000,8,0
Honda,Jazz 1.2 V i VTEC,Petrol,Manual,70379,1199.0,5,1st Owner,515000,9,0
Hyundai,Venue SX Turbo,Petrol,Manual,19108,1197.0,5,1st Owner,999000,5,0
Hyundai,Verna VTVT 1.6 SX,Petrol,Manual,37842,1591.0,5,1st Owner,899000,8,0
Toyota,Innova 2.5 EV Diesel MS 7 Str BSIII,Diesel,Manual,120000,0.0,7,1st Owner,225000,19,0
Mercedes-Benz,GLC 220d 4MATIC,Diesel,Automatic,24000,2143.0,5,1st Owner,5650000,6,0
Jeep,Compass 2.0 Limited 4X4 Opt Diesel AT,Diesel,Automatic,35500,1956.0,5,2nd Owner,2500000,5,0
Mercedes-Benz,GLC 200,Petrol,Automatic,15000,1991.0,5,1st Owner,6100000,5,0
Jaguar,F-Pace 2.0 R-Dynamic S Diesel,Diesel,Automatic,9900,1998.0,5,1st Owner,7400000,5,0
BMW,X4 xDrive30i M Sport Silver Shadow Edition,Petrol,Automatic,7600,1998.0,5,1st Owner,7450000,4,0
Honda,City i-VTEC CVT ZX,Petrol,Automatic,57826,1497.0,5,2nd Owner,890000,9,0
Tata,Nexon 1.5 Revotorq XM,Diesel,Manual,91216,1493.0,5,1st Owner,625000,9,0
Hyundai,Venue SX Turbo,Petrol,Manual,13731,1197.0,5,1st Owner,999000,5,0
Honda,City i-VTEC V,Petrol,Manual,60477,1497.0,5,1st Owner,750000,9,0
Maruti,Swift Dzire AMT ZDI,Diesel,Automatic,105911,1248.0,5,1st Owner,639000,9,0
Hyundai,Verna VTVT 1.6 SX,Petrol,Manual,18072,1591.0,5,2nd Owner,925000,7,0
Hyundai,i20 1.2 Asta,Petrol,Manual,53608,1197.0,5,1st Owner,699000,8,0
Toyota,Glanza G,Petrol,Manual,17790,1197.0,5,1st Owner,799000,5,0
Hyundai,Grand i10 Nios Sportz,Petrol,Manual,24154,1197.0,5,1st Owner,669000,6,0
Renault,KWID RXT,Petrol,Manual,24744,799.0,5,1st Owner,300000,10,0
Hyundai,Grand i10 Nios Magna Corp Edition,Petrol,Manual,38985,1197.0,5,2nd Owner,578000,6,0
Maruti,Ritz VXi,Petrol,Manual,41050,1197.0,5,1st Owner,328000,12,0
Maruti,Alto K10 VXI,Petrol,Manual,61714,998.0,5,1st Owner,368000,9,0
Maruti,Vitara Brezza VXI,Petrol,Manual,20092,1462.0,5,1st Owner,874000,6,0
Nissan,Magnite XV Premium,Petrol,Manual,74811,999.0,5,1st Owner,676000,5,0
Maruti,Ertiga ZXI Plus,Petrol,Manual,8702,1462.0,7,1st Owner,978999,7,0
Honda,Amaze S Petrol BSIV,Petrol,Manual,34039,1199.0,5,1st Owner,610000,7,0
Honda,City i VTEC CVT VX,Petrol,Automatic,98285,1497.0,5,2nd Owner,670000,10,0
Jeep,Compass 2.0 Limited,Diesel,Manual,72000,1956.0,5,1st Owner,1350000,8,0
Hyundai,Grand i10 Magna,Petrol,Manual,50000,1197.0,5,1st Owner,480000,6,0
Audi,Q3 30 TFSI Premium FWD,Petrol,Automatic,120000,1395.0,5,1st Owner,1955000,8,0
Mahindra,XUV500 W7 BSIV,Diesel,Manual,76813,2179.0,7,1st Owner,1074000,8,0
Maruti,Omni E 8 Str STD,Petrol,Manual,80000,796.0,5,2nd Owner,125000,15,0
Toyota,Camry Hybrid 2.5,Petrol,Automatic,20000,2494.0,5,1st Owner,4090000,7,0
Mercedes-Benz,C-Class Progressive C 220d,Diesel,Automatic,24000,2143.0,5,2nd Owner,3900000,6,0
Toyota,Innova Crysta 2.4 G MT,Diesel,Manual,43200,2393.0,7,1st Owner,1889999,9,0
Hyundai,i20 Magna Plus,Petrol,Manual,42000,1197.0,5,1st Owner,650000,6,0
Mercedes-Benz,GLE 250d,Diesel,Automatic,49000,2143.0,5,1st Owner,4400000,9,0
Mahindra,Verito 1.5 D4 BSIII,Diesel,Manual,195000,1493.0,5,1st Owner,180000,13,0
Mahindra,Thar LX 4-Str Convert Top Diesel,Diesel,Manual,12200,2184.0,5,1st Owner,1650000,5,0
Hyundai,Aura SX,Petrol,Manual,23000,1461.0,5,1st Owner,690000,5,0
Mercedes-Benz,E-Class Expression E 220 d BSIV,Diesel,Automatic,17000,2143.0,5,1st Owner,5800000,6,0
Hyundai,Creta 1.6 CRDi SX,Diesel,Manual,70000,1582.0,5,1st Owner,844999,11,0
Hyundai,Creta 1.6 CRDi SX,Diesel,Manual,75000,1582.0,5,2nd Owner,925000,10,0
Maruti,Swift VXI,Petrol,Manual,72521,1197.0,5,1st Owner,610000,8,0
BMW,X3 xDrive 20d Luxury Line,Diesel,Automatic,19000,1995.0,5,1st Owner,6000000,5,0
Hyundai,Venue SX Diesel,Diesel,Manual,37233,1493.0,5,1st Owner,1150000,6,0
Maruti,S-Presso VXI Plus AT 2019-2022,Petrol,Automatic,2682,998.0,5,1st Owner,550000,6,0
Volkswagen,Polo 1.5 TDI Trendline,Diesel,Manual,115000,1498.0,5,1st Owner,409999,10,0
Mercedes-Benz,GLC Coupe 300d 4MATIC,Diesel,Automatic,24900,1199.0,5,1st Owner,7150000,5,0
Hyundai,Verna CRDi 1.6 SX Option,Diesel,Manual,74000,1582.0,5,1st Owner,1095000,7,0
Honda,Amaze S Petrol,Petrol,Manual,25102,1199.0,5,1st Owner,640000,7,0
Tata,Nano Cx,Petrol,Manual,16700,624.0,4,2nd Owner,60000,16,0
Jaguar,XF 2.0 Petrol Prestige,Petrol,Automatic,7500,1998.0,5,1st Owner,4700000,6,0
Mahindra,Bolero Pik Up Extra Long FB 1.3T,Diesel,Manual,60000,2523.0,7,1st Owner,800000,7,0
Toyota,Innova 2.5 EV (Diesel) MS 7 Seater BS IV,Diesel,Manual,113000,0.0,7,1st Owner,550000,15,0
Maruti,Baleno 1.2 Alpha,Petrol,Manual,37800,1197.0,5,1st Owner,650000,8,0
Toyota,Land Cruiser VX,Diesel,Automatic,56000,1199.0,5,1st Owner,15800000,8,0
Hyundai,i20 Sportz 1.4 CRDi,Diesel,Manual,100000,1396.0,5,2nd Owner,300000,14,0
Toyota,Innova Crysta 2.4 ZX 7 STR AT,Diesel,Automatic,250,2393.0,7,1st Owner,3050000,4,0
Maruti,Alto LXi,Petrol,Manual,80000,796.0,5,3rd Owner,151000,16,0
Mercedes-Benz,C-Class C 220d,Diesel,Automatic,4000,2143.0,5,1st Owner,6200000,4,0
Maruti,Baleno Alpha,Petrol,Manual,3731,1197.0,5,1st Owner,840000,5,0
Maruti,XL6 Zeta,Petrol,Manual,4028,1461.0,5,1st Owner,1125000,5,0
Mahindra,TUV 300 T6 Plus,Diesel,Manual,70000,998.0,5,1st Owner,650000,10,0
Mercedes-Benz,S-Class S 350 d,Diesel,Automatic,13000,2987.0,5,2nd Owner,4775000,12,0
Maruti,Alto K10 VXI,Petrol,Manual,65000,998.0,5,1st Owner,330000,7,0
Hyundai,Accent Executive LPG,Lpg,Manual,73000,1248.0,5,2nd Owner,170000,16,0
Maruti,Swift Dzire VDi,Diesel,Manual,77200,1248.0,5,1st Owner,525000,12,0
Mercedes-Benz,GLS 400d 4MATIC,Diesel,Automatic,15000,999.0,7,2nd Owner,11700000,6,0
Audi,A6 2.0 TDI,Diesel,Automatic,120000,1968.0,5,4th Owner,1450000,13,0
Renault,KWID 1.0 AMT RXT,Petrol,Automatic,45200,999.0,5,2nd Owner,300000,10,0
Honda,City V AT,Petrol,Automatic,75200,1497.0,5,1st Owner,425000,13,0
BMW,X5 xDrive 30d xLine,Diesel,Automatic,25000,2993.0,5,1st Owner,8300000,6,0
Maruti,Alto K10 2010-2014 VXI,Petrol,Manual,80000,998.0,5,4th Owner,200000,13,0
Mahindra,XUV500 W8 4WD,Diesel,Manual,160000,2179.0,7,2nd Owner,450000,13,0
Maruti,Swift LXI,Petrol,Manual,65150,1197.0,5,1st Owner,475000,9,0
Audi,Q7 45 TDI Quattro Technology,Diesel,Automatic,65000,2967.0,7,1st Owner,4600000,9,0
Maruti,Swift Dzire VDI,Diesel,Manual,80000,1248.0,5,2nd Owner,459999,12,0
Mahindra,XUV500 W4,Diesel,Manual,50000,2179.0,7,2nd Owner,900000,9,0
Hyundai,Creta 1.6 SX Automatic Diesel,Diesel,Automatic,108000,1582.0,5,2nd Owner,850000,11,0
Mercedes-Benz,GLS 350d Grand Edition,Diesel,Automatic,45000,2987.0,7,2nd Owner,5950000,10,0
Honda,City EXi,Petrol,Manual,139000,1497.0,5,3rd Owner,129000,20,0
Chevrolet,Tavera B1-7 seats BSII,Diesel,Manual,120000,1498.0,7,2nd Owner,290000,15,0
BMW,5 Series 520d Luxury Line,Diesel,Automatic,29000,1995.0,5,1st Owner,4800000,7,0
Honda,Amaze VX CVT Diesel BSIV,Diesel,Automatic,80105,1498.0,5,2nd Owner,450000,10,0
Maruti,Vitara Brezza ZDi Plus,Diesel,Manual,60000,1248.0,5,1st Owner,875000,7,0
Renault,KWID 1.0 RXT,Petrol,Manual,70000,999.0,5,1st Owner,250000,9,0
Mercedes-Benz,GLE 250d,Diesel,Automatic,45000,2143.0,5,1st Owner,5600000,7,0
Hyundai,Xcent 1.2 Kappa AT SX Option,Petrol,Automatic,110000,1197.0,5,1st Owner,375000,12,0
Maruti,Swift Dzire VDi,Diesel,Manual,120000,1248.0,5,2nd Owner,240000,17,0
Maruti,SX4 S Cross DDiS 200 Zeta,Diesel,Manual,72568,995.0,5,1st Owner,725000,9,0
Land,Rover Range Rover 3.0 Petrol LWB Vogue BSIV,Petrol,Automatic,40000,2982.0,5,1st Owner,19200000,7,0
Chevrolet,Spark 1.0 E,Petrol,Manual,81000,999.0,5,1st Owner,105000,17,0
Chevrolet,Sail Hatchback 1.2 LS,Petrol,Manual,30000,1198.0,5,1st Owner,365000,9,0
Maruti,Vitara Brezza ZDi Plus,Diesel,Manual,100000,1248.0,5,2nd Owner,800000,7,0
Volvo,XC60 B5 Inscripition,Petrol,Automatic,7000,1462.0,5,1st Owner,6850000,4,0
Mercedes-Benz,E-Class Exclusive E 220d,Diesel,Automatic,18770,2143.0,5,1st Owner,5600000,8,0
Hyundai,Verna 1.6 CRDI SX Option,Diesel,Manual,85680,1582.0,5,1st Owner,925000,9,0
Honda,City i VTEC V,Petrol,Manual,61548,1497.0,5,1st Owner,725000,10,0
BMW,X1 sDrive 20d xLine,Diesel,Automatic,25000,1995.0,5,1st Owner,3000000,7,0
Maruti,A-Star Vxi,Petrol,Manual,100000,998.0,5,4th Owner,140000,17,0
Maruti,Swift LDI BSIV,Diesel,Manual,80000,1248.0,5,1st Owner,425000,10,0
Hyundai,i20 Magna,Petrol,Manual,5000,1197.0,5,1st Owner,700000,5,0
Maserati,Ghibli Diesel BSIV,Diesel,Automatic,12000,796.0,5,1st Owner,6600000,10,0
Hyundai,i20 1.4 Asta,Diesel,Manual,84250,1396.0,5,2nd Owner,690000,9,0
Mahindra,Scorpio 2.6 SLX CRDe,Diesel,Manual,120000,2179.0,7,3rd Owner,180000,24,0
Hyundai,Venue S,Petrol,Manual,35000,1197.0,5,1st Owner,800000,6,0
Mercedes-Benz,C-Class C 220 CDI Avantgarde,Diesel,Automatic,37000,2143.0,5,2nd Owner,2150000,11,0
Hyundai,i20 Sportz Option 1.2,Petrol,Manual,72000,1197.0,5,1st Owner,565000,10,0
Maruti,SX4 S Cross Zeta DDiS 200 SH,Diesel,Manual,72000,1197.0,5,1st Owner,844999,7,0
Skoda,Rapid 1.5 TDI Ambition,Diesel,Manual,80250,1498.0,5,2nd Owner,450000,12,0
Porsche,Cayenne Diesel Platinum Edition,Diesel,Automatic,50000,1197.0,5,1st Owner,5800000,10,0
Hyundai,i20 Asta 1.4 CRDi,Diesel,Manual,75000,1396.0,5,1st Owner,520000,10,0
Maruti,Baleno Alpha CVT,Petrol,Automatic,48763,1197.0,5,1st Owner,700000,8,0
Honda,City i DTec S,Diesel,Manual,34142,1498.0,5,1st Owner,725000,10,0
Mercedes-Benz,E-Class Exclusive E 200,Petrol,Automatic,8900,1991.0,5,1st Owner,6700000,5,0
Honda,WR-V i-VTEC S,Petrol,Manual,25000,1199.0,5,1st Owner,675000,7,0
Renault,Triber RXZ,Petrol,Manual,25000,999.0,7,1st Owner,700000,5,0
Maruti,Ertiga VXI,Petrol,Manual,70000,1462.0,7,2nd Owner,770000,7,0
Mercedes-Benz,C-Class Progressive C 200,Petrol,Automatic,28000,1991.0,5,1st Owner,4250000,7,0
Tata,Altroz XT,Petrol,Manual,21000,1199.0,5,1st Owner,650000,6,0
Hyundai,i20 Magna,Petrol,Manual,40000,1197.0,5,1st Owner,570000,6,0
Maruti,Wagon R LXI BS IV,Petrol,Manual,40000,998.0,5,1st Owner,315000,12,0
BMW,5 Series 525d Luxury Line,Diesel,Automatic,65500,1388.0,5,1st Owner,2575000,11,0
Tata,Safari Storme EX,Diesel,Manual,90000,1956.0,7,1st Owner,580000,12,0
Ford,Fiesta 1.4 ZXi Duratec,Petrol,Manual,179000,1368.0,5,2nd Owner,150000,17,0
Mahindra,Bolero EX NON AC,Diesel,Manual,40000,2523.0,7,1st Owner,509999,10,0
Toyota,Land Cruiser VX,Diesel,Automatic,27000,1199.0,5,1st Owner,16900000,7,0
Hyundai,i20 Sportz 1.2,Petrol,Manual,70000,1197.0,5,3rd Owner,525000,10,0
Maruti,Alto LX,Petrol,Manual,60000,796.0,5,2nd Owner,65000,21,0
Volkswagen,Vento Magnific 1.6 Highline,Petrol,Manual,40000,1591.0,5,1st Owner,499000,11,0
BMW,X1 sDrive20i xLine,Petrol,Automatic,10000,1995.0,5,1st Owner,4000000,5,0
Maruti,Ertiga VXI,Petrol,Manual,40000,1462.0,7,2nd Owner,595000,11,0
Maruti,Zen Estilo 1.1 LX BSIII,Petrol,Manual,29081,1086.0,5,3rd Owner,89000,20,0
Hyundai,Xcent 1.2 VTVT S,Petrol,Manual,30000,1197.0,5,1st Owner,536000,8,0
Tata,Hexa XT,Diesel,Manual,66000,2179.0,5,1st Owner,1095000,9,0
Audi,Q5 2.0 TFSI Quattro,Petrol,Automatic,80000,1968.0,5,2nd Owner,1200000,14,0
Maruti,Swift Dzire VXI,Petrol,Manual,6200,1197.0,5,1st Owner,720000,4,0
Maruti,Super Carry STD,Petrol,Manual,20000,796.0,5,2nd Owner,470000,5,0
Mini,3 DOOR John Cooper Works 2019-2020,Petrol,Automatic,40000,1197.0,5,2nd Owner,3450000,9,0
Maruti,800 Std MPFi,Petrol,Manual,80000,796.0,5,2nd Owner,65000,23,0
Maruti,Baleno Delta,Petrol,Manual,20000,1197.0,5,1st Owner,650000,6,0
Chevrolet,Optra 1.6,Petrol,Manual,60000,1591.0,5,3rd Owner,150000,20,0
Volvo,XC60 D5 Inscription,Diesel,Automatic,34000,1968.0,5,1st Owner,5450000,7,0
Maruti,800 DX 5 Speed,Petrol,Manual,30000,796.0,5,1st Owner,55000,24,0
Mahindra,Scorpio S5 BSIV,Diesel,Manual,120000,2179.0,7,1st Owner,1150000,7,0
Maruti,800 Std,Petrol,Manual,50000,796.0,5,4th Owner,45000,26,0
Land,Rover Discovery Sport TD4 HSE 7S,Diesel,Automatic,38000,1197.0,5,1st Owner,4875000,6,0
Maruti,Swift VXI with ABS,Petrol,Manual,85000,1197.0,5,2nd Owner,125000,20,0
Honda,Civic ZX,Petrol,Automatic,25000,1799.0,5,1st Owner,1700000,7,0
Maruti,Zen Estilo VXI BSIII,Petrol,Manual,120000,993.0,5,2nd Owner,95000,19,0
Mercedes-Benz,S-Class S 350d,Diesel,Automatic,1400,2987.0,5,1st Owner,17700000,4,0
Honda,BR-V i-DTEC E MT,Diesel,Manual,65500,1498.0,7,1st Owner,650000,9,0
Chevrolet,Tavera B2 8 Seats BSIII,Diesel,Manual,380000,998.0,8,4th Owner,170000,18,0
Renault,Lodgy Stepway Edition 8 Seater,Diesel,Manual,50000,993.0,7,2nd Owner,700000,10,0
Maruti,S-Presso VXI Plus 2019-2022,Petrol,Manual,40000,796.0,5,1st Owner,390000,7,0
Maruti,Zen LXI,Petrol,Manual,100000,993.0,5,2nd Owner,39000,26,0
Maruti,Alto 800 tour H1 (O),Petrol,Manual,5000,796.0,5,1st Owner,378000,5,0
Hyundai,i20 Sportz 1.4 CRDi,Diesel,Manual,90000,1396.0,5,1st Owner,550000,10,0
Mahindra,Marshal DI,Diesel,Manual,100000,2179.0,5,1st Owner,490000,22,0
Maruti,Alto K10 VXI,Petrol,Manual,50000,998.0,5,3rd Owner,290000,8,0
Mahindra,Scorpio Sle,Diesel,Manual,110000,2179.0,7,4th Owner,350000,16,0
Mahindra,Scorpio VLS AT 2.2 mHAWK,Diesel,Automatic,120000,2179.0,7,2nd Owner,480000,14,0
Renault,Duster 85PS Diesel RxL,Diesel,Manual,116000,1461.0,5,1st Owner,475000,11,0
Maruti,Wagon R AMT VXI,Petrol,Automatic,25000,998.0,5,1st Owner,426000,9,0
Skoda,Octavia 2.0 TDI AT Style Plus,Diesel,Automatic,75000,1968.0,5,2nd Owner,1400000,9,0
Mahindra,Bolero SLX 2WD BSIII,Diesel,Manual,120000,2523.0,7,4th Owner,400000,13,0
Ford,Ikon 1.3 CLXi,Petrol,Manual,70000,1248.0,5,2nd Owner,120000,22,0
Maruti,Wagon R LXI Minor,Petrol,Manual,90000,998.0,5,1st Owner,160000,17,0
Maruti,Alto LX BSIII,Petrol,Manual,120000,796.0,5,4th Owner,100000,16,0
Renault,KWID RXT,Petrol,Manual,25000,799.0,5,1st Owner,430000,6,0
Honda,City 1.5 EXI,Petrol,Manual,263000,1497.0,5,1st Owner,175000,22,0
Maruti,Eeco 7 Seater Standard BSIV,Petrol,Manual,110000,1196.0,5,1st Owner,270000,9,0
Maruti,Wagon R VXI Optional,Petrol,Manual,10000,998.0,5,3rd Owner,400000,8,0
Maruti,Wagon R LX Minor Duo LPG,Lpg,Manual,137535,998.0,5,1st Owner,100000,19,0
Maruti,Swift VDI Optional,Diesel,Manual,90000,1248.0,5,2nd Owner,370000,11,0
Maruti,Eeco CNG 5 Seater AC,Cng,Manual,35000,1196.0,5,1st Owner,403000,5,0
Jeep,Compass 2.0 Limited,Diesel,Manual,40000,1956.0,5,1st Owner,1600000,7,0
Maruti,Eeco 5 Seater STD 2020-2022,Petrol,Manual,39000,1196.0,5,1st Owner,520000,6,0
Hyundai,Creta 1.6 SX Automatic Diesel,Diesel,Automatic,73200,1582.0,5,1st Owner,1590000,8,0
Hyundai,Verna 1.6 CRDi SX,Diesel,Manual,88500,1582.0,5,1st Owner,990000,9,0
Maruti,Alto K10 VXI,Petrol,Manual,49000,998.0,5,1st Owner,360000,8,0
Hyundai,i20 Asta Option,Petrol,Manual,45000,1197.0,5,1st Owner,740000,8,0
Honda,City GXi,Petrol,Manual,114862,1497.0,5,1st Owner,181000,18,0
Honda,City i DTEC V,Diesel,Manual,147947,1498.0,5,1st Owner,950000,11,0
Honda,Amaze VX CVT,Petrol,Automatic,4391,1199.0,5,1st Owner,947000,4,0
Maruti,Wagon R LXI Minor Duo LPG,Lpg,Manual,115549,998.0,5,1st Owner,63803,19,0
Honda,Amaze SX i-VTEC,Petrol,Manual,38738,1199.0,5,1st Owner,445000,10,0
Maruti,SX4 S Cross DDiS 320 Delta,Diesel,Manual,85762,1497.0,5,1st Owner,635000,11,0
Toyota,Urban cruiser Mid,Petrol,Manual,27987,1462.0,5,1st Owner,782000,4,0
Honda,City 1.5 V MT,Petrol,Manual,141918,1497.0,5,1st Owner,302000,16,0
Maruti,Baleno Zeta,Petrol,Manual,39558,1197.0,5,1st Owner,723000,5,0
Hyundai,Grand i10 CRDi Asta Option,Diesel,Manual,68456,1120.0,5,2nd Owner,344000,13,0
Maruti,Swift VDI,Diesel,Manual,86000,1248.0,5,1st Owner,340000,15,0
Maruti,S-Presso VXI Plus 2019-2022,Petrol,Manual,29782,796.0,5,1st Owner,440000,5,0
Maruti,Alto LX,Petrol,Manual,95046,796.0,5,2nd Owner,114999,15,0
Maruti,Ciaz ZDi Plus SHVS,Diesel,Manual,133053,1248.0,5,1st Owner,496000,10,0
Mahindra,Scorpio VLX 2WD AT BSIV,Diesel,Automatic,151537,2179.0,8,2nd Owner,462000,13,0
Honda,Amaze S i-VTEC,Petrol,Manual,91437,1199.0,5,1st Owner,440000,9,0
Maruti,Omni E MPI STD BSIV,Petrol,Manual,11615,796.0,5,1st Owner,178000,11,0
Mercedes-Benz,E-Class E250 CDI Avantgarde,Diesel,Automatic,85471,2143.0,5,2nd Owner,1121000,14,0
Hyundai,i20 Sportz 1.2,Petrol,Manual,82591,1197.0,5,1st Owner,340000,13,0
Hyundai,i20 1.4 Asta Option,Diesel,Manual,73000,1396.0,5,1st Owner,725000,9,0
Renault,Duster 110PS Diesel RxZ Plus,Diesel,Manual,68000,1461.0,5,1st Owner,421000,14,0
Hyundai,Accent Executive LPG,Lpg,Manual,73592,1248.0,5,2nd Owner,128000,16,0
Honda,City 1.5 S MT,Petrol,Manual,114361,1497.0,5,5th Owner,248000,17,0
Maruti,Ciaz ZDi,Diesel,Manual,84193,1248.0,5,2nd Owner,516000,12,0
Volkswagen,Ameo 1.2 MPI Highline Plus,Petrol,Manual,57000,1198.0,5,2nd Owner,525000,9,0
Honda,City i VTEC VX,Petrol,Manual,48727,1497.0,5,1st Owner,593000,12,0
Maruti,Brezza Zxi,Petrol,Manual,6510,1462.0,5,1st Owner,1043000,4,0
Honda,Amaze S Petrol,Petrol,Manual,33088,1199.0,5,1st Owner,665000,5,0
Skoda,Rapid 1.6 TDI Elegance,Diesel,Manual,151434,1582.0,5,3rd Owner,245000,15,0
Maruti,Swift Dzire VXI 1.2,Petrol,Manual,21166,1197.0,5,1st Owner,547000,9,0
Volkswagen,Vento Diesel Trendline,Diesel,Manual,106647,1498.0,5,2nd Owner,250999,14,0
Hyundai,i10 Sportz 1.1L,Petrol,Manual,37930,1197.0,5,4th Owner,276000,12,0
Hyundai,Grand i10 Magna,Petrol,Manual,128281,1197.0,5,1st Owner,301000,12,0
Toyota,Innova 2.5 VX (Diesel) 8 Seater BS IV,Diesel,Manual,168062,2494.0,7,3rd Owner,469000,16,0
Nissan,Micra XL Option CVT,Petrol,Automatic,13333,1198.0,5,1st Owner,493000,7,0
Mahindra,Xylo D4,Diesel,Manual,151026,2179.0,5,2nd Owner,259000,12,0
Skoda,Superb Elegance 2.0 TDI CR AT,Diesel,Automatic,134521,1968.0,5,2nd Owner,393000,15,0
Skoda,Rapid 1.6 TDI Elegance,Diesel,Manual,132996,1582.0,5,2nd Owner,290000,14,0
BMW,X4 M Sport X xDrive20d,Diesel,Automatic,29000,1995.0,5,1st Owner,5650000,7,0
Honda,City ZX MT,Petrol,Manual,19534,1497.0,5,1st Owner,1292000,6,0
Skoda,Rapid 1.6 MPI Ambition BSIV,Petrol,Manual,88673,1591.0,5,1st Owner,644000,7,0
Hyundai,i20 Asta Opt Turbo DCT,Petrol,Automatic,32272,1197.0,5,1st Owner,1093000,6,0
Volkswagen,Polo 1.2 MPI Trendline,Petrol,Manual,26850,1198.0,5,2nd Owner,433000,9,0
Hyundai,i10 Era 1.1,Petrol,Manual,120426,1086.0,5,4th Owner,98497,17,0
Hyundai,EON Era Plus,Petrol,Manual,21796,814.0,5,1st Owner,246000,11,0
Volkswagen,Vento Diesel Comfortline,Diesel,Manual,118881,1498.0,5,1st Owner,269000,14,0
Toyota,Yaris G BSIV,Petrol,Manual,32039,2179.0,5,2nd Owner,775000,8,0
Maruti,Baleno 1.2 Alpha,Petrol,Manual,124763,1197.0,5,1st Owner,537000,9,0
Mahindra,Scorpio S8 7C Seater,Diesel,Manual,201197,2179.0,7,3rd Owner,695000,11,0
Mahindra,XUV500 W10 2WD,Diesel,Manual,81672,2179.0,7,2nd Owner,851000,11,0
Maruti,Swift Dzire VXI,Petrol,Manual,20248,1197.0,5,1st Owner,732000,5,0
Maruti,Wagon R VXI BS IV,Petrol,Manual,73639,998.0,5,1st Owner,221000,14,0
Maruti,Wagon R VXI BS IV,Petrol,Manual,82028,998.0,5,2nd Owner,155000,16,0
Honda,Amaze S i-Vtech,Petrol,Manual,32375,1199.0,5,4th Owner,387000,10,0
Maruti,Ciaz ZDi Plus,Diesel,Manual,182048,1248.0,5,1st Owner,475000,11,0
Land,Rover Freelander 2 SE,Diesel,Automatic,158108,999.0,5,1st Owner,1328000,12,0
Toyota,Innova Crysta 2.4 G MT 8S BSIV,Diesel,Manual,74176,2393.0,7,1st Owner,1130000,10,0
Skoda,Rapid 1.0 TSI Ambition,Petrol,Manual,17805,999.0,5,2nd Owner,903999,6,0
Maruti,Zen Estilo LXI BS IV,Petrol,Manual,105209,993.0,5,1st Owner,131000,17,0
Maruti,Wagon R LXI Minor Duo LPG,Lpg,Manual,72792,998.0,5,1st Owner,98429,18,0
Maruti,Swift LDI BSIV,Diesel,Manual,93411,1248.0,5,2nd Owner,370000,12,0
Tata,Harrier XZ Dark Edition BSIV,Diesel,Manual,51954,1956.0,5,1st Owner,1452000,7,0
Hyundai,Verna 1.4 EX,Diesel,Manual,199085,1396.0,5,1st Owner,386000,13,0
Maruti,Swift Dzire 1.2 Vxi BSIV,Petrol,Manual,213709,1197.0,5,1st Owner,247000,15,0
Hyundai,Grand i10 CRDi Magna,Diesel,Manual,134698,1120.0,5,1st Owner,265000,13,0
Chevrolet,Beat Diesel PS,Diesel,Manual,82983,624.0,5,1st Owner,107000,14,0
Hyundai,Grand i10 Magna,Petrol,Manual,81678,1197.0,5,1st Owner,296000,13,0
Tata,Nano Twist XT,Petrol,Manual,50789,624.0,4,2nd Owner,86503,12,0
Mahindra,Thar CRDe,Diesel,Manual,46994,2184.0,5,1st Owner,782000,8,0
Honda,City i VTEC VX Option,Petrol,Manual,19528,1497.0,5,1st Owner,729000,10,0
Tata,Hexa XE,Diesel,Manual,68315,2179.0,5,2nd Owner,725000,9,0
Ford,Ecosport 1.5 Petrol Trend BSIV,Petrol,Manual,69720,1498.0,5,1st Owner,582000,9,0
Maruti,SX4 S Cross DDiS 200 Sigma,Diesel,Manual,110655,1396.0,5,1st Owner,515000,10,0
Maruti,Wagon R LXI Minor Duo LPG,Lpg,Manual,87100,998.0,5,2nd Owner,107000,17,0
Hyundai,i20 Sportz 1.4 CRDi,Diesel,Manual,124012,1396.0,5,2nd Owner,319000,13,0
Ford,Figo Diesel ZXI,Diesel,Manual,92251,1498.0,5,2nd Owner,134000,16,0
Ford,Ikon 1.3 Flair,Petrol,Manual,61127,1248.0,5,2nd Owner,80902,18,0
Honda,Mobilio V i-DTEC,Diesel,Manual,141083,1498.0,8,1st Owner,399000,12,0
Maruti,Swift LXI BSIV,Petrol,Manual,61802,1197.0,5,2nd Owner,325000,12,0
Chevrolet,Sail Hatchback 1.3 TCDi,Diesel,Manual,147215,1248.0,5,3rd Owner,231000,11,0
Maruti,Ignis 1.2 Delta BSIV,Petrol,Manual,74295,1197.0,5,1st Owner,443000,9,0
Maruti,Wagon R VXI BS IV,Petrol,Manual,66290,998.0,5,2nd Owner,349000,9,0
Maruti,Vitara Brezza ZDi Plus Dual Tone,Diesel,Manual,92485,1248.0,5,1st Owner,822000,8,0
Maruti,Baleno 1.2 Delta,Petrol,Manual,57563,1197.0,5,1st Owner,536000,8,0
Hyundai,i10 Magna 1.1L,Petrol,Manual,30675,1197.0,5,1st Owner,225000,15,0
Maruti,Swift Dzire VXI,Petrol,Manual,58835,1197.0,5,1st Owner,337000,13,0
Volkswagen,Polo Diesel Comfortline 1.2L,Diesel,Manual,122571,1498.0,5,3rd Owner,258000,13,0
Hyundai,Verna 1.6 SX,Diesel,Manual,116064,1582.0,5,2nd Owner,407000,13,0
Ford,Classic 1.4 Duratorq Titanium,Diesel,Manual,128396,1368.0,5,1st Owner,158000,14,0
Mercedes-Benz,G G63 AMG,Petrol,Automatic,47000,1199.0,5,2nd Owner,15200000,9,0
Porsche,Panamera GTS,Petrol,Automatic,10000,1061.0,5,1st Owner,17500000,7,0
Chevrolet,Beat LT,Petrol,Manual,37275,999.0,5,1st Owner,254999,12,0
Mercedes-Benz,E-Class Exclusive E 220 d BSIV,Diesel,Automatic,44000,2143.0,5,1st Owner,4400000,9,0
Mercedes-Benz,E-Class Exclusive E 220 d BSIV,Diesel,Automatic,39000,2143.0,5,1st Owner,4350000,9,0
Hyundai,Santro Xing XG,Petrol,Manual,97767,1086.0,5,5th Owner,84637,21,0
Mercedes-Benz,GLC 200,Petrol,Automatic,32000,1991.0,5,1st Owner,5650000,6,0
Honda,Amaze S i-VTEC,Petrol,Manual,53931,1199.0,5,1st Owner,500000,8,0
Fiat,Avventura MULTIJET Active,Diesel,Manual,73818,2498.0,5,1st Owner,347000,12,0
Honda,Jazz 1.2 V AT i VTEC,Petrol,Automatic,27200,1199.0,5,1st Owner,690000,9,0
Mahindra,Thar CRDe,Diesel,Manual,46365,2184.0,5,1st Owner,772000,9,0
Maruti,Ciaz Alpha BSIV,Petrol,Manual,82496,1462.0,5,1st Owner,872000,7,0
Renault,Duster 110PS Diesel RxL AMT,Diesel,Automatic,73656,1461.0,5,1st Owner,651000,10,0
Maruti,Ciaz ZDi SHVS,Diesel,Manual,92530,1248.0,5,1st Owner,543000,10,0
Mahindra,TUV 300 mHAWK100 T8,Diesel,Manual,68364,1197.0,5,2nd Owner,658000,9,0
Jeep,Compass 1.4 Sport,Petrol,Manual,30224,1368.0,5,1st Owner,1261000,8,0
Maruti,Baleno 1.2 Alpha,Petrol,Manual,88658,1197.0,5,1st Owner,585000,9,0
Maruti,Vitara Brezza ZXI,Petrol,Manual,26396,1462.0,5,1st Owner,1053000,6,0
Mahindra,Thar CRDe,Diesel,Manual,60020,2184.0,5,1st Owner,746000,9,0
Maruti,Alto K10 2010-2014 VXI,Petrol,Manual,55107,998.0,5,1st Owner,268000,12,0
Maruti,Ciaz Alpha AT,Petrol,Automatic,3925,1462.0,5,1st Owner,1243000,4,0
Maruti,Alto 800 LXI,Petrol,Manual,21949,796.0,5,1st Owner,323000,9,0
Maruti,Swift Dzire VXI,Petrol,Manual,41899,1197.0,5,1st Owner,500000,10,0
BMW,5 Series 520d Luxury Line,Diesel,Automatic,43000,1995.0,5,1st Owner,4600000,7,0
Volvo,XC60 D5 Inscription,Diesel,Automatic,20000,1968.0,5,1st Owner,6100000,5,0
Mercedes-Benz,GLC 220d 4MATIC,Diesel,Automatic,24000,2143.0,5,1st Owner,5650000,6,0
Audi,Q3 35 TDI Quattro Premium Plus,Diesel,Automatic,39356,1968.0,5,1st Owner,1750000,11,0
Mercedes-Benz,S-Class S 350 CDI,Diesel,Automatic,18000,2987.0,5,1st Owner,7150000,9,0
Mercedes-Benz,C-Class 220 CDI AT,Diesel,Automatic,40000,1248.0,5,1st Owner,1375000,13,0
Maruti,Alto K10 VXI,Petrol,Manual,30555,998.0,5,1st Owner,315000,10,0
Maruti,Ciaz VDi Plus SHVS,Diesel,Manual,119878,1248.0,5,1st Owner,478000,11,0
Hyundai,i20 1.2 Magna Opt,Petrol,Manual,84557,1197.0,5,1st Owner,243000,15,0
Maruti,Ciaz VDi Option SHVS,Diesel,Manual,96528,1248.0,5,1st Owner,536000,9,0
Mahindra,XUV500 W10 1.99 mHawk,Diesel,Manual,44081,2179.0,7,1st Owner,1124000,9,0
Renault,Kiger RXT AMT,Petrol,Automatic,6494,999.0,5,1st Owner,775000,5,0
Maruti,Swift VDI BSIV,Diesel,Manual,118631,1248.0,5,1st Owner,340000,12,0
Maruti,Alto K10 VXI,Petrol,Manual,47133,998.0,5,1st Owner,351000,8,0
Honda,Amaze S i-VTEC,Petrol,Manual,94025,1199.0,5,1st Owner,455999,9,0
Hyundai,i20 Magna 1.2,Petrol,Manual,68841,1197.0,5,1st Owner,501999,10,0
Hyundai,Venue SX Plus Turbo DCT BSIV,Petrol,Automatic,31952,1197.0,5,1st Owner,1046000,7,0
Hyundai,Creta 1.6 CRDi SX,Diesel,Manual,66518,1582.0,5,2nd Owner,1130000,7,0
Hyundai,Venue SX Plus Turbo DCT BSIV,Petrol,Automatic,26684,1197.0,5,2nd Owner,1053000,7,0
Hyundai,Creta 1.6 CRDi SX,Diesel,Manual,38280,1582.0,5,1st Owner,790000,11,0
Tata,Tiago 1.2 Revotron XZ,Petrol,Manual,96392,1199.0,5,1st Owner,377000,9,0
Maruti,Swift Dzire 1.2 ZXi BSIV,Petrol,Manual,92613,1197.0,5,1st Owner,286000,15,0
Mahindra,Scorpio S7 120,Diesel,Manual,40011,2179.0,7,1st Owner,1178000,8,0
Honda,City i DTEC VX,Diesel,Manual,98772,1498.0,5,2nd Owner,533000,11,0
Hyundai,i20 Asta 1.4 CRDi,Diesel,Manual,38931,1396.0,5,1st Owner,350000,13,0
Maruti,Swift LDI BSIV,Diesel,Manual,82392,1248.0,5,1st Owner,426999,9,0
Hyundai,i20 1.4 Asta,Diesel,Manual,96805,1396.0,5,1st Owner,572000,9,0
Mahindra,Scorpio S5 BSIV,Diesel,Manual,68307,2179.0,7,1st Owner,998000,8,0
Maruti,Wagon R LXI BS IV,Petrol,Manual,30404,998.0,5,1st Owner,375000,10,0
Maruti,Baleno 1.2 Alpha,Petrol,Manual,36438,1197.0,5,2nd Owner,630000,8,0
Maruti,Swift VDI BSIV,Diesel,Manual,115206,1248.0,5,1st Owner,376000,11,0
Mahindra,XUV500 W6 2WD,Diesel,Manual,104537,2179.0,7,1st Owner,623000,11,0
MG,Hector Sharp DCT,Petrol,Automatic,29827,1451.0,5,2nd Owner,1613000,7,0
Toyota,Innova Crysta 2.8 GX AT BSIV,Diesel,Automatic,55000,2755.0,7,1st Owner,1575000,9,0
Audi,A6 35 TDI,Diesel,Automatic,68000,1968.0,5,1st Owner,2450000,10,0
Ford,Endeavour 3.2 Titanium AT 4X4,Diesel,Automatic,80000,3198.0,7,1st Owner,2875000,8,0
Toyota,Innova Crysta 2.8 GX AT BSIV,Diesel,Automatic,55000,2755.0,7,1st Owner,1945000,7,0
Hyundai,EON Era Plus,Petrol,Manual,67885,814.0,5,1st Owner,229999,13,0
Kia,Seltos HTX IVT G,Petrol,Automatic,28000,1497.0,5,1st Owner,1650000,5,0
Hyundai,EON 1.0 Era Plus,Petrol,Manual,48421,998.0,5,1st Owner,229999,13,0
Maruti,Swift Dzire VXI,Petrol,Manual,49000,1197.0,5,1st Owner,425000,12,0
Hyundai,Verna 1.6 SX,Diesel,Manual,75000,1582.0,5,1st Owner,450000,13,0
BMW,5 Series 520d Sport Line,Diesel,Automatic,55000,1995.0,5,2nd Owner,4050000,8,0
Honda,Amaze S Option i-VTEC,Petrol,Manual,6357,1199.0,5,1st Owner,471000,9,0
Hyundai,Venue SX Opt Executive Diesel,Diesel,Manual,24237,1493.0,5,1st Owner,1024000,4,0
Honda,Amaze E Petrol,Petrol,Manual,10282,1199.0,5,1st Owner,589000,6,0
Toyota,Innova Crysta 2.8 ZX AT BSIV,Diesel,Automatic,111337,2755.0,7,1st Owner,1710000,8,0
Hyundai,Venue SX Opt Diesel BSIV,Diesel,Manual,64104,1493.0,5,1st Owner,982000,7,0
Hyundai,Verna 1.6 CRDi SX,Diesel,Manual,42234,1582.0,5,2nd Owner,560000,10,0
Audi,Q5 30 TDI quattro Premium,Diesel,Automatic,80000,1197.0,5,3rd Owner,1475000,11,0
Maruti,Ignis Sigma,Petrol,Manual,2294,1197.0,5,1st Owner,501999,4,0
Maruti,Baleno Delta,Petrol,Manual,38736,1197.0,5,1st Owner,631000,6,0
Hyundai,i20 Asta 1.4 CRDi,Diesel,Manual,130432,1396.0,5,1st Owner,381000,12,0
Hyundai,Venue SX Opt iMT,Petrol,Manual,10000,1197.0,5,1st Owner,1150000,5,0
Toyota,Fortuner 2.7 2WD AT,Petrol,Automatic,44000,2694.0,7,2nd Owner,3100000,7,0
Audi,Q5 3.0 TDI Quattro,Diesel,Automatic,68000,2967.0,5,3rd Owner,994999,15,0
Hyundai,i10 Magna 1.1L,Petrol,Manual,38000,1197.0,5,1st Owner,225000,15,0
Audi,Q5 3.0 TDI Quattro Technology,Diesel,Automatic,35000,2967.0,5,1st Owner,2100000,11,0
Maruti,Swift Dzire VXI 1.2 BS IV,Petrol,Manual,65000,1197.0,5,1st Owner,650000,7,0
Mahindra,Scorpio S5,Diesel,Manual,12001,2179.0,7,1st Owner,1585000,4,0
Hyundai,Creta 1.6 SX Automatic Diesel,Diesel,Automatic,36000,1582.0,5,2nd Owner,1425000,6,0
Audi,Q7 45 TDI Quattro Premium Plus,Diesel,Automatic,43000,2967.0,7,2nd Owner,1875000,12,0
Volvo,XC60 Inscription D5,Diesel,Automatic,7500,1198.0,5,1st Owner,6000000,6,0
Audi,Q3 2.0 TDI Quattro Premium Plus,Diesel,Automatic,56500,1968.0,5,1st Owner,1300000,12,0
Audi,A6 35 TFSI Matrix,Petrol,Automatic,30000,1395.0,5,1st Owner,3675000,8,0
Hyundai,Verna CRDi 1.6 AT SX Plus,Diesel,Automatic,63500,1582.0,5,1st Owner,1000000,9,0
Mercedes-Benz,C-Class Progressive C 220d,Diesel,Automatic,26500,2143.0,5,1st Owner,4100000,7,0
BMW,X1 xDrive 20d xLine,Diesel,Automatic,38500,1995.0,5,1st Owner,2850000,8,0
Mahindra,XUV500 R W10 FWD,Diesel,Manual,65000,2179.0,7,1st Owner,890000,11,0
Honda,Amaze VX CVT Diesel,Diesel,Automatic,44500,1498.0,5,1st Owner,925000,7,0
Hyundai,i20 Sportz Diesel,Diesel,Manual,15500,1396.0,5,1st Owner,975000,4,0
BMW,X5 xDrive 30d xLine,Diesel,Automatic,20500,2993.0,5,1st Owner,10000000,4,0
Mercedes-Benz,E-Class Expression E 200 BSIV,Petrol,Automatic,65000,1991.0,5,1st Owner,4400000,8,0
BMW,3 Series 320d GT Luxury Line,Diesel,Automatic,64593,1995.0,5,3rd Owner,1850000,12,0
Mercedes-Benz,E-Class E250 CDI Avantgarde,Diesel,Automatic,63203,2143.0,5,2nd Owner,2200000,11,0
Toyota,Fortuner 2.8 2WD AT,Diesel,Automatic,60500,2755.0,7,1st Owner,2900000,9,0
BMW,6 Series GT 620d Luxury Line 2019-2021,Diesel,Automatic,50000,1995.0,5,1st Owner,6050000,6,0
Maruti,Ertiga ZDI,Diesel,Manual,43000,1248.0,7,2nd Owner,600000,12,0
Maruti,Alto 800 LXI,Petrol,Manual,31458,796.0,5,1st Owner,307000,5,0
Mercedes-Benz,GLS 350d 4MATIC,Diesel,Automatic,70000,2987.0,7,2nd Owner,5200000,10,0
Hyundai,Elantra CRDi S,Diesel,Manual,70372,1582.0,5,1st Owner,525000,13,0
Maruti,Wagon R LXI CNG,Cng,Manual,129325,998.0,5,1st Owner,190000,14,0
Tata,Nano Twist XT,Petrol,Manual,59290,624.0,4,4th Owner,85671,11,0
Mercedes-Benz,GLC 200,Petrol,Automatic,15000,1991.0,5,1st Owner,6100000,5,0
BMW,X6 xDrive 40d M Sport,Diesel,Automatic,75000,2143.0,5,2nd Owner,3790000,11,0
Audi,Q5 2.0 TDI Premium Plus,Diesel,Automatic,94002,1968.0,5,2nd Owner,1600000,12,0
Mercedes-Benz,C-Class C 220 CDI Avantgarde,Diesel,Automatic,90004,2143.0,5,3rd Owner,1190000,12,0
Toyota,Camry 2.5 Hybrid,Petrol,Automatic,47000,2494.0,5,1st Owner,2350000,9,0
BMW,X5 xDrive 30d M Sport,Diesel,Automatic,83005,2993.0,5,2nd Owner,2900000,12,0
Ford,Ecosport 1.5 Diesel Titanium,Diesel,Manual,62500,1498.0,5,1st Owner,475000,11,0
Mercedes-Benz,B Class B180 Sports,Petrol,Automatic,67000,1197.0,5,2nd Owner,1290000,13,0
Mercedes-Benz,GLE 250d,Diesel,Automatic,64000,2143.0,5,1st Owner,3650000,10,0
Maruti,Swift ZXI BSIV,Petrol,Manual,39889,1197.0,5,2nd Owner,441000,9,0
Audi,A8 L 50 TDI Quattro Premium Plus,Diesel,Automatic,81250,2967.0,5,1st Owner,4200000,11,0
Jaguar,F-Pace 2.0 R-Dynamic S Diesel,Diesel,Automatic,9900,1998.0,5,1st Owner,7400000,5,0
Ford,Ecosport 1.5 Diesel Titanium Plus,Diesel,Manual,43000,1498.0,5,1st Owner,525000,10,0
MG,Astor Sharp CVT,Petrol,Automatic,2400,1498.0,5,1st Owner,1725000,4,0
BMW,X4 xDrive30i M Sport Silver Shadow Edition,Petrol,Automatic,7600,1998.0,5,1st Owner,7450000,4,0
Jaguar,XJ 3.0L LWB Ultimate,Diesel,Automatic,79004,2982.0,5,2nd Owner,2290000,14,0
Toyota,Corolla Altis VL AT,Petrol,Automatic,99300,1798.0,5,2nd Owner,875000,11,0
Mercedes-Benz,M-Class ML 250 CDI,Diesel,Automatic,80000,2993.0,5,2nd Owner,2190000,12,0
Mercedes-Benz,S-Class S 350 CDI,Diesel,Automatic,40000,2987.0,5,1st Owner,5100000,11,0
Land,Rover Range Rover Vogue SE 4.4 SDV8,Diesel,Automatic,87002,1968.0,5,2nd Owner,3525000,13,0
Audi,Q5 2.0 TDI Premium Plus,Diesel,Automatic,94002,1968.0,5,2nd Owner,1425000,13,0
Audi,A6 2.0 TDI Premium Plus,Diesel,Automatic,82005,1968.0,5,2nd Owner,1425000,13,0
Toyota,Camry Hybrid 2.5,Petrol,Automatic,20000,2494.0,5,1st Owner,4090000,7,0
Land,Rover Range Rover Vogue SE 4.4 SDV8,Diesel,Automatic,95004,1968.0,5,1st Owner,3975000,13,0
BMW,X1 sDrive20i xLine,Petrol,Automatic,68753,1995.0,5,2nd Owner,2810000,7,0
Ford,Ecosport 1.5 DV5 MT Titanium,Diesel,Manual,62500,1498.0,5,1st Owner,475000,11,0
Jeep,Compass 2.0 Sport Plus BSIV,Diesel,Manual,62000,1956.0,5,1st Owner,1575000,7,0
Hyundai,Creta 1.6 CRDi AT S Plus,Diesel,Automatic,85000,1582.0,5,1st Owner,894999,9,0
Honda,WR-V i-DTEC VX,Diesel,Manual,58000,1498.0,5,1st Owner,699000,9,0
Maruti,Baleno 1.3 Zeta,Diesel,Manual,55500,1248.0,5,1st Owner,620000,8,0
Mercedes-Benz,GLE 250d,Diesel,Automatic,49000,2143.0,5,1st Owner,4400000,9,0
Maruti,Baleno 1.3 Zeta,Diesel,Manual,54000,1248.0,5,1st Owner,625000,8,0
Tata,Harrier XM,Diesel,Manual,32500,1956.0,5,1st Owner,1250000,7,0
Tata,Harrier XM,Diesel,Manual,33500,1956.0,5,1st Owner,1260000,7,0
Mercedes-Benz,E-Class Expression E 220 d BSIV,Diesel,Automatic,17000,2143.0,5,1st Owner,5800000,6,0
MG,ZS EV Exclusive,Electric,Automatic,38000,0.0,5,1st Owner,2110000,6,1
Mercedes-Benz,C-Class Progressive C 200,Petrol,Automatic,16500,1991.0,5,1st Owner,3650000,8,0
Mercedes-Benz,E-Class Exclusive E 220d,Diesel,Automatic,2000,2143.0,5,1st Owner,7625000,4,0
Mini,Cooper D,Diesel,Automatic,29000,1197.0,5,2nd Owner,1889999,12,0
Mercedes-Benz,C-Class Progressive C 220d,Diesel,Automatic,24000,2143.0,5,2nd Owner,3900000,6,0
Maruti,Swift LXI,Petrol,Manual,37229,1197.0,5,1st Owner,483000,6,0
BMW,X3 xDrive 20d Luxury Line,Diesel,Automatic,19000,1995.0,5,1st Owner,6000000,5,0
Mahindra,XUV500 W6 2WD,Diesel,Manual,90928,2179.0,7,1st Owner,430999,13,0
Audi,A3 35 TDI Premium Plus,Diesel,Automatic,39000,1968.0,5,1st Owner,2580000,6,0
Maruti,Ertiga VXI CNG,Cng,Manual,44000,1462.0,7,1st Owner,725000,10,0
Mercedes-Benz,C-Class Progressive C 200,Petrol,Automatic,12000,1991.0,5,1st Owner,4990000,5,0
Ford,Figo Diesel Titanium,Diesel,Manual,86483,1498.0,5,3rd Owner,193000,12,0
Honda,City Edge Edition SV,Petrol,Manual,20000,1497.0,5,1st Owner,900000,7,0
Renault,Duster Petrol RxL,Petrol,Manual,49000,1498.0,5,2nd Owner,575000,9,0
Mercedes-Benz,C-Class Progressive C 200,Petrol,Automatic,12000,1991.0,5,1st Owner,4790000,5,0
Toyota,Innova Crysta 2.8 GX AT BSIV,Diesel,Automatic,26000,2755.0,7,1st Owner,1875000,8,0
Toyota,Glanza G,Petrol,Manual,40252,1197.0,5,1st Owner,606000,6,0
Maruti,Swift VDI BSIV,Diesel,Manual,97947,1248.0,5,2nd Owner,323000,12,0
Land,Rover Range Rover Velar R-Dynamic S Petrol MY21,Petrol,Automatic,38000,1197.0,5,1st Owner,8500000,6,0
Hyundai,Creta 1.6 CRDi AT SX Plus,Diesel,Automatic,150715,1582.0,5,1st Owner,716000,11,0
Hyundai,i10 Sportz,Petrol,Manual,102820,1197.0,5,1st Owner,158000,16,0
Skoda,New Laura Ambiente 2.0 TDI CR AT,Diesel,Automatic,109403,1968.0,5,3rd Owner,252999,14,0
MG,Gloster Savvy 7-Str,Diesel,Automatic,11000,1996.0,5,2nd Owner,3965000,5,0
Maruti,Ertiga VXI AT,Petrol,Automatic,37377,1462.0,7,1st Owner,858000,7,0
Maruti,Swift Dzire VXI,Petrol,Manual,84728,1197.0,5,2nd Owner,367000,11,0
Renault,Duster 85PS Diesel RxE,Diesel,Manual,53548,1461.0,5,2nd Owner,324000,13,0
Volvo,S90 D4 Inscription BSIV,Diesel,Automatic,20000,1950.0,5,1st Owner,4475000,8,0
Audi,A6 2.0 TDI,Diesel,Automatic,29397,1968.0,5,1st Owner,1619000,12,0
Hyundai,Grand i10 Asta,Petrol,Manual,30346,1197.0,5,1st Owner,405999,10,0
Mahindra,XUV500 W10 1.99 mHawk,Diesel,Manual,42119,2179.0,7,1st Owner,1063000,9,0
Maruti,Swift Dzire VDI,Diesel,Manual,120450,1248.0,5,2nd Owner,327000,12,0
Maruti,Swift LDI BSIV,Diesel,Manual,148393,1248.0,5,3rd Owner,267000,12,0
MG,Hector Hybrid Sharp MT,Petrol,Manual,21549,1451.0,5,1st Owner,1339000,6,0
BMW,X5 xDrive 30d,Diesel,Automatic,85000,2993.0,5,2nd Owner,2975000,11,0
Maruti,Vitara Brezza VDi Option,Diesel,Manual,90468,1248.0,5,1st Owner,590000,10,0
Honda,Civic ZX BSIV,Petrol,Automatic,20900,1799.0,5,1st Owner,1556000,7,0
Hyundai,Creta SX,Petrol,Manual,19234,1591.0,5,1st Owner,1387000,5,0
Mercedes-Benz,GLC Coupe 300d 4MATIC,Diesel,Automatic,24900,1199.0,5,1st Owner,7150000,5,0
Tata,Nexon 1.5 Revotorq XZA Plus DualTone,Diesel,Automatic,73269,796.0,5,1st Owner,875000,8,0
Kia,Seltos HTX Plus D,Diesel,Manual,48101,1493.0,5,1st Owner,1525000,6,0
Kia,Seltos GTX Plus,Petrol,Manual,24001,1497.0,5,1st Owner,1495000,6,0
Jaguar,XF 2.0 Petrol Prestige,Petrol,Automatic,7500,1998.0,5,1st Owner,4700000,6,0
Hyundai,Alcazar Platinum 7-Seater,Petrol,Manual,9701,999.0,7,1st Owner,1948999,4,0
Tata,Harrier XZA AT,Diesel,Automatic,27133,1956.0,5,1st Owner,1989999,5,0
Renault,KWID Climber 1.0 AMT Opt,Petrol,Automatic,18270,999.0,5,1st Owner,525000,4,0
Toyota,Land Cruiser VX,Diesel,Automatic,56000,1199.0,5,1st Owner,15800000,8,0
Maruti,Ciaz VXi,Petrol,Manual,50001,1462.0,5,1st Owner,550000,11,0
Maruti,Swift VXI 2018,Petrol,Manual,56681,1197.0,5,1st Owner,560000,8,0
Maruti,Baleno Alpha,Petrol,Manual,2755,1197.0,5,1st Owner,980000,4,0
Maruti,Baleno 1.2 Alpha,Petrol,Manual,46201,1197.0,5,1st Owner,650000,9,0
Mahindra,XUV500 W10 2WD,Diesel,Manual,85001,2179.0,7,1st Owner,950000,10,0
Hyundai,Grand i10 AT Asta,Petrol,Automatic,64836,1197.0,5,1st Owner,465000,11,0
Mercedes-Benz,C-Class C 220d,Diesel,Automatic,4000,2143.0,5,1st Owner,6200000,4,0
Hyundai,Grand i10 Nios AMT Sportz,Petrol,Automatic,24057,1197.0,5,1st Owner,690000,6,0
Hyundai,Creta SX Turbo Dualtone,Petrol,Automatic,49559,796.0,5,1st Owner,1695000,6,0
Tata,New Safari XZA Plus AT,Diesel,Automatic,10289,1956.0,6,1st Owner,2350000,4,0
Honda,City i VTEC CVT VX,Petrol,Automatic,64000,1497.0,5,1st Owner,775000,10,0
MG,Hector Smart Diesel MT BSIV,Diesel,Manual,54001,1956.0,5,2nd Owner,1450000,7,0
MG,Hector Sharp DCT,Petrol,Automatic,27779,1451.0,5,1st Owner,1825000,5,0
Skoda,Octavia 1.8 TSI AT Style Plus,Petrol,Automatic,70000,1798.0,5,1st Owner,1349000,9,0
Hyundai,Creta 1.4 CRDi S,Diesel,Manual,70000,1396.0,5,1st Owner,835000,9,0
Lexus,NX 300h Luxury,Petrol,Automatic,49000,796.0,5,1st Owner,4800000,7,0
Volkswagen,Polo 1.5 TDI Trendline,Diesel,Manual,115000,1498.0,5,1st Owner,409999,10,0
Mercedes-Benz,S-Class S 350 d,Diesel,Automatic,13000,2987.0,5,2nd Owner,4775000,12,0
Maruti,XL6 Alpha AT,Petrol,Automatic,35000,1451.0,5,1st Owner,1200000,5,0
Kia,Seltos GTX Plus DCT,Petrol,Automatic,3900,1497.0,5,2nd Owner,1895000,5,0
Toyota,Corolla Altis G AT,Petrol,Automatic,63000,1798.0,5,1st Owner,894999,12,0
Mercedes-Benz,GLS 400d 4MATIC,Diesel,Automatic,15000,999.0,7,2nd Owner,11700000,6,0
Audi,A4 2.0 TDI,Diesel,Automatic,60000,1968.0,5,1st Owner,1149000,12,0
Mercedes-Benz,C-Class C 220 CDI Avantgarde,Diesel,Automatic,23000,2143.0,5,1st Owner,1245000,13,0
BMW,5 Series 530i M Sport,Petrol,Automatic,6000,1998.0,5,1st Owner,6600000,4,0
BMW,X5 xDrive 30d xLine,Diesel,Automatic,25000,2993.0,5,1st Owner,8300000,6,0
Audi,Q3 2.0 TDI Quattro Premium Plus,Diesel,Automatic,64000,1968.0,5,2nd Owner,1250000,12,0
Mercedes-Benz,C-Class Progressive C 200,Petrol,Automatic,17000,1991.0,5,1st Owner,3600000,8,0
Renault,Duster 110PS Diesel RxS AMT,Diesel,Automatic,40000,1461.0,5,2nd Owner,695000,10,0
Mahindra,Thar LX 4-Str Convert Top Diesel AT,Diesel,Automatic,30000,2184.0,5,1st Owner,1875000,6,0
Honda,Brio S MT,Petrol,Manual,79000,1199.0,5,1st Owner,260000,14,0
MG,Hector Sharp DCT,Petrol,Automatic,26000,1451.0,5,1st Owner,1700000,6,0
Honda,Amaze S Petrol,Petrol,Manual,25102,1199.0,5,1st Owner,640000,7,0
Audi,Q7 45 TDI Quattro Technology,Diesel,Automatic,65000,2967.0,7,1st Owner,4600000,9,0
Volkswagen,Polo Petrol Comfortline 1.2L,Petrol,Manual,35000,1198.0,5,1st Owner,390000,12,0
Hyundai,Grand i10 Magna,Petrol,Manual,33000,1197.0,5,2nd Owner,340000,12,0
Mercedes-Benz,GLC 300 4MATIC Sport,Petrol,Automatic,29000,1248.0,5,1st Owner,4810000,7,0
Mercedes-Benz,GLS 350d Grand Edition,Diesel,Automatic,45000,2987.0,7,2nd Owner,5950000,10,0
BMW,X3 xDrive 30i Luxury Line,Petrol,Automatic,25500,1998.0,5,1st Owner,4500000,8,0
Lexus,NX 300h Luxury,Petrol,Automatic,48000,796.0,5,1st Owner,4825000,7,0
Toyota,Fortuner 2.8 4WD MT BSIV,Diesel,Manual,100000,2755.0,7,1st Owner,2445000,9,0
BMW,5 Series 520d Luxury Line,Diesel,Automatic,29000,1995.0,5,1st Owner,4800000,7,0
Nissan,Sunny XV,Petrol,Manual,83000,1198.0,5,1st Owner,285000,14,0
Nissan,Micra XV,Petrol,Manual,57000,1198.0,5,1st Owner,200000,15,0
Mahindra,Thar 4X4,Diesel,Manual,59000,2184.0,5,2nd Owner,590000,12,0
Mercedes-Benz,GLE 250d,Diesel,Automatic,45000,2143.0,5,1st Owner,5600000,7,0
Land,Rover Range Rover Evoque 2.2L Prestige,Diesel,Automatic,69000,2987.0,5,2nd Owner,2590000,12,0
Land,Rover Range Rover Evoque 2.2L Prestige,Diesel,Automatic,69000,2987.0,5,1st Owner,2990000,11,0
Mercedes-Benz,GL-Class 350 CDI Blue Efficiency,Diesel,Automatic,79000,2987.0,5,3rd Owner,3490000,11,0
Bentley,Flying Spur W12,Petrol,Automatic,44000,2967.0,5,1st Owner,6890000,13,0
Mercedes-Benz,GLC 220d 4MATIC Sport,Diesel,Automatic,69000,2143.0,5,1st Owner,3890000,9,0
Audi,A6 3.0 TDI Quattro Premium Plus,Diesel,Automatic,68000,2967.0,5,2nd Owner,1125000,13,0
Toyota,Fortuner 2.8 2WD MT BSIV,Diesel,Manual,60000,2755.0,7,1st Owner,3100000,7,0
Mercedes-Benz,C-Class C 200 CGI Elegance,Petrol,Automatic,86000,1991.0,5,1st Owner,825000,15,0
Mitsubishi,Pajero Sport 4X2 AT Dual Tone,Diesel,Automatic,39000,1198.0,7,1st Owner,1645000,9,0
Hyundai,Grand i10 Nios Magna,Petrol,Manual,12000,1197.0,5,2nd Owner,625000,6,0
Honda,Amaze EX i-Vtech,Petrol,Manual,85000,1199.0,5,1st Owner,360000,12,0
Land,Rover Discovery Sport TD4 HSE,Diesel,Automatic,120000,2995.0,5,1st Owner,2950000,10,0
Maruti,SX4 S Cross Zeta DDiS 200 SH,Diesel,Manual,90000,1197.0,5,1st Owner,751000,8,0
Mercedes-Benz,GLS 400 4MATIC,Petrol,Automatic,80000,1248.0,7,1st Owner,6250000,9,0
BMW,X5 xDrive 30d Expedition,Diesel,Automatic,34000,2993.0,5,1st Owner,5650000,7,0
Maruti,Ciaz VDi Plus,Diesel,Manual,72000,1248.0,5,1st Owner,465000,11,0
MG,Hector Plus Sharp DCT,Petrol,Automatic,18000,1451.0,6,1st Owner,1900000,5,0
Mercedes-Benz,C-Class Progressive C 200,Petrol,Automatic,11000,1991.0,5,1st Owner,4790000,5,0
Mercedes-Benz,E-Class E250 CDI Avantgarde,Diesel,Automatic,60625,2143.0,5,2nd Owner,2590000,10,0
Mercedes-Benz,A Class A180 Sport,Petrol,Automatic,68000,1461.0,5,1st Owner,1700000,9,0
Maruti,Baleno 1.2 CVT Delta,Petrol,Automatic,75000,1197.0,5,1st Owner,525000,10,0
Mercedes-Benz,S-Class S 500 L,Petrol,Automatic,70000,1995.0,5,2nd Owner,4900000,11,0
Audi,Q3 2.0 TDI Quattro Premium Plus,Diesel,Automatic,73000,1968.0,5,1st Owner,1589000,11,0
Mercedes-Benz,GLS 350d 4MATIC,Diesel,Automatic,65000,2987.0,7,1st Owner,5885000,9,0
Audi,Q3 35 TDI Quattro Premium Plus,Diesel,Automatic,70011,1968.0,5,1st Owner,1750000,11,0
Land,Rover Range Rover 3.0 Petrol LWB Vogue BSIV,Petrol,Automatic,40000,2982.0,5,1st Owner,19200000,7,0
Toyota,Innova Crysta 2.8 ZX AT BSIV,Diesel,Automatic,67011,2755.0,7,1st Owner,1750000,9,0
Skoda,Yeti Ambition 4X2,Diesel,Manual,103000,998.0,5,1st Owner,325000,13,0
Honda,City i-VTEC CVT ZX,Petrol,Automatic,50000,1497.0,5,2nd Owner,949000,9,0
Volvo,XC60 B5 Inscripition,Petrol,Automatic,7000,1462.0,5,1st Owner,6850000,4,0
Maruti,Swift Dzire VXI 1.2,Petrol,Manual,30000,1197.0,5,1st Owner,640000,7,0
Ford,Endeavour Titanium Plus 4X4,Diesel,Automatic,44000,2198.0,7,1st Owner,3149000,8,0
Mercedes-Benz,GLC 300 4MATIC Sport,Petrol,Automatic,28500,1248.0,5,1st Owner,4800000,7,0
Hyundai,Creta SX Opt Turbo,Petrol,Automatic,8000,1591.0,5,1st Owner,1975000,5,0
Maruti,Swift VDI,Diesel,Manual,60000,1248.0,5,1st Owner,590000,7,0
Honda,City V AT,Petrol,Automatic,70000,1497.0,5,2nd Owner,394000,14,0
Maruti,Ignis 1.2 Alpha BSIV,Petrol,Manual,80000,1197.0,5,1st Owner,434999,8,0
BMW,X1 sDrive 20d xLine,Diesel,Automatic,25000,1995.0,5,1st Owner,3000000,7,0
Honda,City V MT,Petrol,Manual,2000,1497.0,5,1st Owner,1050000,4,0
Maruti,Alto 800 LXI,Petrol,Manual,35000,796.0,5,1st Owner,320000,8,0
Toyota,Innova Crysta 2.7 ZX AT,Petrol,Automatic,26000,2694.0,7,1st Owner,2000000,8,0
Maserati,Ghibli Diesel BSIV,Diesel,Automatic,12000,796.0,5,1st Owner,6600000,10,0
Mahindra,Thar LX 4-Str Convert Top Diesel AT,Diesel,Automatic,13001,2184.0,5,1st Owner,1775000,4,0
Hyundai,Xcent 1.2 VTVT S,Petrol,Manual,60000,1197.0,5,2nd Owner,475000,7,0
Mercedes-Benz,C-Class C 220 CDI Avantgarde,Diesel,Automatic,37000,2143.0,5,2nd Owner,2150000,11,0
Honda,Jazz 1.2 V AT i VTEC,Petrol,Automatic,27200,1199.0,5,1st Owner,690000,9,0
Mahindra,Thar CRDe,Diesel,Manual,46365,2184.0,5,1st Owner,772000,9,0
Maruti,Ciaz Alpha BSIV,Petrol,Manual,82496,1462.0,5,1st Owner,872000,7,0
Renault,Duster 110PS Diesel RxL AMT,Diesel,Automatic,73656,1461.0,5,1st Owner,651000,10,0
Maruti,Ciaz ZDi SHVS,Diesel,Manual,92530,1248.0,5,1st Owner,543000,10,0
Mahindra,TUV 300 mHAWK100 T8,Diesel,Manual,68364,1197.0,5,2nd Owner,658000,9,0
Jeep,Compass 1.4 Sport,Petrol,Manual,30224,1368.0,5,1st Owner,1261000,8,0
Maruti,Baleno 1.2 Alpha,Petrol,Manual,88658,1197.0,5,1st Owner,585000,9,0
Maruti,Vitara Brezza ZXI,Petrol,Manual,26396,1462.0,5,1st Owner,1053000,6,0
Mahindra,Thar CRDe,Diesel,Manual,60020,2184.0,5,1st Owner,746000,9,0
Maruti,Alto K10 2010-2014 VXI,Petrol,Manual,55107,998.0,5,1st Owner,268000,12,0
Maruti,Ciaz Alpha AT,Petrol,Automatic,3925,1462.0,5,1st Owner,1243000,4,0
Maruti,Alto 800 LXI,Petrol,Manual,21949,796.0,5,1st Owner,323000,9,0
Maruti,Swift Dzire VXI,Petrol,Manual,41899,1197.0,5,1st Owner,500000,10,0
Nissan,Terrano XL P,Petrol,Manual,30000,1498.0,5,1st Owner,725000,8,0
Honda,City i-VTEC V,Petrol,Manual,28000,1497.0,5,1st Owner,865000,8,0
Volvo,XC60 D5 Inscription,Diesel,Automatic,20000,1968.0,5,1st Owner,6100000,5,0
Mercedes-Benz,GLC 220d 4MATIC,Diesel,Automatic,24000,2143.0,5,1st Owner,5650000,6,0
Mercedes-Benz,GLE 300d,Diesel,Automatic,13000,1968.0,5,1st Owner,8900000,5,0
Skoda,Superb Style 1.8 TSI AT,Petrol,Automatic,54000,1798.0,5,1st Owner,2175000,9,0
Maruti,Alto K10 VXI,Petrol,Manual,30555,998.0,5,1st Owner,315000,10,0
Maruti,Ciaz VDi Plus SHVS,Diesel,Manual,119878,1248.0,5,1st Owner,478000,11,0
Hyundai,i20 1.2 Magna Opt,Petrol,Manual,84557,1197.0,5,1st Owner,243000,15,0
Maruti,Ciaz VDi Option SHVS,Diesel,Manual,96528,1248.0,5,1st Owner,536000,9,0
Mahindra,XUV500 W10 1.99 mHawk,Diesel,Manual,44081,2179.0,7,1st Owner,1124000,9,0
Renault,Kiger RXT AMT,Petrol,Automatic,6494,999.0,5,1st Owner,775000,5,0
Maruti,Swift VDI BSIV,Diesel,Manual,118631,1248.0,5,1st Owner,340000,12,0
Maruti,Alto K10 VXI,Petrol,Manual,47133,998.0,5,1st Owner,351000,8,0
Honda,Amaze S i-VTEC,Petrol,Manual,94025,1199.0,5,1st Owner,455999,9,0
Hyundai,i20 Magna 1.2,Petrol,Manual,68841,1197.0,5,1st Owner,501999,10,0
Hyundai,Venue SX Plus Turbo DCT BSIV,Petrol,Automatic,31952,1197.0,5,1st Owner,1046000,7,0
Hyundai,Creta 1.6 CRDi SX,Diesel,Manual,66518,1582.0,5,2nd Owner,1130000,7,0
Hyundai,Venue SX Plus Turbo DCT BSIV,Petrol,Automatic,26684,1197.0,5,2nd Owner,1053000,7,0
Hyundai,Creta 1.6 CRDi SX,Diesel,Manual,38280,1582.0,5,1st Owner,790000,11,0
Tata,Tiago 1.2 Revotron XZ,Petrol,Manual,96392,1199.0,5,1st Owner,377000,9,0
Maruti,Swift Dzire 1.2 ZXi BSIV,Petrol,Manual,92613,1197.0,5,1st Owner,286000,15,0
Mahindra,Scorpio S7 120,Diesel,Manual,40011,2179.0,7,1st Owner,1178000,8,0
Honda,City i DTEC VX,Diesel,Manual,98772,1498.0,5,2nd Owner,533000,11,0
Hyundai,i20 Asta 1.4 CRDi,Diesel,Manual,38931,1396.0,5,1st Owner,350000,13,0
Maruti,Swift LDI BSIV,Diesel,Manual,82392,1248.0,5,1st Owner,426999,9,0
Hyundai,i20 1.4 Asta,Diesel,Manual,96805,1396.0,5,1st Owner,572000,9,0
Mahindra,Scorpio S5 BSIV,Diesel,Manual,68307,2179.0,7,1st Owner,998000,8,0
Maruti,Wagon R LXI BS IV,Petrol,Manual,30404,998.0,5,1st Owner,375000,10,0
Maruti,Baleno 1.2 Alpha,Petrol,Manual,36438,1197.0,5,2nd Owner,630000,8,0
Maruti,Swift VDI BSIV,Diesel,Manual,115206,1248.0,5,1st Owner,376000,11,0
Mahindra,XUV500 W6 2WD,Diesel,Manual,104537,2179.0,7,1st Owner,623000,11,0
MG,Hector Sharp DCT,Petrol,Automatic,29827,1451.0,5,2nd Owner,1613000,7,0
BMW,3 Series Luxury Edition,Diesel,Automatic,9200,2755.0,5,1st Owner,4450000,6,0
Audi,Q3 35 TDI Quattro Premium Plus,Diesel,Automatic,39356,1968.0,5,1st Owner,1750000,11,0
Toyota,Innova Crysta 2.8 GX AT BSIV,Diesel,Automatic,55000,2755.0,7,1st Owner,1575000,9,0
Ford,Endeavour 3.2 Titanium AT 4X4,Diesel,Automatic,80000,3198.0,7,1st Owner,2875000,8,0
Toyota,Innova Crysta 2.8 GX AT BSIV,Diesel,Automatic,55000,2755.0,7,1st Owner,1945000,7,0
Mercedes-Benz,S-Class S 350 CDI,Diesel,Automatic,18000,2987.0,5,1st Owner,7150000,9,0
Maruti,Vitara Brezza VDi AMT,Diesel,Automatic,43000,1248.0,5,1st Owner,750000,8,0
Hyundai,Creta EX,Petrol,Manual,1000,1591.0,5,1st Owner,1273000,5,0
Hyundai,EON Era Plus,Petrol,Manual,67885,814.0,5,1st Owner,229999,13,0
Mercedes-Benz,C-Class 220 CDI AT,Diesel,Automatic,40000,1248.0,5,1st Owner,1375000,13,0
Hyundai,EON 1.0 Era Plus,Petrol,Manual,48421,998.0,5,1st Owner,229999,13,0
Hyundai,i20 Active 1.4 S,Diesel,Manual,110000,1396.0,5,1st Owner,650000,8,0
Maruti,Swift Dzire VXI,Petrol,Manual,49000,1197.0,5,1st Owner,425000,12,0
Hyundai,Verna 1.6 SX,Diesel,Manual,75000,1582.0,5,1st Owner,450000,13,0
Ford,Ecosport 1.5 DV5 MT Titanium,Diesel,Manual,71000,1498.0,5,1st Owner,409999,12,0
Chevrolet,Aveo U-VA 1.2,Petrol,Manual,78000,1198.0,5,2nd Owner,90000,17,0
Audi,A6 35 TDI,Diesel,Automatic,68000,1968.0,5,1st Owner,2450000,10,0
Maruti,Ertiga ZDI,Diesel,Manual,94944,1248.0,7,1st Owner,518000,11,0
Honda,Amaze S Option i-VTEC,Petrol,Manual,6357,1199.0,5,1st Owner,471000,9,0
Hyundai,Venue SX Opt Executive Diesel,Diesel,Manual,24237,1493.0,5,1st Owner,1024000,4,0
Kia,Seltos HTX IVT G,Petrol,Automatic,28000,1497.0,5,1st Owner,1650000,5,0
Honda,Amaze E Petrol,Petrol,Manual,10282,1199.0,5,1st Owner,589000,6,0
Toyota,Innova Crysta 2.8 ZX AT BSIV,Diesel,Automatic,111337,2755.0,7,1st Owner,1710000,8,0
Toyota,Fortuner 4x2 Manual,Diesel,Manual,127429,2755.0,7,1st Owner,1262000,12,0
BMW,5 Series 520d Sport Line,Diesel,Automatic,55000,1995.0,5,2nd Owner,4050000,8,0
Nissan,Sunny Diesel XL,Diesel,Manual,61034,1461.0,5,2nd Owner,339000,11,0
Maruti,Swift AMT ZXI,Petrol,Automatic,76036,1197.0,5,2nd Owner,564000,8,0
Hyundai,Grand i10 CRDi Sportz,Diesel,Manual,65000,1120.0,5,2nd Owner,275000,12,0
Audi,Q5 30 TDI quattro Premium,Diesel,Automatic,80000,1197.0,5,3rd Owner,1475000,11,0
Hyundai,Venue SX Opt Diesel BSIV,Diesel,Manual,64104,1493.0,5,1st Owner,982000,7,0
Toyota,Innova Crysta 2.8 GX AT BSIV,Diesel,Automatic,116378,2755.0,7,1st Owner,1576000,8,0
Hyundai,Verna 1.6 CRDi SX,Diesel,Manual,42234,1582.0,5,2nd Owner,560000,10,0
Hyundai,Venue SX Opt iMT,Petrol,Manual,10000,1197.0,5,1st Owner,1150000,5,0
Mahindra,XUV500 W6 2WD,Diesel,Manual,49812,2179.0,7,2nd Owner,444000,13,0
Maruti,Ignis Sigma,Petrol,Manual,2294,1197.0,5,1st Owner,501999,4,0
Skoda,Fabia 1.2 MPI Ambiente,Petrol,Manual,94679,1198.0,5,5th Owner,117000,16,0
Audi,Q5 3.0 TDI Quattro Technology,Diesel,Automatic,35000,2967.0,5,1st Owner,2100000,11,0
Maruti,Ciaz ZDi,Diesel,Manual,57122,1248.0,5,1st Owner,476000,12,0
Maruti,Wagon R VXI BS IV,Petrol,Manual,25122,998.0,5,1st Owner,332000,9,0
Hyundai,Grand i10 1.2 CRDi Magna,Diesel,Manual,60000,1197.0,5,2nd Owner,350000,9,0
Hyundai,Creta 1.6 SX Automatic Diesel,Diesel,Automatic,36000,1582.0,5,2nd Owner,1425000,6,0
Maruti,Baleno Delta,Petrol,Manual,38736,1197.0,5,1st Owner,631000,6,0
Hyundai,i20 Asta 1.4 CRDi,Diesel,Manual,130432,1396.0,5,1st Owner,381000,12,0
Toyota,Fortuner 2.7 2WD AT,Petrol,Automatic,44000,2694.0,7,2nd Owner,3100000,7,0
Audi,A6 35 TFSI Matrix,Petrol,Automatic,30000,1395.0,5,1st Owner,3675000,8,0
Audi,Q5 3.0 TDI Quattro,Diesel,Automatic,68000,2967.0,5,3rd Owner,994999,15,0
Hyundai,i10 Magna 1.1L,Petrol,Manual,38000,1197.0,5,1st Owner,225000,15,0
Mahindra,XUV500 R W10 FWD,Diesel,Manual,65000,2179.0,7,1st Owner,890000,11,0
Maruti,Swift Dzire VXI 1.2 BS IV,Petrol,Manual,65000,1197.0,5,1st Owner,650000,7,0
Mahindra,Scorpio S5,Diesel,Manual,12001,2179.0,7,1st Owner,1585000,4,0
Jeep,Compass 1.4 Sport Plus BSIV,Petrol,Manual,23000,1368.0,5,1st Owner,1375000,7,0
Mercedes-Benz,E-Class Expression E 200 BSIV,Petrol,Automatic,65000,1991.0,5,1st Owner,4400000,8,0
Audi,Q7 45 TDI Quattro Premium Plus,Diesel,Automatic,43000,2967.0,7,2nd Owner,1875000,12,0
Honda,Brio S MT,Petrol,Manual,25000,1199.0,5,1st Owner,265000,14,0
Volvo,XC60 Inscription D5,Diesel,Automatic,7500,1198.0,5,1st Owner,6000000,6,0
BMW,6 Series GT 620d Luxury Line 2019-2021,Diesel,Automatic,50000,1995.0,5,1st Owner,6050000,6,0
Mahindra,KUV 100 NXT G80 K8 Dual Tone,Petrol,Manual,36000,1968.0,5,1st Owner,434999,9,0
Hyundai,Sonata 2.4 GDi MT,Petrol,Manual,86000,2354.0,5,1st Owner,475000,14,0
Audi,Q3 2.0 TDI Quattro Premium Plus,Diesel,Automatic,56500,1968.0,5,1st Owner,1300000,12,0
Mercedes-Benz,GLS 350d 4MATIC,Diesel,Automatic,70000,2987.0,7,2nd Owner,5200000,10,0
Ford,Figo Petrol ZXI,Petrol,Manual,68000,1194.0,5,1st Owner,265000,13,0
Hyundai,Verna CRDi 1.6 AT SX Plus,Diesel,Automatic,63500,1582.0,5,1st Owner,1000000,9,0
Mercedes-Benz,C-Class Progressive C 220d,Diesel,Automatic,26500,2143.0,5,1st Owner,4100000,7,0
Mercedes-Benz,GLC 200,Petrol,Automatic,15000,1991.0,5,1st Owner,6100000,5,0
BMW,X1 xDrive 20d xLine,Diesel,Automatic,38500,1995.0,5,1st Owner,2850000,8,0
Honda,Amaze VX CVT Diesel,Diesel,Automatic,44500,1498.0,5,1st Owner,925000,7,0
Hyundai,i20 Sportz Diesel,Diesel,Manual,15500,1396.0,5,1st Owner,975000,4,0
Toyota,Camry 2.5 Hybrid,Petrol,Automatic,47000,2494.0,5,1st Owner,2350000,9,0
Toyota,Fortuner 2.8 2WD AT BSIV,Diesel,Automatic,12000,2755.0,7,1st Owner,3350000,8,0
BMW,X5 xDrive 30d xLine,Diesel,Automatic,20500,2993.0,5,1st Owner,10000000,4,0
BMW,3 Series 320d GT Luxury Line,Diesel,Automatic,64593,1995.0,5,3rd Owner,1850000,12,0
Mercedes-Benz,GLE 250d,Diesel,Automatic,64000,2143.0,5,1st Owner,3650000,10,0
Toyota,Glanza G,Petrol,Manual,70000,1197.0,5,1st Owner,700000,5,0
Mercedes-Benz,E-Class E250 CDI Avantgarde,Diesel,Automatic,63203,2143.0,5,2nd Owner,2200000,11,0
Toyota,Fortuner 2.8 2WD AT,Diesel,Automatic,60500,2755.0,7,1st Owner,2900000,9,0
Jaguar,F-Pace 2.0 R-Dynamic S Diesel,Diesel,Automatic,9900,1998.0,5,1st Owner,7400000,5,0
Renault,KWID RXL,Petrol,Manual,25000,799.0,5,1st Owner,285000,10,0
Maruti,Wagon R CNG LXI BSIV,Cng,Manual,65000,998.0,5,2nd Owner,191000,15,0
Land,Rover Range Rover 4.4 Diesel LWB Autobiography,Diesel,Automatic,68500,1497.0,5,1st Owner,19000000,7,0
Maruti,Ertiga ZDI,Diesel,Manual,43000,1248.0,7,2nd Owner,600000,12,0
Honda,City i VTEC VX,Petrol,Manual,70000,1497.0,5,1st Owner,590000,11,0
Hyundai,i20 Sportz 1.4 CRDi,Diesel,Manual,150000,1396.0,5,3rd Owner,275000,13,0
BMW,X4 xDrive30i M Sport Silver Shadow Edition,Petrol,Automatic,7600,1998.0,5,1st Owner,7450000,4,0
Maruti,Alto 800 LXI,Petrol,Manual,31458,796.0,5,1st Owner,307000,5,0
Hyundai,Elantra CRDi S,Diesel,Manual,70372,1582.0,5,1st Owner,525000,13,0
Maruti,Wagon R LXI CNG,Cng,Manual,129325,998.0,5,1st Owner,190000,14,0
BMW,X7 xDrive 40i,Petrol,Automatic,39000,2998.0,5,1st Owner,11500000,7,0
Honda,City V MT,Petrol,Manual,17000,1497.0,5,1st Owner,1015000,5,0
Toyota,Fortuner 2.7 2WD AT,Petrol,Automatic,20000,2694.0,7,1st Owner,3500000,6,0
Mercedes-Benz,B Class B180 CDI,Diesel,Automatic,57000,1498.0,5,3rd Owner,765000,13,0
Mercedes-Benz,S-Class S 350 CDI,Diesel,Automatic,40000,2987.0,5,1st Owner,5100000,11,0
Ford,Ecosport 1.5 Diesel Titanium,Diesel,Manual,46000,1498.0,5,1st Owner,950000,6,0
Maruti,Eeco CNG 5 Seater AC BSIV,Cng,Manual,18000,1196.0,5,1st Owner,500000,7,0
Tata,Nano Twist XT,Petrol,Manual,59290,624.0,4,4th Owner,85671,11,0
Toyota,Camry Hybrid 2.5,Petrol,Automatic,20000,2494.0,5,1st Owner,4090000,7,0
Maruti,Eeco 5 Seater AC BSIV,Petrol,Manual,18000,1196.0,5,1st Owner,210000,14,0
Nissan,Micra Active XV,Petrol,Manual,56000,1198.0,5,1st Owner,355000,8,0
Volkswagen,Ameo 1.2 MPI Highline,Petrol,Manual,66000,1198.0,5,2nd Owner,455000,10,0
BMW,5 Series 520d Luxury Line,Diesel,Automatic,43000,1995.0,5,1st Owner,4600000,7,0
Nissan,Terrano XL 85 PS,Diesel,Manual,67000,1461.0,5,1st Owner,425000,12,0
BMW,X6 xDrive 40d M Sport,Diesel,Automatic,75000,2143.0,5,2nd Owner,3790000,11,0
Mahindra,TUV 300 mHAWK100 T8,Diesel,Manual,47000,1197.0,5,1st Owner,645000,9,0
Hyundai,Venue SX Sport iMT,Petrol,Manual,8800,1197.0,5,1st Owner,1075000,5,0
Audi,Q5 2.0 TDI Premium Plus,Diesel,Automatic,94002,1968.0,5,2nd Owner,1600000,12,0
Maruti,Ignis Sigma,Petrol,Manual,12000,1197.0,5,1st Owner,525000,5,0
Hyundai,Elantra SX AT,Petrol,Automatic,75000,1999.0,5,1st Owner,765000,11,0
Jeep,Compass 2.0 Sport Plus BSIV,Diesel,Manual,62000,1956.0,5,1st Owner,1575000,7,0
Mercedes-Benz,C-Class C 220 CDI Avantgarde,Diesel,Automatic,90004,2143.0,5,3rd Owner,1190000,12,0
BMW,X5 xDrive 30d M Sport,Diesel,Automatic,83005,2993.0,5,2nd Owner,2900000,12,0
Mahindra,XUV500 W10 1.99 mHawk,Diesel,Manual,47000,2179.0,7,1st Owner,1095000,8,0
Mercedes-Benz,GLE 250d,Diesel,Automatic,49000,2143.0,5,1st Owner,4400000,9,0
Toyota,Innova 2.5 ZX Diesel 7 Seater BSIII,Diesel,Manual,70000,2494.0,7,1st Owner,1200000,11,0
Ford,Ecosport 1.5 Diesel Titanium,Diesel,Manual,62500,1498.0,5,1st Owner,475000,11,0
Ford,Ecosport 1.5 Diesel Titanium,Diesel,Manual,49036,1498.0,5,1st Owner,725000,9,0
Mercedes-Benz,E-Class Expression E 220 d BSIV,Diesel,Automatic,17000,2143.0,5,1st Owner,5800000,6,0
Mercedes-Benz,B Class B180 Sports,Petrol,Automatic,67000,1197.0,5,2nd Owner,1290000,13,0
Maruti,Swift ZXI BSIV,Petrol,Manual,39889,1197.0,5,2nd Owner,441000,9,0
Mercedes-Benz,E-Class Exclusive E 220d,Diesel,Automatic,2000,2143.0,5,1st Owner,7625000,4,0
Audi,A8 L 50 TDI Quattro Premium Plus,Diesel,Automatic,81250,2967.0,5,1st Owner,4200000,11,0
Ford,Ecosport 1.5 Diesel Titanium Plus,Diesel,Manual,43000,1498.0,5,1st Owner,525000,10,0
BMW,X3 xDrive 20d Luxury Line,Diesel,Automatic,19000,1995.0,5,1st Owner,6000000,5,0
Ford,Figo 1.2P Titanium Plus MT,Petrol,Manual,29000,1194.0,5,2nd Owner,395000,10,0
MG,Astor Sharp CVT,Petrol,Automatic,2400,1498.0,5,1st Owner,1725000,4,0
Jaguar,XJ 3.0L LWB Ultimate,Diesel,Automatic,79004,2982.0,5,2nd Owner,2290000,14,0
Mercedes-Benz,C-Class C 200 CGI Grand Edition,Petrol,Automatic,28000,1991.0,5,1st Owner,3650000,8,0
Toyota,Corolla Altis VL AT,Petrol,Automatic,99300,1798.0,5,2nd Owner,875000,11,0
Mercedes-Benz,M-Class ML 250 CDI,Diesel,Automatic,80000,2993.0,5,2nd Owner,2190000,12,0
Land,Rover Range Rover Vogue SE 4.4 SDV8,Diesel,Automatic,87002,1968.0,5,2nd Owner,3525000,13,0
BMW,7 Series 730Ld DPE Signature,Diesel,Automatic,19000,2993.0,5,1st Owner,13000000,5,0
Audi,Q5 2.0 TDI Premium Plus,Diesel,Automatic,94002,1968.0,5,2nd Owner,1425000,13,0
Audi,A6 2.0 TDI Premium Plus,Diesel,Automatic,82005,1968.0,5,2nd Owner,1425000,13,0
Land,Rover Range Rover Vogue SE 4.4 SDV8,Diesel,Automatic,95004,1968.0,5,1st Owner,3975000,13,0
Mercedes-Benz,C-Class C 200 CGI Grand Edition,Petrol,Automatic,25000,1991.0,5,1st Owner,3650000,8,0
BMW,X1 sDrive20i xLine,Petrol,Automatic,68753,1995.0,5,2nd Owner,2810000,7,0
Ford,Ecosport 1.5 DV5 MT Titanium,Diesel,Manual,62500,1498.0,5,1st Owner,475000,11,0
Hyundai,Creta 1.6 CRDi AT S Plus,Diesel,Automatic,85000,1582.0,5,1st Owner,894999,9,0
Mercedes-Benz,C-Class Progressive C 200,Petrol,Automatic,12000,1991.0,5,1st Owner,4990000,5,0
Honda,WR-V i-DTEC VX,Diesel,Manual,58000,1498.0,5,1st Owner,699000,9,0
Maruti,Baleno 1.3 Zeta,Diesel,Manual,55500,1248.0,5,1st Owner,620000,8,0
Maruti,Baleno 1.3 Zeta,Diesel,Manual,54000,1248.0,5,1st Owner,625000,8,0
Mercedes-Benz,C-Class Progressive C 200,Petrol,Automatic,12000,1991.0,5,1st Owner,4790000,5,0
Tata,Harrier XM,Diesel,Manual,32500,1956.0,5,1st Owner,1250000,7,0
Tata,Harrier XM,Diesel,Manual,33500,1956.0,5,1st Owner,1260000,7,0
Hyundai,i10 Era 1.1 iTech SE,Petrol,Manual,60000,1086.0,5,1st Owner,221000,14,0
Land,Rover Range Rover Velar R-Dynamic S Petrol MY21,Petrol,Automatic,38000,1197.0,5,1st Owner,8500000,6,0
Mahindra,Bolero SLX 2WD BSIII,Diesel,Manual,120000,2523.0,7,1st Owner,450000,11,0
Maruti,Vitara Brezza LDi Option,Diesel,Manual,64000,1248.0,5,1st Owner,635000,9,0
Maruti,Wagon R CNG LXI BSIV,Cng,Manual,59000,998.0,5,1st Owner,400000,9,0
MG,Gloster Savvy 7-Str,Diesel,Automatic,11000,1996.0,5,2nd Owner,3965000,5,0
MG,Hector Sharp DCT,Petrol,Automatic,12023,1451.0,5,1st Owner,1800000,5,0
Renault,KWID Climber 1.0 AMT BSIV,Petrol,Automatic,30000,999.0,5,1st Owner,470000,7,0
Volvo,S90 D4 Inscription BSIV,Diesel,Automatic,20000,1950.0,5,1st Owner,4475000,8,0
MG,ZS EV Exclusive,Electric,Automatic,38000,0.0,5,1st Owner,2110000,6,1
Mercedes-Benz,C-Class Progressive C 200,Petrol,Automatic,16500,1991.0,5,1st Owner,3650000,8,0
Mini,Cooper D,Diesel,Automatic,29000,1197.0,5,2nd Owner,1889999,12,0
Mercedes-Benz,C-Class Progressive C 220d,Diesel,Automatic,24000,2143.0,5,2nd Owner,3900000,6,0
Maruti,Swift LXI,Petrol,Manual,37229,1197.0,5,1st Owner,483000,6,0
Honda,City i DTEC VX,Diesel,Manual,100000,1498.0,5,3rd Owner,490000,11,0
BMW,X5 xDrive 30d,Diesel,Automatic,85000,2993.0,5,2nd Owner,2975000,11,0
Mahindra,XUV500 W6 2WD,Diesel,Manual,90928,2179.0,7,1st Owner,430999,13,0
Audi,A3 35 TDI Premium Plus,Diesel,Automatic,39000,1968.0,5,1st Owner,2580000,6,0
Volkswagen,Vento 1.5 TDI Highline AT,Diesel,Automatic,78000,1498.0,5,1st Owner,500000,11,0
Mercedes-Benz,GLC Coupe 300d 4MATIC,Diesel,Automatic,24900,1199.0,5,1st Owner,7150000,5,0
Maruti,Ertiga VXI CNG,Cng,Manual,44000,1462.0,7,1st Owner,725000,10,0
Ford,Figo Diesel Titanium,Diesel,Manual,86483,1498.0,5,3rd Owner,193000,12,0
Honda,City Edge Edition SV,Petrol,Manual,20000,1497.0,5,1st Owner,900000,7,0
Jaguar,XF 2.0 Petrol Prestige,Petrol,Automatic,7500,1998.0,5,1st Owner,4700000,6,0
Renault,Duster Petrol RxL,Petrol,Manual,49000,1498.0,5,2nd Owner,575000,9,0
Toyota,Innova Crysta 2.8 GX AT BSIV,Diesel,Automatic,26000,2755.0,7,1st Owner,1875000,8,0
Maruti,Ertiga CNG VXI,Cng,Manual,65000,1462.0,7,1st Owner,675000,11,0
Toyota,Land Cruiser VX,Diesel,Automatic,56000,1199.0,5,1st Owner,15800000,8,0
Toyota,Glanza G,Petrol,Manual,40252,1197.0,5,1st Owner,606000,6,0
Maruti,Swift VDI BSIV,Diesel,Manual,97947,1248.0,5,2nd Owner,323000,12,0
Hyundai,Creta 1.6 CRDi AT SX Plus,Diesel,Automatic,150715,1582.0,5,1st Owner,716000,11,0
Hyundai,i10 Sportz,Petrol,Manual,102820,1197.0,5,1st Owner,158000,16,0
Skoda,New Laura Ambiente 2.0 TDI CR AT,Diesel,Automatic,109403,1968.0,5,3rd Owner,252999,14,0
Maruti,Ertiga VXI AT,Petrol,Automatic,37377,1462.0,7,1st Owner,858000,7,0
Mercedes-Benz,C-Class C 220d,Diesel,Automatic,4000,2143.0,5,1st Owner,6200000,4,0
Maruti,Swift Dzire VXI,Petrol,Manual,84728,1197.0,5,2nd Owner,367000,11,0
Renault,Duster 85PS Diesel RxE,Diesel,Manual,53548,1461.0,5,2nd Owner,324000,13,0
Audi,A6 2.0 TDI,Diesel,Automatic,29397,1968.0,5,1st Owner,1619000,12,0
Honda,City i VTEC CVT VX,Petrol,Automatic,64000,1497.0,5,1st Owner,775000,10,0
Hyundai,Grand i10 Asta,Petrol,Manual,30346,1197.0,5,1st Owner,405999,10,0
Mahindra,XUV500 W10 1.99 mHawk,Diesel,Manual,42119,2179.0,7,1st Owner,1063000,9,0
Maruti,Swift Dzire VDI,Diesel,Manual,120450,1248.0,5,2nd Owner,327000,12,0
Hyundai,Creta 1.4 CRDi S,Diesel,Manual,70000,1396.0,5,1st Owner,835000,9,0
Honda,Amaze S i-Vtech,Petrol,Manual,59534,1199.0,5,2nd Owner,440000,11,0
Chevrolet,Cruze LTZ AT,Diesel,Automatic,90000,1086.0,5,2nd Owner,650000,10,0
Maruti,Ciaz 1.4 Zeta,Petrol,Manual,63001,1368.0,5,1st Owner,750000,9,0
Toyota,Innova 2.5 VX (Diesel) 8 Seater,Diesel,Manual,153000,2494.0,7,1st Owner,1350000,12,0
Mercedes-Benz,C-Class Progressive C 220d,Diesel,Automatic,65000,2143.0,5,1st Owner,1600000,12,0
Hyundai,Grand i10 Asta Option,Petrol,Manual,60000,1197.0,5,2nd Owner,459999,11,0
Maruti,XL6 Zeta,Petrol,Manual,17000,1461.0,5,1st Owner,1100000,5,0
Audi,A4 2.0 TDI,Diesel,Automatic,55000,1968.0,5,3rd Owner,1300000,13,0
Hyundai,i20 Petrol Asta Option,Petrol,Manual,24000,1197.0,5,1st Owner,790000,7,0
Mahindra,XUV500 W10 1.99 mHawk,Diesel,Manual,102000,2179.0,7,1st Owner,1200000,10,0
Maruti,Swift 1.3 VXi,Petrol,Manual,40000,1248.0,5,1st Owner,320000,16,0
Tata,Tiago 1.2 Revotron XM,Petrol,Manual,92195,1199.0,5,1st Owner,305000,10,0
Renault,Triber RXL EASY-R AMT,Petrol,Automatic,13780,999.0,7,1st Owner,665000,6,0
Skoda,Rapid 1.6 MPI AT Ambition BSIV,Petrol,Automatic,24700,1591.0,5,1st Owner,975000,7,0
Skoda,Octavia 1.8 TSI AT Style,Petrol,Automatic,41000,1798.0,5,1st Owner,1950000,7,0
Honda,Jazz V CVT,Petrol,Automatic,18000,1199.0,5,2nd Owner,680000,9,0
Hyundai,Creta 1.6 CRDi AT SX Plus,Diesel,Automatic,7000,1582.0,5,1st Owner,1225000,10,0
Maruti,Ciaz 1.4 AT Alpha,Petrol,Automatic,39600,1368.0,5,1st Owner,950000,8,0
Maruti,Swift VDI BSIV,Diesel,Manual,39500,1248.0,5,1st Owner,690000,8,0
Maruti,Swift Dzire AMT ZXI Plus,Petrol,Automatic,11800,1197.0,5,1st Owner,875000,6,0
Toyota,Fortuner 2.8 2WD MT BSIV,Diesel,Manual,77000,2755.0,7,2nd Owner,2805000,9,0
Volvo,S60 D4 KINETIC,Diesel,Automatic,99000,1497.0,5,1st Owner,1680000,9,0
Toyota,Fortuner 4x2 Manual,Diesel,Manual,177000,2755.0,7,1st Owner,1610000,12,0
Kia,Seltos HTX G,Petrol,Manual,43000,1497.0,5,1st Owner,1390000,7,0
Mahindra,XUV300 W8 Diesel BSIV,Diesel,Manual,40000,1497.0,5,1st Owner,1260000,7,0
BMW,X1 sDrive 20d xLine,Diesel,Automatic,65000,1995.0,5,1st Owner,3250000,7,0
Audi,A3 35 TDI Premium Plus,Diesel,Automatic,39000,1968.0,5,1st Owner,2580000,6,0
Maruti,Vitara Brezza ZDi,Diesel,Manual,48000,1248.0,5,1st Owner,980000,8,0
Mahindra,Marazzo M2 BSIV,Diesel,Manual,77000,1497.0,7,1st Owner,1025000,7,0
Hyundai,Creta 1.6 CRDi SX Plus,Diesel,Manual,52000,1582.0,5,1st Owner,1025000,8,0
Mahindra,TUV 300 T10,Diesel,Manual,27000,1497.0,5,1st Owner,969999,8,0
Honda,BR-V i-DTEC V MT,Diesel,Manual,47000,1498.0,7,1st Owner,965000,8,0
Tata,Nexon 1.5 Revotorq XZ Plus,Diesel,Manual,42000,1493.0,5,2nd Owner,955000,7,0
Honda,WR-V i-DTEC VX,Diesel,Manual,42000,1498.0,5,1st Owner,930000,8,0
Hyundai,Creta 1.6 VTVT SX Plus,Petrol,Manual,48000,1591.0,5,1st Owner,894999,10,0
Maruti,SX4 S Cross DDiS 320 Zeta,Diesel,Manual,59000,1493.0,5,1st Owner,855000,9,0
Tata,Nexon 1.2 Revotron XM,Petrol,Manual,27000,1199.0,5,1st Owner,835000,7,0
Mahindra,TUV 300 T8,Diesel,Manual,44000,814.0,5,1st Owner,800000,10,0
Renault,Triber RXZ EASY-R AMT,Petrol,Automatic,5000,999.0,7,1st Owner,800000,5,0
Maruti,Ertiga ZDI,Diesel,Manual,78000,1248.0,7,1st Owner,740000,13,0
Ford,Ecosport 1.5 TDCi Titanium Plus BE BSIV,Diesel,Manual,57000,1498.0,5,1st Owner,700000,10,0
Honda,Mobilio V Option i-VTEC,Petrol,Manual,48000,1497.0,7,2nd Owner,605000,12,0
Ford,Ecosport 1.0 Ecoboost Titanium Optional,Petrol,Manual,56000,999.0,5,1st Owner,590000,12,0
Volkswagen,Vento 1.5 TDI Highline,Diesel,Manual,15000,1498.0,5,1st Owner,550000,13,0
Renault,Duster 110PS Diesel RXZ Optional with Nav,Diesel,Manual,77000,1461.0,5,2nd Owner,565000,14,0
Honda,City i-VTEC V,Petrol,Manual,60000,1497.0,5,1st Owner,850000,8,0
Land,Rover Range Rover Evoque 2.2L Pure,Diesel,Automatic,65000,1199.0,5,2nd Owner,2000000,13,0
Honda,Jazz X,Petrol,Manual,61985,1199.0,5,1st Owner,390000,14,0
Honda,Amaze V Petrol BSIV,Petrol,Manual,19000,1199.0,5,1st Owner,819999,7,0
Maruti,Swift Dzire VXI 1.2,Petrol,Manual,30000,1197.0,5,1st Owner,750000,7,0
Honda,Jazz 1.2 S i VTEC,Petrol,Manual,41000,1199.0,5,1st Owner,700000,8,0
Hyundai,Grand i10 Nios Sportz,Petrol,Manual,6834,1197.0,5,1st Owner,675000,6,0
Maruti,Swift Dzire VXI,Petrol,Manual,112160,1197.0,5,1st Owner,370000,13,0
Hyundai,Creta 1.6 SX Automatic,Petrol,Automatic,16118,1591.0,5,1st Owner,1100000,8,0
Maruti,Ciaz Alpha,Petrol,Manual,47000,1462.0,5,1st Owner,990000,6,0
Renault,Duster 110PS Diesel RxZ,Diesel,Manual,80000,1461.0,5,2nd Owner,420000,14,0
Skoda,Rapid 1.6 MPI Active BSIV,Petrol,Manual,24000,1591.0,5,1st Owner,893000,6,0
Maruti,Ciaz Alpha Automatic BSIV,Petrol,Automatic,46000,1462.0,5,1st Owner,865000,8,0
Maruti,Baleno RS 1.0 Petrol,Petrol,Manual,30000,998.0,5,1st Owner,785000,9,0
Hyundai,i20 Active 1.2 SX,Petrol,Manual,30000,1197.0,5,1st Owner,765000,9,0
Maruti,Swift Dzire ZXI 1.2,Petrol,Manual,31000,1197.0,5,1st Owner,755000,9,0
Hyundai,Elite i20 2018 Diesel Asta Option,Diesel,Manual,46000,1396.0,5,1st Owner,750000,8,0
Maruti,Baleno 1.3 Zeta,Diesel,Manual,44000,1248.0,5,1st Owner,743000,10,0
Honda,Jazz V,Petrol,Manual,40000,1199.0,5,1st Owner,730000,7,0
Honda,City i DTec S,Diesel,Manual,39000,1498.0,5,1st Owner,705000,10,0
Hyundai,i20 Asta 1.2,Petrol,Manual,63759,1197.0,5,1st Owner,450000,13,0
Hyundai,i20 Active S Petrol,Petrol,Manual,29000,1197.0,5,2nd Owner,699000,8,0
Honda,Jazz 1.2 SV i VTEC,Petrol,Manual,42000,1199.0,5,1st Owner,695000,9,0
Hyundai,i20 Sportz 1.2,Petrol,Manual,37000,1197.0,5,1st Owner,675000,9,0
Maruti,Swift VXI,Petrol,Manual,40000,1197.0,5,1st Owner,675000,7,0
Honda,City i VTEC SV,Petrol,Manual,33000,1497.0,5,1st Owner,645000,12,0
Honda,Jazz 1.2 S i VTEC,Petrol,Manual,26000,1199.0,5,1st Owner,640000,8,0
Hyundai,Venue SX Plus Turbo DCT DT,Petrol,Automatic,24000,1197.0,5,1st Owner,1195000,5,0
Maruti,Ciaz VXi,Petrol,Manual,156596,1462.0,5,1st Owner,450000,11,0
Honda,BR-V i-VTEC VX MT,Petrol,Manual,98778,1497.0,7,1st Owner,580000,9,0
Skoda,Superb Elegance 1.8 TSI AT,Petrol,Automatic,145000,1798.0,5,2nd Owner,800000,16,0
Hyundai,i20 1.2 Asta Option,Petrol,Manual,26000,1197.0,5,1st Owner,790000,8,0
Skoda,Octavia 2.0 TDI AT Style Plus,Diesel,Automatic,60000,1968.0,5,2nd Owner,1750000,9,0
Honda,Jazz 1.2 VX i VTEC,Petrol,Manual,45000,1199.0,5,1st Owner,635000,9,0
Tata,Tiago XZA,Petrol,Automatic,27000,1199.0,5,1st Owner,625000,7,0
Skoda,Rapid 1.6 MPI AT Ambition BSIV,Petrol,Automatic,43000,1591.0,5,1st Owner,860000,8,0
Toyota,Corolla Altis GL MT,Petrol,Manual,37000,1798.0,5,1st Owner,990000,11,0
Audi,Q3 2.0 TDI Quattro Premium Plus,Diesel,Automatic,46000,1968.0,5,1st Owner,1989999,12,0
Hyundai,i10 Sportz AT,Petrol,Automatic,51366,1197.0,5,1st Owner,280000,15,0
Honda,Jazz 1.2 V AT i VTEC,Petrol,Automatic,77331,1199.0,5,1st Owner,630000,9,0
Honda,City i VTEC V,Petrol,Manual,77783,1497.0,5,1st Owner,630000,10,0
Skoda,Superb LK 2.0 TDI AT,Diesel,Automatic,44000,1968.0,5,1st Owner,2250000,10,0
Mahindra,TUV 300 T10 AMT,Diesel,Automatic,56276,1248.0,5,2nd Owner,625000,8,0
Honda,Brio V MT,Petrol,Manual,44408,1199.0,5,2nd Owner,290000,14,0
Tata,Manza Aqua Quadrajet,Diesel,Manual,80000,1368.0,5,1st Owner,150000,16,0
Volkswagen,Ameo 1.0 MPI Highline Plus,Petrol,Manual,20000,999.0,5,1st Owner,610000,7,0
Jeep,Compass 1.4 Limited Opt DCT,Petrol,Automatic,19000,1368.0,5,1st Owner,2390000,5,0
Ford,Endeavour 2.2 Titanium AT 4X2,Diesel,Automatic,73500,2179.0,7,1st Owner,2700000,7,0
Maruti,Ciaz Delta Automatic BSIV,Petrol,Automatic,28783,1462.0,5,1st Owner,810000,7,0
Maruti,Vitara Brezza ZDi,Diesel,Manual,43000,1248.0,5,1st Owner,975000,8,0
Skoda,Fabia 1.4 TDI Classic,Diesel,Manual,117500,1368.0,5,2nd Owner,150000,16,0
Maruti,Swift Dzire VXi AT,Petrol,Automatic,46352,1197.0,5,1st Owner,450000,14,0
Volkswagen,Ameo 1.2 MPI Comfortline Plus,Petrol,Manual,84123,1198.0,5,1st Owner,440000,9,0
Hyundai,i20 Asta Option BSIV,Petrol,Manual,22773,1197.0,5,1st Owner,780000,7,0
Maruti,Alto 800 LXI,Petrol,Manual,20000,796.0,5,2nd Owner,300000,9,0
Chevrolet,Beat LT,Petrol,Manual,77075,999.0,5,3rd Owner,175000,15,0
Mercedes-Benz,GLC Progressive 220d,Diesel,Automatic,38000,2143.0,5,1st Owner,4300000,8,0
Renault,KWID 1.0 RXT,Petrol,Manual,70000,999.0,5,1st Owner,210000,10,0
Mercedes-Benz,GLA Class 200 d Sport,Diesel,Automatic,40000,1950.0,5,1st Owner,2050000,10,0
Fiat,Palio 1.2 ELX,Petrol,Manual,20000,1198.0,5,1st Owner,60000,24,0
Hyundai,Grand i10 Magna,Petrol,Manual,60000,1197.0,5,1st Owner,385000,10,0
Maruti,Alto LXi,Petrol,Manual,19521,796.0,5,1st Owner,185000,18,0
Maruti,Alto K10 VXI AMT,Petrol,Automatic,19800,998.0,5,2nd Owner,380000,9,0
Toyota,Innova Crysta 2.4 G MT,Diesel,Manual,50000,2393.0,7,1st Owner,1975000,7,0
Toyota,Etios VXD,Diesel,Manual,50000,1364.0,5,1st Owner,585000,14,0
Honda,City i-VTEC VX,Petrol,Manual,37000,1497.0,5,1st Owner,1050000,7,0
Mahindra,TUV 300 T10,Diesel,Manual,40000,1497.0,5,1st Owner,800000,7,0
Honda,WR-V i-DTEC S,Diesel,Manual,10700,1498.0,5,1st Owner,825000,9,0
Honda,City i VTEC V,Petrol,Manual,31800,1497.0,5,1st Owner,610000,12,0
Maruti,Baleno 1.2 Zeta,Petrol,Manual,32400,1197.0,5,1st Owner,579000,10,0
Honda,Amaze VX Petrol,Petrol,Manual,4700,1199.0,5,1st Owner,785000,6,0
Hyundai,Grand i10 1.2 Kappa Sportz BSIV,Petrol,Manual,33500,1197.0,5,1st Owner,525000,8,0
Maruti,Swift Dzire VDI,Diesel,Manual,54800,1248.0,5,1st Owner,699000,8,0
Hyundai,Verna CRDi 1.6 EX,Diesel,Manual,44000,1582.0,5,1st Owner,799000,9,0
Maruti,Wagon R VXI BS IV,Petrol,Manual,19000,998.0,5,1st Owner,415000,12,0
Honda,Jazz VX CVT,Petrol,Automatic,22000,1199.0,5,1st Owner,789000,7,0
Hyundai,i20 Sportz,Petrol,Manual,12900,1197.0,5,1st Owner,785000,6,0
Honda,Amaze V CVT Petrol BSIV,Petrol,Automatic,22700,1199.0,5,1st Owner,780000,7,0
Maruti,Zen Estilo VXI BSIV,Petrol,Manual,69000,993.0,5,2nd Owner,189000,16,0
Hyundai,Santro Xing GL Plus,Petrol,Manual,60000,1086.0,5,1st Owner,269000,14,0
Hyundai,i20 Sportz,Petrol,Manual,9500,1197.0,5,1st Owner,900000,6,0
Honda,City i-VTEC SV,Petrol,Manual,15000,1497.0,5,1st Owner,980000,5,0
Kia,Seltos HTK Plus G,Petrol,Manual,19000,1497.0,5,1st Owner,1260000,6,0
Toyota,Innova Crysta 2.4 ZX 7 STR AT,Diesel,Automatic,3500,2393.0,7,1st Owner,3050000,4,0
Ford,Figo Petrol ZXI,Petrol,Manual,81721,1194.0,5,1st Owner,190000,16,0
Maruti,Zen Estilo LXI BS IV,Petrol,Manual,109656,993.0,5,1st Owner,210000,14,0
Ford,Figo Petrol ZXI,Petrol,Manual,87955,1194.0,5,1st Owner,195000,14,0
Maruti,Alto K10 VXI AMT,Petrol,Automatic,50000,998.0,5,1st Owner,330000,11,0
Maruti,Swift Dzire AMT ZXI Plus,Petrol,Automatic,12990,1197.0,5,1st Owner,800000,7,0
BMW,5 Series 530d M Sport,Diesel,Automatic,75099,2993.0,5,1st Owner,2999000,12,0
Mercedes-Benz,GL-Class 350 CDI Luxury,Diesel,Automatic,120000,2987.0,5,1st Owner,1450000,16,0
Skoda,Rapid 1.5 TDI AT Elegance Black Package,Diesel,Automatic,70000,1498.0,5,2nd Owner,595000,11,0
Hyundai,i20 Asta,Petrol,Manual,90000,1197.0,5,2nd Owner,250000,17,0
Renault,Duster RXS Turbo CVT,Petrol,Automatic,10000,1498.0,5,2nd Owner,1250000,5,0
Hyundai,Creta 1.6 SX Automatic,Petrol,Automatic,44000,1591.0,5,1st Owner,1275000,8,0
Skoda,Rapid Ultima 1.6 MPI AT Elegance,Petrol,Automatic,29500,1591.0,5,1st Owner,689000,13,0
Honda,Brio V MT,Petrol,Manual,81200,1199.0,5,1st Owner,315000,13,0
Mahindra,TUV 300 mHAWK100 T8 AMT,Diesel,Automatic,50000,1199.0,5,1st Owner,700000,10,0
Volkswagen,Vento 1.5 TDI Highline AT,Diesel,Automatic,141383,1498.0,5,1st Owner,610000,10,0
Honda,Amaze VX CVT Petrol BSIV,Petrol,Automatic,34392,1199.0,5,1st Owner,800000,7,0
Hyundai,Verna SX CRDi AT,Diesel,Automatic,90000,1582.0,5,1st Owner,600000,13,0
Hyundai,Grand i10 Magna,Petrol,Manual,47681,1197.0,5,1st Owner,390000,12,0
Mini,Cooper Countryman Cooper S,Petrol,Automatic,25900,993.0,5,1st Owner,4099000,7,0
Hyundai,Santro Xing GL,Petrol,Manual,120000,1086.0,5,3rd Owner,155000,17,0
Maruti,Zen LXI,Petrol,Manual,68952,993.0,5,2nd Owner,99000,23,0
Hyundai,i10 Asta,Petrol,Manual,41525,1197.0,5,2nd Owner,335000,15,0
Tata,Altroz XZ Diesel,Diesel,Manual,15000,1497.0,5,1st Owner,890000,5,0
Kia,Seltos GTX DCT,Petrol,Automatic,11000,1497.0,5,1st Owner,1825000,5,0
Jeep,Compass 2.0 Limited,Diesel,Manual,29990,1956.0,5,1st Owner,1950000,7,0
Honda,City ZX CVT,Petrol,Automatic,25000,1497.0,5,1st Owner,1450000,6,0
Hyundai,Verna SX AT Diesel,Diesel,Automatic,20000,1582.0,5,1st Owner,1500000,4,0
Ford,Figo 1.5D Base MT,Diesel,Manual,90000,1498.0,5,2nd Owner,400000,10,0
Honda,WR-V i-DTEC VX,Diesel,Manual,80000,1498.0,5,1st Owner,875000,8,0
Honda,City i VTEC CVT VX,Petrol,Automatic,50000,1497.0,5,2nd Owner,850000,10,0
Mahindra,Scorpio SLE BSIV,Diesel,Manual,90000,2179.0,7,2nd Owner,480000,16,0
Toyota,Corolla Altis G AT,Petrol,Automatic,70000,1798.0,5,2nd Owner,926000,11,0
Maruti,Ignis Delta AMT,Petrol,Automatic,20000,1197.0,5,1st Owner,600000,6,0
Skoda,Rapid 1.0 TSI Style AT,Petrol,Automatic,25000,999.0,5,1st Owner,990000,8,0
Maruti,Alto LXi,Petrol,Manual,60000,796.0,5,2nd Owner,45000,20,0
Audi,Q3 35 TDI Quattro Premium,Diesel,Automatic,56000,1968.0,5,1st Owner,2205000,11,0
Honda,City i VTEC CVT VX,Petrol,Automatic,53000,1497.0,5,1st Owner,850000,10,0
Ford,Ecosport Sports Petrol,Petrol,Manual,10000,1497.0,5,1st Owner,969999,6,0
Audi,A4 2.0 TDI Multitronic,Diesel,Automatic,110000,1968.0,5,1st Owner,1050000,14,0
Toyota,Innova Crysta 2.4 ZX MT BSIV,Diesel,Manual,99990,2393.0,7,1st Owner,2200000,8,0
Skoda,Rapid 1.6 MPI Elegance Plus Black Package,Petrol,Manual,68000,1591.0,5,2nd Owner,420000,12,0
BMW,5 Series 520d Modern Line,Diesel,Automatic,68500,1995.0,5,4th Owner,2100000,12,0
Maruti,Swift ZXi BSIV,Petrol,Manual,50599,1197.0,5,2nd Owner,575000,11,0
Volkswagen,Polo 1.0 MPI Comfortline,Petrol,Manual,54431,999.0,5,2nd Owner,484999,11,0
Honda,City i-VTEC CVT VX,Petrol,Automatic,65855,1497.0,5,1st Owner,950000,7,0
Ford,Ecosport 1.5 DV5 MT Titanium,Diesel,Manual,113706,1498.0,5,2nd Owner,484999,12,0
Tata,Nexon EV Prime XZ Plus LUX,Electric,Automatic,40000,0.0,5,1st Owner,1450000,6,1
Mahindra,Scorpio EX,Diesel,Manual,100000,2179.0,7,2nd Owner,550000,14,0
Mahindra,Marazzo M6 Plus 8Str,Diesel,Manual,36700,1497.0,7,1st Owner,1485000,5,0
Hyundai,Verna 1.6 i ABS,Petrol,Manual,40000,1591.0,5,2nd Owner,250000,17,0
Toyota,Innova Crysta 2.4 VX MT,Diesel,Manual,50000,2393.0,7,1st Owner,2450000,6,0
Toyota,Innova Crysta 2.8 ZX AT BSIV,Diesel,Automatic,50000,2755.0,7,1st Owner,2650000,7,0
Hyundai,Grand i10 Nios Sportz,Petrol,Manual,40000,1197.0,5,1st Owner,600000,7,0
Mercedes-Benz,GLS 350d 4MATIC,Diesel,Automatic,135000,2987.0,7,1st Owner,6500000,8,0
Honda,Jazz 1.2 SV i VTEC,Petrol,Manual,40000,1199.0,5,1st Owner,610000,10,0
Audi,A6 35 TDI,Diesel,Automatic,15000,1968.0,5,1st Owner,3300000,10,0
Hyundai,Creta 1.6 SX Automatic,Petrol,Automatic,39000,1591.0,5,1st Owner,1035000,10,0
Mercedes-Benz,GLE 350d,Diesel,Automatic,60000,2987.0,5,2nd Owner,4750000,10,0
Toyota,Etios GD,Diesel,Manual,120000,1364.0,5,4th Owner,320000,13,0
Toyota,Innova Crysta 2.8 ZX AT BSIV,Diesel,Automatic,60000,2755.0,7,1st Owner,2575000,7,0
Mercedes-Benz,GLE 250d,Diesel,Automatic,45000,2143.0,5,1st Owner,4950000,9,0
BMW,X1 sDrive 20d xLine,Diesel,Automatic,23000,1995.0,5,1st Owner,3675000,7,0
Mahindra,XUV500 W11 AT BSIV,Diesel,Automatic,46952,2179.0,7,1st Owner,1700000,7,0
Mahindra,KUV 100 NXT D75 K8 Dual Tone,Diesel,Manual,35000,1198.0,5,2nd Owner,450000,9,0
Skoda,Rapid 1.6 MPI Elegance,Petrol,Manual,70000,1591.0,5,2nd Owner,430000,12,0
Hyundai,Verna CRDi 1.6 SX,Diesel,Manual,90000,1582.0,5,2nd Owner,880000,8,0
Maruti,Celerio X ZXI BSIV,Petrol,Manual,35000,998.0,5,1st Owner,425000,8,0
Hyundai,Grand i10 1.2 Kappa Sportz BSIV,Petrol,Manual,19400,1197.0,5,1st Owner,525000,8,0
Hyundai,i20 1.2 Sportz,Petrol,Manual,80000,1197.0,5,2nd Owner,305000,14,0
Hyundai,Grand i10 Magna,Petrol,Manual,30900,1197.0,5,1st Owner,450000,11,0
Kia,Seltos GTX Plus DCT,Petrol,Automatic,30000,1497.0,5,1st Owner,1750000,5,0
Hyundai,Santa Fe 4x4 AT,Diesel,Automatic,77000,1591.0,5,1st Owner,1300000,13,0
Hyundai,Creta 1.6 SX,Petrol,Manual,36000,1591.0,5,1st Owner,1350000,8,0
Hyundai,Creta 1.6 SX Automatic,Petrol,Automatic,19000,1591.0,5,1st Owner,1450000,7,0
Ford,Ecosport 1.5 Diesel Titanium Plus BSIV,Diesel,Manual,70000,1498.0,5,1st Owner,825000,9,0
Skoda,Octavia Ambition 1.4 TSI MT,Petrol,Manual,85000,1368.0,5,1st Owner,1200000,12,0
Audi,A4 2.0 TFSI,Petrol,Automatic,23000,1968.0,5,1st Owner,1500000,16,0
Skoda,Octavia Elegance 2.0 TDI AT,Diesel,Automatic,75000,1968.0,5,1st Owner,1600000,11,0
Toyota,Fortuner 4x4 AT,Diesel,Automatic,85000,2755.0,7,1st Owner,1950000,13,0
Toyota,Corolla Altis 1.8 J,Petrol,Manual,50000,1798.0,5,1st Owner,775000,14,0
Toyota,Camry Hybrid,Electric,Automatic,50000,0.0,5,1st Owner,2300000,11,1
Toyota,Fortuner 4x4 AT,Diesel,Automatic,60000,2755.0,7,1st Owner,2550000,10,0
Volvo,XC 90 D5 Inscription,Diesel,Automatic,60000,998.0,5,1st Owner,6500000,8,0
Volvo,S60 D4 SUMMUM,Diesel,Automatic,36000,2698.0,5,1st Owner,2200000,11,0
Volvo,XC60 D5 Inscription,Diesel,Automatic,120000,1968.0,5,1st Owner,2400000,11,0
Audi,A6 2.7 TDI,Diesel,Automatic,70000,2694.0,5,1st Owner,1300000,16,0
Audi,Q3 2.0 TDI WCI,Diesel,Automatic,94000,1968.0,5,2nd Owner,1600000,13,0
Mini,3 DOOR Cooper S,Petrol,Automatic,9000,1197.0,5,1st Owner,3750000,8,0
Audi,Q7 3.0 TDI quattro,Diesel,Automatic,135000,2967.0,7,1st Owner,2300000,13,0
Audi,Q7 45 TDI Quattro Premium Plus,Diesel,Automatic,70000,2967.0,7,1st Owner,5800000,8,0
BMW,3 Series 320d,Diesel,Automatic,39000,1995.0,5,1st Owner,1500000,15,0
BMW,3 Series 320d,Diesel,Automatic,50000,1995.0,5,1st Owner,1600000,14,0
BMW,3 Series 320d Sport,Diesel,Automatic,8000,1995.0,5,1st Owner,4500000,6,0
BMW,X3 xDrive30d M Sport,Diesel,Automatic,50000,2993.0,5,1st Owner,4000000,10,0
Mercedes-Benz,S-Class S 350 d,Diesel,Automatic,14000,2987.0,5,1st Owner,13000000,6,0
BMW,5 Series 520d Luxury Line,Diesel,Automatic,40000,1995.0,5,1st Owner,4600000,8,0
Volkswagen,Polo Diesel Comfortline 1.2L,Diesel,Manual,196000,1498.0,5,2nd Owner,375000,13,0
Volkswagen,Vento 1.5 TDI Highline Plus AT,Diesel,Automatic,95000,1498.0,5,1st Owner,850000,8,0
Tata,Nexon 1.5 Revotorq XM,Diesel,Manual,48632,1493.0,5,1st Owner,750000,8,0
Mercedes-Benz,C-Class 200 K AT,Petrol,Automatic,90000,1991.0,5,2nd Owner,800000,18,0
Volkswagen,Vento 1.5 TDI Highline Plus AT,Diesel,Automatic,95000,1498.0,5,1st Owner,850000,8,0
Mercedes-Benz,C-Class C 220 CDI Avantgarde,Diesel,Automatic,55000,2143.0,5,1st Owner,3900000,8,0
Mercedes-Benz,E-Class Exclusive E 220d,Diesel,Automatic,18000,2143.0,5,1st Owner,4700000,9,0
Mercedes-Benz,GLC 220d 4MATIC Sport,Diesel,Automatic,29000,2143.0,5,1st Owner,5000000,8,0
Toyota,Yaris J CVT,Petrol,Automatic,5000,1197.0,5,1st Owner,1100000,6,0
BMW,7 Series 730Ld DPE Signature,Diesel,Automatic,25000,2993.0,5,1st Owner,7000000,9,0
Hyundai,i10 Asta,Petrol,Manual,41000,1197.0,5,2nd Owner,325000,15,0
Hyundai,EON Era,Petrol,Manual,63463,814.0,5,1st Owner,250000,13,0
Renault,Kiger RXT Turbo CVT,Petrol,Automatic,20000,999.0,5,1st Owner,899000,5,0
Maruti,Alto 800 LXI Anniversary Edition,Petrol,Manual,69852,796.0,5,1st Owner,267000,12,0
Hyundai,Grand i10 Magna AT,Petrol,Automatic,29584,1197.0,5,1st Owner,525000,10,0
Maruti,Wagon R VXI BS IV,Petrol,Manual,27514,998.0,5,1st Owner,395000,12,0
Renault,Triber RXZ BSIV,Petrol,Manual,30339,999.0,7,1st Owner,690000,7,0
Maruti,Baleno Alpha CVT,Petrol,Automatic,39386,1197.0,5,1st Owner,850000,7,0
Maruti,Wagon R VXI BS IV,Petrol,Manual,64671,998.0,5,1st Owner,300000,14,0
Hyundai,Santro Sportz BSIV,Petrol,Manual,30670,1086.0,5,1st Owner,490000,7,0
Maruti,Swift VDI,Diesel,Manual,46086,1248.0,5,1st Owner,670000,8,0
Maruti,Baleno 1.2 Delta,Petrol,Manual,70346,1197.0,5,1st Owner,550000,11,0
Maruti,Wagon R VXI,Petrol,Manual,50000,998.0,5,1st Owner,150000,21,0
Honda,Amaze S i-Vtech,Petrol,Manual,80000,1199.0,5,1st Owner,400000,11,0
Maruti,Wagon R AMT VXI Option,Petrol,Automatic,58365,998.0,5,1st Owner,449000,10,0
Maruti,Wagon R VXI Plus,Petrol,Manual,12000,998.0,5,1st Owner,499000,9,0
Hyundai,i20 Magna,Petrol,Manual,58182,1197.0,5,1st Owner,290000,17,0
Hyundai,Grand i10 Magna,Petrol,Manual,325000,1197.0,5,1st Owner,325000,13,0
Fiat,Punto 1.3 Active,Diesel,Manual,127152,1248.0,5,1st Owner,270000,12,0
Jeep,Compass 2.0 Limited,Diesel,Manual,98492,1956.0,5,1st Owner,1220000,8,0
Maruti,Swift Dzire AGS ZDI Plus,Diesel,Automatic,23000,1248.0,5,1st Owner,775000,8,0
Audi,A3 35 TDI Premium Plus,Diesel,Automatic,45000,1968.0,5,1st Owner,2075000,9,0
Toyota,Innova Crysta 2.8 ZX AT BSIV,Diesel,Automatic,63001,2755.0,7,1st Owner,2490000,7,0
Ford,Endeavour 3.2 Trend AT 4X4,Diesel,Automatic,72000,3198.0,7,1st Owner,2050000,10,0
Maruti,XL6 Zeta,Petrol,Manual,26000,1461.0,5,1st Owner,1145000,6,0
Toyota,Innova Crysta 2.8 GX AT BSIV,Diesel,Automatic,46000,2755.0,7,2nd Owner,2075000,7,0
Toyota,Innova Crysta 2.4 VX MT,Diesel,Manual,140000,2393.0,7,1st Owner,1950000,8,0
Hyundai,Venue SX Plus Turbo DCT,Petrol,Automatic,3500,1197.0,5,1st Owner,1060000,5,0
Maruti,Ciaz ZDi SHVS,Diesel,Manual,120000,1248.0,5,1st Owner,540000,11,0
Volvo,XC 90 D5 Inscription,Diesel,Automatic,39000,998.0,5,1st Owner,6500000,8,0
Volkswagen,Vento 1.5 TDI Highline AT,Diesel,Automatic,79100,1498.0,5,1st Owner,950000,9,0
Maruti,Zen Estilo LXI BS IV,Petrol,Manual,60000,993.0,5,2nd Owner,175000,17,0
Maruti,XL6 Alpha,Petrol,Manual,30000,1598.0,5,1st Owner,1000000,4,0
Tata,Altroz XZ Diesel,Diesel,Manual,46000,1497.0,5,1st Owner,825000,6,0
Volkswagen,Vento 1.6 Comfortline,Petrol,Manual,65232,1591.0,5,1st Owner,860000,8,0
Volkswagen,Polo Diesel Comfortline 1.2L,Diesel,Manual,106865,1498.0,5,1st Owner,270000,16,0
Mahindra,TUV 300 T8 AMT,Diesel,Automatic,49900,1498.0,5,1st Owner,800000,10,0
Mahindra,Scorpio SLX 2.6 Turbo 7 Str,Diesel,Manual,100000,2179.0,7,3rd Owner,265000,19,0
Ford,Aspire 1.5 TDCi Titanium Plus,Diesel,Manual,110000,1498.0,5,1st Owner,525000,11,0
Hyundai,Santro Magna Corp Edition AMT,Petrol,Automatic,9000,1086.0,5,1st Owner,576000,6,0
Maruti,SX4 S Cross Alpha,Petrol,Manual,15000,1248.0,5,1st Owner,944999,6,0
Ford,Endeavour Titanium Plus 4X4,Diesel,Automatic,45000,2198.0,7,1st Owner,3250000,7,0
Maruti,Swift VDI,Diesel,Manual,100000,1248.0,5,2nd Owner,450000,13,0
Honda,BR-V i-VTEC V CVT,Petrol,Automatic,80000,1497.0,7,2nd Owner,815000,9,0
Hyundai,i20 Sportz 1.4 CRDi,Diesel,Manual,80000,1396.0,5,1st Owner,532000,11,0
Hyundai,i20 Asta Turbo DCT DT,Petrol,Automatic,11000,1197.0,5,1st Owner,1125000,5,0
Honda,City i VTEC CVT VX,Petrol,Automatic,50000,1497.0,5,2nd Owner,725000,11,0
Hyundai,i20 Asta 1.4 CRDi,Diesel,Manual,90000,1396.0,5,1st Owner,575000,11,0
Hyundai,Grand i10 1.2 Kappa Asta,Petrol,Manual,90000,1197.0,5,1st Owner,500000,8,0
Skoda,Rapid 1.5 TDI AT Style BSIV,Diesel,Automatic,93500,1498.0,5,1st Owner,975000,7,0
Hyundai,Creta 1.6 VTVT AT SX Plus,Petrol,Automatic,32000,1591.0,5,2nd Owner,999000,9,0
Maruti,Wagon R VXI BS IV,Petrol,Manual,60000,998.0,5,1st Owner,340000,12,0
Chevrolet,Beat Diesel LS,Diesel,Manual,70000,1497.0,5,2nd Owner,215000,11,0
Honda,City ZX CVT,Petrol,Automatic,70000,1497.0,5,2nd Owner,860000,9,0
Volkswagen,Beetle 2.0,Petrol,Automatic,18999,1968.0,5,2nd Owner,1525000,16,0
Honda,Civic 1.8 V AT,Petrol,Automatic,110000,1799.0,5,2nd Owner,350000,19,0
Maruti,Swift Dzire VDi,Diesel,Manual,145000,1248.0,5,2nd Owner,315000,15,0
Hyundai,i10 Magna 1.2 iTech SE,Petrol,Manual,60000,1197.0,5,1st Owner,190000,18,0
Renault,Pulse RxL Optional,Diesel,Manual,50000,1197.0,5,1st Owner,250000,14,0
Maruti,Wagon R VXI BS IV,Petrol,Manual,70000,998.0,5,2nd Owner,330000,11,0
Hyundai,i20 Active 1.2 S,Petrol,Manual,48000,1197.0,5,1st Owner,590000,11,0
Isuzu,MU 7 4x2 BS III,Diesel,Manual,80000,1582.0,5,3rd Owner,800000,12,0
Hyundai,Aura S Diesel,Diesel,Manual,40000,998.0,5,1st Owner,775000,6,0
Hyundai,Verna 1.6 CRDi SX,Diesel,Manual,50000,1582.0,5,1st Owner,700000,11,0
Fiat,Punto Pure 1.3L Advanced Multi-Jet,Diesel,Manual,158763,2179.0,5,1st Owner,200000,14,0
BMW,3 Series 320d Luxury Line,Diesel,Automatic,35000,1995.0,5,1st Owner,3150000,9,0
Tata,Safari Storme LX,Diesel,Manual,90000,1956.0,7,2nd Owner,310000,14,0
Mahindra,XUV500 W8 AWD,Diesel,Manual,120000,2179.0,7,3rd Owner,750000,13,0
Honda,City i VTEC V,Petrol,Manual,60000,1497.0,5,2nd Owner,550000,11,0
Mahindra,XUV500 W8 2WD,Diesel,Manual,70000,2179.0,7,1st Owner,900000,11,0
Honda,City E,Petrol,Manual,97320,1497.0,5,1st Owner,425000,14,0
Volkswagen,Vento Diesel Highline,Diesel,Manual,118393,1498.0,5,1st Owner,490000,12,0
Honda,Jazz ZX,Petrol,Manual,24774,1199.0,5,1st Owner,890000,5,0
Fiat,Linea Emotion,Petrol,Manual,50000,1968.0,5,1st Owner,170000,16,0
Renault,KWID Climber 1.0 AMT,Petrol,Automatic,13800,999.0,5,1st Owner,490000,6,0
Skoda,Yeti Ambition 4X2,Diesel,Manual,147000,998.0,5,2nd Owner,400000,15,0
Honda,Amaze SX i-VTEC,Petrol,Manual,50000,1199.0,5,3rd Owner,480000,10,0
Hyundai,EON 1.0 Era Plus,Petrol,Manual,50000,998.0,5,2nd Owner,320000,9,0
Honda,BR-V i-DTEC S MT,Diesel,Manual,30000,1498.0,7,1st Owner,850000,8,0
Toyota,Innova 2.5 VX (Diesel) 8 Seater BS IV,Diesel,Manual,56001,2494.0,7,1st Owner,1490000,12,0
Honda,City i DTec V,Diesel,Manual,60000,1498.0,5,1st Owner,725000,10,0
Toyota,Corolla Altis VL AT,Petrol,Automatic,32976,1798.0,5,2nd Owner,1039000,10,0
Maruti,Wagon R VXI BS IV,Petrol,Manual,6830,998.0,5,1st Owner,354000,12,0
Nissan,Micra Active XV S,Petrol,Manual,76018,1198.0,5,1st Owner,328000,10,0
Hyundai,EON Magna Plus,Petrol,Manual,65841,814.0,5,1st Owner,270000,10,0
Hyundai,Creta 1.6 VTVT E Plus,Petrol,Manual,29943,1591.0,5,2nd Owner,799000,9,0
Tata,New Safari DICOR 2.2 EX 4x2,Diesel,Manual,35383,2179.0,7,1st Owner,501000,12,0
Maruti,Zen VXI BSII,Petrol,Manual,90000,993.0,5,3rd Owner,95000,22,0
Skoda,Superb Elegance 1.8 TSI AT,Petrol,Automatic,50000,1798.0,5,2nd Owner,475000,14,0
Chevrolet,Beat LS,Petrol,Manual,63723,1197.0,5,1st Owner,134000,16,0
Maruti,Wagon R LXI CNG,Cng,Manual,75270,998.0,5,1st Owner,340000,10,0
Hyundai,i20 1.2 Asta,Petrol,Manual,80502,1197.0,5,3rd Owner,264000,15,0
Fiat,Linea 1.4 Emotion,Petrol,Manual,39520,1368.0,5,1st Owner,224000,13,0
Volkswagen,Polo Petrol Highline 1.2L,Petrol,Manual,60000,1198.0,5,1st Owner,295000,15,0
Volkswagen,Polo Petrol Highline 1.2L,Petrol,Manual,79000,1198.0,5,1st Owner,265000,16,0
Volkswagen,CrossPolo 1.5 TDI,Diesel,Manual,66000,1498.0,5,1st Owner,484999,11,0
Mahindra,XUV500 W8 2WD,Diesel,Manual,116509,2179.0,7,2nd Owner,463000,14,0
Audi,A6 3.0 TDI Quattro Technology,Diesel,Automatic,76398,2967.0,5,2nd Owner,1085000,14,0
Audi,RS5 Coupe,Petrol,Automatic,55000,2894.0,5,2nd Owner,3500000,15,0
Hyundai,i20 Sportz 1.2,Petrol,Manual,61000,1197.0,5,1st Owner,447000,12,0
Land,Rover Freelander 2 SE,Diesel,Automatic,80000,999.0,5,2nd Owner,1850000,12,0
Maruti,Ciaz VDi Plus SHVS,Diesel,Manual,64803,1248.0,5,1st Owner,604000,10,0
Hyundai,i20 1.2 Sportz,Petrol,Manual,34453,1197.0,5,1st Owner,252000,16,0
Maruti,Swift Dzire AMT VXI,Petrol,Automatic,17348,1197.0,5,2nd Owner,575000,9,0
Tata,Nexon 1.5 Revotorq XM,Diesel,Manual,102732,1493.0,5,1st Owner,600000,8,0
Nissan,Sunny XL CVT,Petrol,Automatic,90592,1198.0,5,1st Owner,400000,13,0
Maruti,Baleno Alpha Diesel,Diesel,Manual,80000,1248.0,5,1st Owner,750000,8,0
Honda,Amaze VX i-Vtech,Petrol,Manual,19062,1199.0,5,1st Owner,470000,11,0
Honda,CR-V 2.4L 4WD AT,Petrol,Automatic,65000,1997.0,5,1st Owner,1075000,11,0
Mitsubishi,Outlander 2.4,Petrol,Automatic,45000,2354.0,5,1st Owner,525000,15,0
Volkswagen,Polo Diesel Highline 1.2L,Diesel,Manual,83634,1498.0,5,1st Owner,398000,13,0
Mercedes-Benz,M-Class ML 350 4Matic,Diesel,Automatic,103000,2987.0,5,2nd Owner,2050000,13,0
Mahindra,TUV 300 T8 AMT,Diesel,Automatic,42032,1498.0,5,2nd Owner,599000,10,0
Honda,Mobilio S i-DTEC,Diesel,Manual,89653,1498.0,7,3rd Owner,436000,12,0
Mercedes-Benz,GLC 220d 4MATIC Sport,Diesel,Automatic,57000,2143.0,5,1st Owner,4500000,8,0
Mercedes-Benz,GL-Class 350 CDI Blue Efficiency,Diesel,Automatic,80000,2987.0,5,1st Owner,3275000,12,0
BMW,X1 sDrive 20D xLine,Diesel,Automatic,82000,1995.0,5,3rd Owner,950000,13,0
Audi,A4 2.0 TDI,Diesel,Automatic,50000,1968.0,5,1st Owner,1225000,13,0
Toyota,Camry Hybrid 2.5,Petrol,Automatic,98000,2494.0,5,1st Owner,1875000,8,0
Volkswagen,Polo 1.5 TDI Comfortline,Diesel,Manual,71033,1498.0,5,2nd Owner,393000,12,0
Toyota,Corolla Altis 1.8 VL AT,Petrol,Automatic,95000,1798.0,5,3rd Owner,325000,17,0
Mahindra,XUV500 W10 AWD,Diesel,Manual,68000,2179.0,7,2nd Owner,1200000,8,0
Audi,A6 2.0 TDI Premium Plus,Diesel,Automatic,98000,1968.0,5,2nd Owner,1275000,13,0
Maruti,Swift Vdi BSIII,Diesel,Manual,92860,1248.0,5,1st Owner,199000,18,0
Honda,City E,Petrol,Manual,77132,1497.0,5,1st Owner,300000,14,0
Skoda,New Laura L and K AT,Diesel,Automatic,118971,1197.0,5,2nd Owner,135000,18,0
MG,ZS EV Exclusive,Electric,Automatic,28000,0.0,5,1st Owner,2185000,5,1
Volkswagen,Vento Petrol Highline AT,Petrol,Automatic,71760,1598.0,5,1st Owner,273000,16,0
Skoda,Octavia Elegance 2.0 TDI AT,Diesel,Automatic,84612,1968.0,5,1st Owner,913000,12,0
Maruti,Ciaz VDI SHVS,Diesel,Manual,124183,1248.0,5,1st Owner,593000,9,0
Maruti,Wagon R LXI CNG,Cng,Manual,47756,998.0,5,1st Owner,341000,10,0
BMW,X5 xDrive 30d M Sport,Diesel,Automatic,65000,2993.0,5,1st Owner,5200000,9,0
Hyundai,Verna 1.6 SX VTVT,Petrol,Manual,37125,1591.0,5,1st Owner,375000,15,0
Hyundai,Verna 1.6 SX VTVT,Petrol,Manual,87013,1591.0,5,3rd Owner,352000,13,0
Honda,City 1.5 S MT,Petrol,Manual,149232,1497.0,5,1st Owner,271000,16,0
Volkswagen,Vento Petrol Highline,Petrol,Manual,82145,1598.0,5,3rd Owner,254000,14,0
Toyota,Etios Liva GD,Diesel,Manual,75805,1364.0,5,1st Owner,282000,15,0
Renault,Duster 110PS Diesel RxL,Diesel,Manual,73000,1461.0,5,1st Owner,575000,11,0
Maruti,Swift Dzire VXi,Petrol,Manual,91717,1197.0,5,2nd Owner,190000,17,0
Maruti,Swift VXI,Petrol,Manual,61828,1197.0,5,1st Owner,317000,13,0
Maruti,Wagon R LXI BS IV,Petrol,Manual,98554,998.0,5,1st Owner,238000,14,0
Maruti,Ertiga ZXI,Petrol,Manual,112696,1462.0,7,2nd Owner,462000,13,0
BMW,7 Series 730Ld,Diesel,Automatic,9329,2993.0,5,1st Owner,2418000,13,0
Skoda,Rapid 1.5 TDI Style BSIV,Diesel,Manual,64419,1498.0,5,1st Owner,666000,9,0
Maruti,Swift Dzire VDI,Diesel,Manual,91892,1248.0,5,1st Owner,563000,10,0
Hyundai,i20 Asta 1.2,Petrol,Manual,50827,1197.0,5,2nd Owner,479000,11,0
Maruti,Baleno 1.2 Alpha,Petrol,Manual,69167,1197.0,5,1st Owner,553000,11,0
Chevrolet,Spark 1.0 LT,Petrol,Manual,84489,999.0,5,3rd Owner,99205,15,0
Kia,Seltos HTE D,Diesel,Manual,35343,1493.0,5,1st Owner,1182000,5,0
Maruti,Wagon R VXI BS IV,Petrol,Manual,100527,998.0,5,1st Owner,236000,14,0
Tata,Nexon EV Prime XZ Plus,Electric,Automatic,54239,0.0,5,1st Owner,367000,6,1
Renault,KWID RXT Optional,Petrol,Manual,26457,799.0,5,3rd Owner,313000,8,0
Maruti,Ertiga VXI CNG,Cng,Manual,67231,1462.0,7,1st Owner,486000,12,0
Maruti,Wagon R LXI Minor Duo LPG,Lpg,Manual,74228,998.0,5,1st Owner,121000,18,0
Maruti,Celerio VXI CNG Optional BSIV,Cng,Manual,55362,998.0,5,1st Owner,451000,9,0
Hyundai,i10 Magna AT,Petrol,Automatic,80896,1197.0,5,3rd Owner,179000,16,0
Skoda,Slavia 1.0 TSI Ambition,Petrol,Manual,2263,999.0,5,1st Owner,1270000,4,0
Hyundai,Creta SX Diesel,Diesel,Manual,25000,1582.0,5,1st Owner,1750000,5,0
Maruti,Vitara Brezza ZXI Plus,Petrol,Manual,14572,1462.0,5,1st Owner,1008000,5,0
Toyota,Innova 2.5 G4 Diesel 8-seater,Diesel,Manual,91865,2494.0,8,1st Owner,566000,15,0
Honda,Mobilio S i-DTEC,Diesel,Manual,77000,1498.0,7,1st Owner,595000,11,0
Hyundai,Grand i10 Magna,Petrol,Manual,36109,1197.0,5,1st Owner,395000,12,0
Jaguar,XJ 5.0 L V8 Supercharged,Petrol,Automatic,72000,2499.0,5,2nd Owner,2975000,14,0
Toyota,Fortuner 2.8 2WD AT,Diesel,Automatic,73500,2755.0,7,1st Owner,3000000,8,0
Chevrolet,Tavera Neo 3 LS 7 C BSIII,Diesel,Manual,212171,2755.0,7,1st Owner,596000,11,0
Honda,City i VTEC VX Option,Petrol,Manual,73079,1497.0,5,1st Owner,712000,10,0
Toyota,Innova Crysta 2.8 GX AT BSIV,Diesel,Automatic,47791,2755.0,7,1st Owner,1546000,9,0
Maruti,Ciaz ZXi,Petrol,Manual,89982,1462.0,5,2nd Owner,490000,11,0
Hyundai,Santro Xing GLS,Petrol,Manual,100694,1086.0,7,3rd Owner,112999,18,0
Volkswagen,Polo Petrol Comfortline 1.2L,Petrol,Manual,42788,1198.0,5,2nd Owner,303000,13,0
Maruti,Swift VXI,Petrol,Manual,53127,1197.0,5,2nd Owner,276000,14,0
Maruti,Swift Dzire Ldi BSIV,Diesel,Manual,47832,1248.0,5,2nd Owner,256999,16,0
Toyota,Fortuner 3.0 Diesel,Diesel,Manual,119570,2982.0,7,2nd Owner,878999,16,0
Tata,Zest Revotron 1.2 XT,Petrol,Manual,13251,1199.0,5,1st Owner,323000,11,0
Hyundai,Verna SX Opt Turbo,Petrol,Automatic,10514,1591.0,5,1st Owner,1432000,5,0
Ford,Ecosport 1.5 Ti VCT MT Trend,Petrol,Manual,58613,1498.0,5,1st Owner,444000,13,0
Tata,Nano Lx,Petrol,Manual,46883,624.0,4,2nd Owner,54613,16,0
Volkswagen,Polo Petrol Highline 1.6L,Petrol,Manual,56000,1198.0,5,2nd Owner,325000,15,0
Chevrolet,Enjoy Petrol LS 8 Seater,Petrol,Manual,210000,1197.0,7,1st Owner,300000,12,0
Hyundai,i10 Sportz 1.2 AT,Petrol,Automatic,103000,1197.0,5,2nd Owner,249000,16,0
Hyundai,i20 1.2 Sportz,Petrol,Manual,86000,1197.0,5,1st Owner,345000,14,0
Volkswagen,Vento Petrol Highline,Petrol,Manual,76000,1598.0,5,1st Owner,299000,15,0
Volkswagen,Vento Petrol Highline AT,Petrol,Automatic,76000,1598.0,5,2nd Owner,325000,15,0
Maruti,Wagon R LXI CNG Optional,Cng,Manual,40000,998.0,5,3rd Owner,400000,9,0
Hyundai,Tucson 2.0 e-VGT 2WD AT GL,Diesel,Automatic,50000,1998.0,5,1st Owner,1750000,8,0
Hyundai,Verna VTVT 1.6 AT SX Option,Petrol,Automatic,20000,1591.0,5,1st Owner,1030000,8,0
Mahindra,XUV500 W8 FWD,Diesel,Manual,74000,2179.0,7,1st Owner,669000,14,0
Hyundai,i10 Magna,Petrol,Manual,120000,1197.0,5,3rd Owner,120000,18,0
Maruti,Estilo LXI,Petrol,Manual,70000,998.0,5,2nd Owner,105000,17,0
Honda,City i DTEC V,Diesel,Manual,87000,1498.0,5,2nd Owner,650000,11,0
Honda,Civic 1.8 S MT,Petrol,Manual,110000,1799.0,5,3rd Owner,140000,19,0
Skoda,Superb Style 1.8 TSI AT,Petrol,Automatic,61000,1798.0,5,1st Owner,1650000,9,0
Volkswagen,Polo 1.2 MPI Highline,Petrol,Manual,21300,1198.0,5,1st Owner,580000,10,0
Mahindra,Bolero ZLX BSIII,Diesel,Manual,110000,2523.0,7,3rd Owner,520000,11,0
Toyota,Urban cruiser High AT,Petrol,Automatic,11400,1462.0,5,1st Owner,1215000,4,0
Honda,WR-V Exclusive Petrol,Petrol,Manual,30000,1199.0,5,1st Owner,700000,8,0
Hyundai,Elantra CRDi SX,Diesel,Manual,120000,1582.0,5,3rd Owner,550000,12,0
Honda,City i VTEC VX,Petrol,Manual,98000,1497.0,5,1st Owner,500000,12,0
Skoda,Superb 1.8 TSI MT,Petrol,Manual,50000,1798.0,5,1st Owner,355000,16,0
Maruti,SX4 Zxi BSIII,Petrol,Manual,100000,1498.0,5,2nd Owner,150000,19,0
Maruti,Swift Dzire VXI,Petrol,Manual,73000,1197.0,5,1st Owner,450000,13,0
Mitsubishi,Pajero 2.8 L,Diesel,Manual,90786,2755.0,7,2nd Owner,550000,19,0
Hyundai,Venue SX Diesel,Diesel,Manual,14801,1493.0,5,1st Owner,1048000,6,0
Maruti,Alto LXi,Petrol,Manual,70000,796.0,5,3rd Owner,110000,18,0
Maruti,Wagon R VXI BS IV,Petrol,Manual,40000,998.0,5,4th Owner,350000,9,0
Nissan,Sunny Diesel XV,Diesel,Manual,120000,1461.0,5,1st Owner,350000,12,0
Tata,Zest Quadrajet 1.3 XT,Diesel,Manual,77000,1248.0,5,1st Owner,450000,10,0
Maruti,Vitara Brezza VDi Option,Diesel,Manual,90000,1248.0,5,1st Owner,750000,9,0
Maruti,Alto LXi BSIII,Petrol,Manual,100000,796.0,5,2nd Owner,170000,18,0
Hyundai,Verna CRDi,Diesel,Manual,175000,1582.0,5,3rd Owner,200000,16,0
Mahindra,XUV500 W10 AWD,Diesel,Manual,155000,2179.0,7,2nd Owner,921000,11,0
Hyundai,Verna CRDi SX ABS,Diesel,Manual,170000,1582.0,5,2nd Owner,150000,19,0
Hyundai,i20 1.2 Asta,Petrol,Manual,70000,1197.0,5,3rd Owner,300000,16,0
Hyundai,i10 Era LPG,Lpg,Manual,25000,1197.0,5,1st Owner,235000,14,0
Tata,Indica GLS,Petrol,Manual,72000,1248.0,7,2nd Owner,125000,18,0
Renault,Kiger RXZ AMT DT,Petrol,Automatic,8500,999.0,5,1st Owner,900000,5,0
Chevrolet,Sail Hatchback 1.3 TCDi,Diesel,Manual,120000,1248.0,5,1st Owner,260000,12,0
Fiat,Punto 1.3 Emotion,Diesel,Manual,100000,1248.0,5,2nd Owner,300000,12,0
Honda,City ZX CVT,Petrol,Automatic,10000,1497.0,5,1st Owner,1500000,5,0
Hyundai,i20 Asta 1.4 CRDi,Diesel,Manual,70000,1396.0,5,2nd Owner,415000,13,0
Toyota,Corolla Altis 1.8 Limited Edition,Petrol,Manual,32000,1798.0,5,1st Owner,875000,11,0
Hyundai,Xcent 1.2 Kappa AT S Option,Petrol,Automatic,70000,1197.0,5,3rd Owner,450000,11,0
Honda,City i-DTEC VX,Diesel,Manual,110000,1498.0,5,2nd Owner,800000,9,0
Ford,Fusion 1.6 Duratec Petrol,Petrol,Manual,110000,1591.0,5,2nd Owner,61000,19,0
Tata,Indica Xeta GLS BS IV,Petrol,Manual,80000,1498.0,7,2nd Owner,130000,20,0
Volkswagen,Polo 1.5 TDI Highline,Diesel,Manual,90000,1498.0,5,2nd Owner,450000,11,0
Honda,Amaze VX CVT Diesel,Diesel,Automatic,50000,1498.0,5,1st Owner,1100000,5,0
Chevrolet,Spark 1.0 LS LPG,Lpg,Manual,60000,999.0,5,2nd Owner,90000,17,0
Chevrolet,Spark 1.0 LS LPG,Lpg,Manual,60000,999.0,5,2nd Owner,85000,17,0
Ford,Figo Petrol Titanium,Petrol,Manual,50000,1194.0,5,3rd Owner,130000,16,0
Toyota,Innova 2.5 G1 Diesel 8-seater,Diesel,Manual,120000,2494.0,7,4th Owner,200000,21,0
Maruti,Wagon R VXI 1.2 BSIV,Petrol,Manual,108000,1197.0,5,4th Owner,259000,13,0
Hyundai,EON Era Plus,Petrol,Manual,60000,814.0,5,2nd Owner,300000,11,0
Maruti,Swift VVT VXI,Petrol,Manual,50000,1197.0,5,2nd Owner,450000,10,0
Honda,Civic 1.8 S MT,Petrol,Manual,110000,1799.0,5,3rd Owner,140000,19,0
Hyundai,Grand i10 1.2 Kappa Asta,Petrol,Manual,60000,1197.0,5,1st Owner,525000,9,0
Mercedes-Benz,C-Class C 250 CDI Avantgarde,Diesel,Automatic,75000,2143.0,5,2nd Owner,1190000,15,0
Jaguar,XF 2.2 Litre Luxury,Diesel,Automatic,50000,2179.0,5,1st Owner,2475000,11,0
Skoda,Superb LK 1.8 TSI AT,Petrol,Automatic,69000,1798.0,5,1st Owner,1711000,10,0
BMW,X1 sDrive20d,Diesel,Automatic,135000,1995.0,5,1st Owner,1170000,15,0
Mercedes-Benz,CLA 200 CDI Sport,Diesel,Automatic,24000,2143.0,5,1st Owner,2800000,8,0
Mercedes-Benz,S-Class S 500 L,Petrol,Automatic,72000,1995.0,5,1st Owner,1875000,15,0
Hyundai,Santa Fe 4x4 AT,Diesel,Automatic,126000,1591.0,5,2nd Owner,775000,14,0
BMW,3 Series GT Luxury Line,Diesel,Automatic,14000,1799.0,5,1st Owner,4400000,6,0
BMW,3 Series 320d Luxury Line,Diesel,Automatic,61000,1995.0,5,2nd Owner,1850000,11,0
Honda,Civic 1.8 V MT,Petrol,Manual,60000,1799.0,5,1st Owner,250000,18,0
Tata,Tiago 1.2 Revotron XZ Plus,Petrol,Manual,5000,1199.0,5,1st Owner,500000,7,0
Renault,KWID 1.0 RXT Opt,Petrol,Manual,25000,999.0,5,2nd Owner,380000,6,0
Toyota,Corolla Altis VL AT,Petrol,Automatic,50000,1798.0,5,1st Owner,950000,11,0
Hyundai,i20 Sportz 1.4 CRDi,Diesel,Manual,60000,1396.0,5,1st Owner,500000,13,0
Mercedes-Benz,GLA Class 200 Sport,Petrol,Automatic,15000,1991.0,5,1st Owner,3300000,6,0
Skoda,Octavia Ambiente 1.9 TDI,Diesel,Manual,96000,1968.0,5,2nd Owner,345000,17,0
Maruti,Alto LXi BSIII,Petrol,Manual,120000,796.0,5,4th Owner,139000,19,0
Honda,City i VTEC CVT VX,Petrol,Automatic,70000,1497.0,5,1st Owner,711000,10,0
Tata,Nexon 1.2 Revotron XM,Petrol,Manual,22045,1199.0,5,1st Owner,799000,7,0
Maruti,Swift Dzire 1.2 Lxi BSIV,Petrol,Manual,110000,1197.0,5,3rd Owner,240000,15,0
Nissan,Micra Diesel XV,Diesel,Manual,70000,1461.0,5,2nd Owner,285000,14,0
Toyota,Innova 2.5 G (Diesel) 7 Seater,Diesel,Manual,141292,2494.0,7,1st Owner,640000,15,0
Maruti,Zen Estilo VXI BSIV,Petrol,Manual,93313,993.0,5,2nd Owner,190000,16,0
Maruti,Swift Dzire ZXI 1.2 BS IV,Petrol,Manual,20798,1197.0,5,1st Owner,700000,8,0
Maruti,Wagon R CNG LXI,Cng,Manual,91849,998.0,5,1st Owner,390000,11,0
Maruti,Baleno 1.2 Sigma,Petrol,Manual,15758,1197.0,5,1st Owner,625000,7,0
Hyundai,i20 1.2 Sportz,Petrol,Manual,80000,1197.0,5,2nd Owner,250000,16,0
Ford,Ecosport 1.5 DV5 MT Titanium,Diesel,Manual,121000,1498.0,5,1st Owner,545000,13,0
Honda,City i VTEC SV,Petrol,Manual,83114,1497.0,5,1st Owner,610000,11,0
Honda,City i VTEC SV,Petrol,Manual,76357,1497.0,5,1st Owner,595000,11,0
Maruti,Ciaz Alpha AT,Petrol,Automatic,10000,1462.0,5,1st Owner,960000,6,0
Maruti,Wagon R LXI Minor,Petrol,Manual,90000,998.0,5,2nd Owner,105000,19,0
Maruti,Ciaz ZXi Plus,Petrol,Manual,50000,1462.0,5,1st Owner,630000,9,0
Maruti,Eeco CNG 5 Seater AC BSIV,Cng,Manual,40000,1196.0,5,2nd Owner,450000,9,0
Honda,Jazz 1.5 VX i DTEC,Diesel,Manual,110000,1498.0,5,2nd Owner,550000,10,0
Maruti,Baleno 1.2 CVT Zeta,Petrol,Automatic,25000,1197.0,5,1st Owner,640000,9,0
Tata,Tigor 1.05 Revotorq XT,Diesel,Manual,120000,1047.0,5,1st Owner,450000,9,0
Hyundai,Santro GS zipDrive - Euro II,Petrol,Manual,120000,1086.0,5,1st Owner,75000,23,0
Hyundai,EON LPG Magna Plus,Lpg,Manual,120000,814.0,5,2nd Owner,261000,12,0
Hyundai,Verna 1.6 SX CRDi (O),Diesel,Manual,100000,1582.0,5,2nd Owner,434999,13,0
Hyundai,i20 Asta Option Diesel,Diesel,Manual,110000,1396.0,5,1st Owner,740000,7,0
Tata,Tigor XZ Plus,Petrol,Manual,40000,1199.0,5,1st Owner,570000,7,0
Maruti,Alto 800 VXI,Petrol,Manual,80000,796.0,5,1st Owner,290000,11,0
Maruti,Wagon R LXI CNG,Cng,Manual,100000,998.0,5,1st Owner,315000,13,0
Mahindra,Bolero ZLX,Diesel,Manual,50000,2523.0,7,1st Owner,625000,11,0
Maruti,Alto LX,Petrol,Manual,46000,796.0,5,2nd Owner,65000,23,0
Mercedes-Benz,S-Class 320 CDI,Diesel,Automatic,87000,1248.0,5,2nd Owner,950000,19,0
Maruti,Alto LXI,Petrol,Manual,75000,796.0,5,1st Owner,80000,22,0
Tata,Manza Aura (ABS) Quadrajet BS IV,Diesel,Manual,110000,1405.0,5,2nd Owner,190000,16,0
Honda,Accord 2.4 Inspire M/T,Petrol,Manual,64000,2354.0,5,1st Owner,425000,16,0
Tata,Indica Terra TDI BSIII,Diesel,Manual,77000,1598.0,5,1st Owner,200000,16,0
Honda,City EXi,Petrol,Manual,110000,1497.0,5,3rd Owner,140000,19,0
Volkswagen,Vento Diesel Highline,Diesel,Manual,100000,1498.0,5,2nd Owner,280000,15,0
Tata,Indigo GLX,Petrol,Manual,50000,1968.0,5,1st Owner,100000,22,0
Hyundai,i10 Era,Petrol,Manual,62000,1197.0,5,2nd Owner,295000,13,0
Toyota,Qualis FS B1,Diesel,Manual,120000,998.0,5,3rd Owner,170000,24,0
Hyundai,Xcent Prime T Plus CNG,Cng,Manual,120000,1197.0,5,2nd Owner,409999,8,0
Maruti,Wagon R LXI Optional,Petrol,Manual,90000,998.0,5,2nd Owner,360000,10,0
Maruti,Swift VDI,Diesel,Manual,80000,1248.0,5,2nd Owner,400000,13,0
Maruti,SX4 Vxi BSIII,Petrol,Manual,120000,998.0,5,2nd Owner,170000,19,0
Datsun,RediGO AMT 1.0 T Option,Petrol,Automatic,15000,999.0,5,1st Owner,310000,8,0
Skoda,Superb LK 1.8 TSI AT,Petrol,Automatic,80000,1798.0,5,1st Owner,1700000,9,0
BMW,3 Series 320d,Diesel,Automatic,90000,1995.0,5,1st Owner,500000,15,0
Maruti,Super Carry STD CNG,Cng,Manual,10000,1198.0,5,1st Owner,580000,5,0
Honda,WR-V i-DTEC VX,Diesel,Manual,70000,1498.0,5,1st Owner,650000,9,0
Honda,CR-V AT With Sun Roof,Petrol,Automatic,100000,1997.0,5,3rd Owner,350000,18,0
Maruti,Wagon R LXI Minor,Petrol,Manual,80000,998.0,5,4th Owner,50000,20,0
Mahindra,XUV500 W8 4WD,Diesel,Manual,160000,2179.0,7,5th Owner,550000,14,0
Maruti,Wagon R VXI BS IV,Petrol,Manual,48000,998.0,5,1st Owner,340000,12,0
Chevrolet,Cruze LTZ,Diesel,Manual,90000,1248.0,5,2nd Owner,310000,15,0
Datsun,GO A,Petrol,Manual,50000,1198.0,5,3rd Owner,250000,10,0
Ford,Ikon 1.3 Flair,Petrol,Manual,107000,1248.0,5,1st Owner,80000,21,0
Mahindra,Supro VX 5 Str,Diesel,Manual,30000,2143.0,5,1st Owner,350000,9,0
Maruti,Wagon R VXI Plus Optional,Petrol,Manual,35000,998.0,5,2nd Owner,390000,8,0
Mercedes-Benz,C-Class C 220 CDI Elegance AT,Diesel,Automatic,70000,2143.0,5,2nd Owner,649000,16,0
Mercedes-Benz,E-Class E270 CDI,Diesel,Automatic,69146,1498.0,5,2nd Owner,685000,20,0
Audi,Q5 3.0 TDI Quattro,Diesel,Automatic,67000,2967.0,5,2nd Owner,2900000,10,0
Honda,Jazz 1.5 VX i DTEC,Diesel,Manual,99452,1498.0,5,1st Owner,545000,10,0
Ford,Figo Titanium,Petrol,Manual,28330,1194.0,5,1st Owner,550000,6,0
Maruti,Baleno RS,Petrol,Manual,50960,1197.0,5,1st Owner,615000,9,0
Kia,Seltos HTX IVT G,Petrol,Automatic,13575,1497.0,5,1st Owner,1420000,5,0
Maruti,Swift Dzire VXi,Petrol,Manual,85000,1197.0,5,2nd Owner,190000,18,0
Maruti,Wagon R LXI BS IV,Petrol,Manual,85000,998.0,5,2nd Owner,265000,14,0
Jeep,Compass 2.0 Longitude Option BSIV,Diesel,Manual,67008,1956.0,5,3rd Owner,1113000,9,0
Hyundai,i10 Sportz,Petrol,Manual,81000,1197.0,5,1st Owner,245000,16,0
Toyota,Etios VD,Diesel,Manual,80000,1364.0,5,2nd Owner,330000,15,0
Maruti,Baleno 1.2 Sigma,Petrol,Manual,17000,1197.0,5,1st Owner,535000,10,0
Honda,Amaze V CVT Petrol,Petrol,Automatic,22000,1199.0,5,1st Owner,795000,7,0
Hyundai,Aura S CNG,Cng,Manual,31000,998.0,5,1st Owner,750000,5,0
Tata,Nano CNG XM,Cng,Manual,72000,624.0,4,2nd Owner,170000,11,0
Hyundai,Grand i10 1.2 Kappa Sportz Option AT,Petrol,Automatic,68000,1197.0,5,1st Owner,520000,9,0
Hyundai,EON Sportz,Petrol,Manual,32935,814.0,5,1st Owner,320000,9,0
Hyundai,Grand i10 1.2 Kappa Sportz BSIV,Petrol,Manual,16000,1197.0,5,1st Owner,570000,8,0
Honda,Brio S MT,Petrol,Manual,72224,1199.0,5,1st Owner,330000,13,0
Hyundai,EON 1.0 Era Plus,Petrol,Manual,35667,998.0,5,1st Owner,295000,9,0
Tata,Zest Revotron 1.2T XMS,Petrol,Manual,58602,1197.0,5,1st Owner,375000,11,0
Hyundai,i10 Magna,Petrol,Manual,40102,1197.0,5,1st Owner,245000,14,0
Hyundai,Grand i10 1.2 Kappa Sportz BSIV,Petrol,Manual,70518,1197.0,5,1st Owner,495000,9,0
Hyundai,i20 Sportz 1.2,Petrol,Manual,133876,1197.0,5,1st Owner,341000,13,0
Renault,Triber RXT EASY-R AMT,Petrol,Automatic,7309,999.0,7,1st Owner,811000,6,0
Renault,Duster 110PS Diesel RxL,Diesel,Manual,209362,1461.0,5,1st Owner,536000,11,0
Honda,City 1.5 V AT,Petrol,Automatic,105685,1497.0,5,2nd Owner,298000,16,0
Hyundai,Santro Xing GL,Petrol,Manual,58415,1086.0,5,2nd Owner,113999,18,0
Honda,City 1.5 V MT,Petrol,Manual,69411,1497.0,5,2nd Owner,285000,16,0
Honda,WR-V i-VTEC VX,Petrol,Manual,31356,1199.0,5,1st Owner,715000,9,0
Maruti,A-Star Zxi,Petrol,Manual,112640,998.0,5,3rd Owner,158000,17,0
Kia,Seltos GTX Plus AT D,Diesel,Automatic,49289,1493.0,5,1st Owner,1828000,6,0
Hyundai,Verna Transform VTVT,Petrol,Manual,86208,1591.0,5,4th Owner,166000,16,0
Honda,City i VTEC V,Petrol,Manual,40530,1497.0,5,1st Owner,694000,10,0
Maruti,Ciaz ZXi Plus,Petrol,Manual,44877,1462.0,5,1st Owner,649000,10,0
Maruti,Alto K10 LXI CNG Optional,Cng,Manual,92170,998.0,5,1st Owner,316000,8,0
Maruti,Swift ZXI BSIII,Petrol,Manual,94301,1197.0,5,1st Owner,183000,18,0
Hyundai,Xcent 1.2 VTVT E Plus,Petrol,Manual,5140,1197.0,5,2nd Owner,528000,8,0
Mahindra,Ssangyong Rexton RX7,Diesel,Automatic,86261,1997.0,5,3rd Owner,530000,13,0
Honda,Jazz 1.5 VX i DTEC,Diesel,Manual,240521,1498.0,5,1st Owner,380000,11,0
Honda,CR-V 2.0L 2WD AT,Petrol,Automatic,74000,1997.0,5,1st Owner,1550000,10,0
BMW,5 Series 520d M Sport,Diesel,Automatic,33000,1995.0,5,2nd Owner,3656000,9,0
Tata,Nexon EV Prime XZ Plus,Electric,Automatic,19900,0.0,5,1st Owner,1595000,5,1
Volkswagen,Vento Diesel Trendline,Diesel,Manual,105014,1498.0,5,3rd Owner,275000,15,0
Renault,Triber RXZ EASY-R AMT,Petrol,Automatic,27174,999.0,7,1st Owner,800000,5,0
Maruti,Wagon R VXI BS IV,Petrol,Manual,68671,998.0,5,1st Owner,364000,10,0
Toyota,Fortuner 2.8 2WD MT,Diesel,Manual,100000,2755.0,7,1st Owner,3750000,7,0
Ford,Ecosport 1.5 DV5 MT Titanium Optional,Diesel,Manual,78452,1498.0,5,1st Owner,675000,11,0
Maruti,Swift Dzire VXI,Petrol,Manual,51200,1197.0,5,2nd Owner,449000,12,0
Hyundai,Creta 1.6 CRDi AT SX Plus,Diesel,Automatic,138314,1582.0,5,1st Owner,890000,11,0
Jaguar,F-Pace Prestige 2.0 AWD,Diesel,Automatic,66614,1998.0,5,1st Owner,4200000,10,0
Toyota,Innova Crysta 2.8 ZX AT BSIV,Diesel,Automatic,117000,2755.0,7,1st Owner,2250000,9,0
Mercedes-Benz,C-Class Progressive C 220d,Diesel,Automatic,24000,2143.0,5,2nd Owner,3900000,6,0
Maruti,Swift DDiS VDI,Diesel,Manual,135000,1248.0,5,1st Owner,630000,10,0
Mahindra,Thar LX 4-Str Hard Top Diesel,Diesel,Manual,4595,2184.0,5,1st Owner,1880000,4,0
Maruti,Alto 800 VXI,Petrol,Manual,58503,796.0,5,1st Owner,350000,9,0
Audi,A3 35 TDI Premium Plus,Diesel,Automatic,39000,1968.0,5,1st Owner,2580000,6,0
Ford,Ecosport 1.5 Diesel Trend Plus BSIV,Diesel,Manual,71000,1498.0,5,1st Owner,690000,9,0
Maruti,Ertiga VDI,Diesel,Manual,79369,1248.0,7,1st Owner,650000,14,0
Maruti,Ertiga ZXI,Petrol,Manual,100000,1462.0,7,1st Owner,550000,11,0
Renault,KWID Climber 1.0 AMT Opt,Petrol,Automatic,10000,999.0,5,1st Owner,500000,5,0
Maruti,Wagon R VXI AMT,Petrol,Automatic,22000,998.0,5,1st Owner,525000,8,0
Maruti,Alto 800 VXI,Petrol,Manual,21321,796.0,5,1st Owner,380000,8,0
MG,Astor Sharp CVT,Petrol,Automatic,8826,1498.0,5,1st Owner,1750000,4,0
Honda,CR-V 2.0L 2WD AT,Petrol,Automatic,14000,1997.0,5,1st Owner,2350000,8,0
Hyundai,i10 Sportz 1.1L,Petrol,Manual,20000,1197.0,5,1st Owner,400000,12,0
Maruti,Ignis 1.2 Alpha BSIV,Petrol,Manual,40000,1197.0,5,1st Owner,547000,9,0
Hyundai,i20 Sportz 1.2,Petrol,Manual,25000,1197.0,5,1st Owner,650000,9,0
Datsun,GO T Option Petrol,Petrol,Manual,30000,1198.0,5,2nd Owner,420000,7,0
Maruti,800 DX 5 Speed,Petrol,Manual,80000,796.0,5,1st Owner,40000,26,0
Mahindra,XUV500 W8 FWD,Diesel,Manual,98725,2179.0,7,1st Owner,750000,13,0
Maruti,Alto K10 2010-2014 VXI,Petrol,Manual,59632,998.0,5,1st Owner,265000,14,0
Hyundai,Creta 1.6 SX Automatic Diesel,Diesel,Automatic,71230,1582.0,5,1st Owner,1500000,8,0
Maruti,Swift VDI BSIV,Diesel,Manual,50000,1248.0,5,1st Owner,500000,12,0
Hyundai,Creta 1.6 CRDi SX Option,Diesel,Manual,117302,1582.0,5,1st Owner,980000,11,0
Maruti,Swift VXI,Petrol,Manual,78318,1197.0,5,1st Owner,434999,13,0
Maruti,Swift Dzire VDi,Diesel,Manual,98836,1248.0,5,1st Owner,470000,13,0
Maruti,Vitara Brezza ZDi,Diesel,Manual,88235,1248.0,5,1st Owner,1050000,7,0
Volkswagen,Vento Diesel Highline,Diesel,Manual,120000,1498.0,5,2nd Owner,380000,13,0
Maruti,Swift VDI,Diesel,Manual,110000,1248.0,5,2nd Owner,400000,14,0
Hyundai,Creta 1.6 CRDi SX Plus,Diesel,Manual,84738,1582.0,5,1st Owner,1250000,8,0
Maruti,Alto LX BSIII,Petrol,Manual,60000,796.0,5,3rd Owner,150000,19,0
Maruti,Baleno 1.2 Delta,Petrol,Manual,38238,1197.0,5,1st Owner,650000,9,0
Volkswagen,Vento 1.5 TDI Highline AT,Diesel,Automatic,114996,1498.0,5,1st Owner,725000,10,0
Mahindra,XUV500 W8 1.99 mHawk,Diesel,Manual,68269,2179.0,7,1st Owner,1090000,10,0
Tata,Altroz XZ,Petrol,Manual,15000,1199.0,5,1st Owner,850000,6,0
Volkswagen,Polo 1.5 TDI Highline,Diesel,Manual,101000,1498.0,5,1st Owner,525000,11,0
Maruti,Swift Dzire VDI,Diesel,Manual,90000,1248.0,5,1st Owner,509999,13,0
Skoda,Rapid 1.6 TDI Ambition,Diesel,Manual,103000,1582.0,5,1st Owner,360000,14,0
Ford,Ikon 1.3 Flair,Petrol,Manual,66000,1248.0,5,1st Owner,125000,21,0
Maruti,Ciaz VXi,Petrol,Manual,90623,1462.0,5,1st Owner,675000,12,0
Hyundai,Verna CRDi ABS,Diesel,Manual,100000,1582.0,5,2nd Owner,229999,18,0
Toyota,Innova Crysta 2.8 ZX AT BSIV,Diesel,Automatic,71000,2755.0,7,1st Owner,2730000,7,0
Maruti,Swift Dzire AMT VDI,Diesel,Automatic,70000,1248.0,5,2nd Owner,670000,9,0
Tata,Aria Pure 4x2,Diesel,Manual,38431,1248.0,5,1st Owner,620000,14,0
Honda,Amaze VX Diesel BSIV,Diesel,Manual,110000,1498.0,5,1st Owner,665000,8,0
Maruti,Swift VDI,Diesel,Manual,110000,1248.0,5,2nd Owner,450000,13,0
Toyota,Fortuner 3.0 Diesel,Diesel,Manual,249535,2982.0,7,1st Owner,1250000,15,0
Honda,Amaze S Petrol BSIV,Petrol,Manual,59858,1199.0,5,1st Owner,680000,8,0
Volkswagen,Polo 1.5 TDI Highline,Diesel,Manual,89506,1498.0,5,1st Owner,450000,13,0
Mahindra,XUV500 W8 4WD,Diesel,Manual,76365,2179.0,7,1st Owner,1150000,10,0
Hyundai,Xcent 1.2 Kappa SX,Petrol,Manual,120000,1197.0,5,2nd Owner,450000,12,0
Chevrolet,Beat LS,Petrol,Manual,35000,1197.0,5,2nd Owner,110000,15,0
Honda,City i-VTEC CVT ZX,Petrol,Automatic,25000,1497.0,5,1st Owner,1150000,8,0
Tata,Indigo LX BSIV,Diesel,Manual,81000,998.0,5,2nd Owner,239000,11,0
Honda,Amaze VX CVT i-VTEC,Petrol,Automatic,98328,1199.0,5,1st Owner,750000,7,0
Hyundai,Elantra 1.6 SX Option AT,Diesel,Automatic,50000,1582.0,5,2nd Owner,1200000,10,0
Hyundai,i20 Active 1.2 SX,Petrol,Manual,52548,1197.0,5,1st Owner,785000,9,0
Volkswagen,Jetta 2.0 TDI Trendline,Diesel,Manual,80000,1968.0,5,2nd Owner,218000,16,0
Honda,City GXi,Petrol,Manual,50000,1497.0,5,1st Owner,250000,19,0
MG,Astor Sharp,Petrol,Manual,10000,1498.0,5,1st Owner,1600000,4,0
Tata,Altroz XZ,Petrol,Manual,60000,1199.0,5,1st Owner,800000,6,0
Hyundai,i20 Sportz,Petrol,Manual,15000,1197.0,5,1st Owner,752000,6,0
Hyundai,Xcent 1.1 CRDi S,Diesel,Manual,100000,1086.0,5,1st Owner,450000,10,0
Hyundai,Creta 1.6 VTVT SX Plus,Petrol,Manual,27726,1591.0,5,1st Owner,1280000,8,0
Ford,Figo Diesel Titanium,Diesel,Manual,180000,1498.0,5,2nd Owner,210000,14,0
Maruti,SX4 ZXI MT BSIV,Petrol,Manual,40000,1197.0,5,1st Owner,250000,17,0
Mahindra,XUV500 W10 1.99 mHawk,Diesel,Manual,80252,2179.0,7,1st Owner,1350000,10,0
Maruti,Swift Dzire VXI,Petrol,Manual,90000,1197.0,5,1st Owner,420000,12,0
Maruti,Wagon R LXI,Petrol,Manual,75000,998.0,5,2nd Owner,130000,20,0
Mahindra,Scorpio VLX 2WD AIRBAG AT BSIV,Diesel,Manual,120000,2179.0,7,1st Owner,550000,16,0
Maruti,Alto K10 VXI AMT,Petrol,Automatic,57988,998.0,5,1st Owner,425000,7,0
Honda,City i DTEC V,Diesel,Manual,85000,1498.0,5,1st Owner,610000,12,0
Maruti,Wagon R VXI 1.2 BSIV,Petrol,Manual,62000,1197.0,5,1st Owner,430000,9,0
Maruti,Eeco 5 Seater AC BSIV,Petrol,Manual,63000,1196.0,5,1st Owner,500000,7,0
Hyundai,i10 Sportz,Petrol,Manual,65000,1197.0,5,1st Owner,390000,15,0
Mahindra,Bolero B6 Opt,Diesel,Manual,65000,2523.0,7,1st Owner,850000,6,0
Hyundai,Creta 1.6 CRDi SX,Diesel,Manual,99000,1582.0,5,1st Owner,1120000,9,0
Mahindra,TUV 300 T8,Diesel,Manual,80000,814.0,5,1st Owner,700000,9,0
Hyundai,Aura SX,Petrol,Manual,5000,1461.0,5,1st Owner,786000,5,0
Tata,Indica Aqua 1.4 TDI,Diesel,Manual,110000,1368.0,5,2nd Owner,100000,16,0
Renault,Duster 110PS Diesel RxZ,Diesel,Manual,142366,1461.0,5,1st Owner,400000,14,0
Mahindra,Xylo D2 BS IV,Diesel,Manual,170000,2179.0,5,3rd Owner,250000,11,0
Nissan,Micra Active XV Petrol,Petrol,Manual,54000,1198.0,5,1st Owner,409999,9,0
Maruti,Alto 800 LXI,Petrol,Manual,15000,796.0,5,1st Owner,350000,6,0
Honda,City VX MT,Petrol,Manual,42550,1497.0,5,1st Owner,1100000,5,0
Tata,Bolt Revotron XT,Petrol,Manual,110000,1086.0,5,2nd Owner,380000,8,0
Hyundai,Santro Xing XO,Petrol,Manual,70000,1086.0,5,2nd Owner,149000,19,0
Hyundai,Santro Xing XG,Petrol,Manual,90000,1086.0,5,3rd Owner,165000,22,0
Hyundai,Creta 1.6 SX Automatic Diesel,Diesel,Automatic,50540,1582.0,5,1st Owner,1600000,7,0
Maruti,Baleno Zeta,Petrol,Manual,35000,1197.0,5,1st Owner,750000,6,0
Datsun,RediGO S,Petrol,Manual,30000,799.0,5,2nd Owner,250000,9,0
Hyundai,i20 Asta 1.4 CRDi (Diesel),Diesel,Manual,90000,1396.0,5,2nd Owner,300000,16,0
Hyundai,Grand i10 Nios Sportz,Petrol,Manual,25000,1197.0,5,1st Owner,630000,6,0
Honda,Jazz 1.2 E i VTEC,Petrol,Manual,100000,1199.0,5,2nd Owner,380000,11,0
Maruti,SX4 Vxi BSIII,Petrol,Manual,90000,998.0,5,2nd Owner,254999,18,0
Hyundai,Verna VTVT 1.6 SX Option,Petrol,Manual,33783,1591.0,5,1st Owner,1180000,7,0
Maruti,Celerio ZXI AT,Petrol,Automatic,50000,998.0,5,2nd Owner,400000,10,0
Honda,Amaze VX Petrol BSIV,Petrol,Manual,30000,1199.0,5,1st Owner,720000,7,0
Maruti,Celerio ZXI MT BSIV,Petrol,Manual,50000,998.0,5,2nd Owner,490000,7,0
Datsun,GO T BSIV,Petrol,Manual,25000,1198.0,5,2nd Owner,325000,9,0
Hyundai,i20 Magna Plus BSIV,Petrol,Manual,40000,1197.0,5,2nd Owner,595000,7,0
Ford,Ecosport 1.5 Diesel Titanium,Diesel,Manual,68414,1498.0,5,1st Owner,835000,8,0
Volkswagen,Vento 1.5 TDI Highline AT,Diesel,Automatic,91777,1498.0,5,1st Owner,735000,10,0
Skoda,Rapid 1.6 TDI Active,Diesel,Manual,79399,1582.0,5,1st Owner,395000,15,0
Maruti,Vitara Brezza ZDi Plus AMT,Diesel,Automatic,70683,1248.0,5,1st Owner,1080000,8,0
Hyundai,EON Sportz,Petrol,Manual,37820,814.0,5,1st Owner,325000,11,0
Nissan,Micra Active XV Petrol,Petrol,Manual,25943,1198.0,5,1st Owner,475000,9,0
Skoda,Rapid 1.5 TDI Ambition,Diesel,Manual,63470,1498.0,5,1st Owner,520000,12,0
Maruti,Swift Dzire VDI Optional,Diesel,Manual,56500,1248.0,5,1st Owner,750000,9,0
Maruti,Celerio ZXI AMT BSIV,Petrol,Automatic,46364,998.0,5,1st Owner,580000,8,0
Maruti,Swift VDI,Diesel,Manual,138571,1248.0,5,1st Owner,630000,10,0
Tata,Nexon 1.2 Revotron XZA Plus DualTone,Petrol,Automatic,15000,796.0,5,1st Owner,1030000,6,0
Maruti,Zen D,Diesel,Manual,150000,993.0,5,1st Owner,75000,23,0
Hyundai,Santro Xing GLS,Petrol,Manual,44357,1086.0,7,2nd Owner,259000,17,0
Maruti,Wagon R ZXI 1.2,Petrol,Manual,20000,1197.0,5,1st Owner,550000,6,0
Volkswagen,Polo 1.5 TDI Highline,Diesel,Manual,60152,1498.0,5,1st Owner,530000,12,0
Ford,Freestyle Titanium,Petrol,Manual,10000,1194.0,5,1st Owner,700000,6,0
Mahindra,XUV500 R W10 FWD,Diesel,Manual,25000,2179.0,7,1st Owner,1350000,9,0
Maruti,Celerio ZXI Optional AMT BSIV,Petrol,Automatic,50000,998.0,5,2nd Owner,450000,8,0
Maruti,Vitara Brezza ZDi Plus,Diesel,Manual,44599,1248.0,5,1st Owner,975000,8,0
Toyota,Innova 2.5 VX (Diesel) 7 Seater BS IV,Diesel,Manual,289000,2494.0,7,2nd Owner,760000,13,0
Honda,City GXi,Petrol,Manual,80000,1497.0,5,1st Owner,250000,19,0
Hyundai,Santro Xing XO,Petrol,Manual,120000,1086.0,5,2nd Owner,165000,19,0
Kia,Seltos GTX Plus,Petrol,Manual,60000,1497.0,5,1st Owner,1550000,6,0
Honda,Amaze S i-Vtech,Petrol,Manual,60000,1199.0,5,1st Owner,325000,12,0
Hyundai,i20 Active 1.2 SX,Petrol,Manual,70000,1197.0,5,2nd Owner,550000,11,0
Maruti,Vitara Brezza ZDi,Diesel,Manual,90000,1248.0,5,2nd Owner,680000,9,0
Mahindra,Scorpio 2.6 Turbo 7 Str,Diesel,Manual,156000,2179.0,8,2nd Owner,240000,20,0
Maruti,Wagon R LXI BS IV,Petrol,Manual,35000,998.0,5,1st Owner,350000,12,0
Mahindra,XUV300 W8 Option Diesel,Diesel,Manual,78000,1497.0,5,1st Owner,1350000,6,0
Skoda,Rapid 1.6 MPI AT Style BSIV,Petrol,Automatic,40000,1591.0,5,1st Owner,760000,9,0
Hyundai,Santro Xing XL,Petrol,Manual,40000,1086.0,5,2nd Owner,140000,21,0
Kia,Sonet 1.5 HTX Diesel,Diesel,Manual,25000,1493.0,5,1st Owner,1100000,5,0
Maruti,Baleno Zeta,Petrol,Manual,80000,1197.0,5,1st Owner,700000,7,0
Maruti,Alto LXi BSIII,Petrol,Manual,77450,796.0,5,2nd Owner,120000,18,0
Volkswagen,Vento 1.5 TDI Highline,Diesel,Manual,170000,1498.0,5,1st Owner,509999,11,0
Hyundai,Grand i10 Nios AMT Asta,Petrol,Automatic,15000,1197.0,5,2nd Owner,710000,6,0
Skoda,Octavia L and K 1.9 TDI MT,Diesel,Manual,132000,1968.0,5,1st Owner,150000,21,0
Maruti,800 Std MPFi,Petrol,Manual,58000,796.0,5,1st Owner,125000,20,0
Maruti,SX4 Vxi BSIV,Petrol,Manual,60000,796.0,5,1st Owner,250000,15,0
Honda,City i VTEC V,Petrol,Manual,40000,1497.0,5,1st Owner,650000,10,0
Mercedes-Benz,C-Class 180 elegance,Petrol,Manual,80000,1248.0,5,2nd Owner,350000,22,0
Ford,Freestyle Trend Diesel BSIV,Diesel,Manual,70000,1498.0,5,1st Owner,545000,8,0
Maruti,Swift VDI,Diesel,Manual,55726,1248.0,5,1st Owner,385000,15,0
Maruti,Vitara Brezza ZDi Plus,Diesel,Manual,92916,1248.0,5,1st Owner,1150000,7,0
Toyota,Innova 2.5 V Diesel 7-seater,Diesel,Manual,120000,2494.0,7,4th Owner,350000,21,0
Maruti,Swift Dzire VDi,Diesel,Manual,120000,1248.0,5,2nd Owner,280000,15,0
Nissan,Micra Diesel XV Premium,Diesel,Manual,110000,1461.0,5,1st Owner,395000,11,0
Maruti,Swift VXI,Petrol,Manual,90000,1197.0,5,2nd Owner,350000,13,0
Chevrolet,Spark 1.0 LS LPG,Lpg,Manual,120000,999.0,5,2nd Owner,120000,17,0
Maruti,800 DX 5 Speed,Petrol,Manual,50000,796.0,5,3rd Owner,80000,25,0
MG,Hector Plus Sharp Diesel MT,Diesel,Manual,8000,1956.0,7,1st Owner,2150000,4,0
Renault,Duster 85PS Diesel RxL,Diesel,Manual,70000,1461.0,5,2nd Owner,595000,11,0
Skoda,Kodiaq 2.0 TDI Laurin Klement,Diesel,Automatic,60400,1968.0,5,1st Owner,3260000,7,0
Mahindra,TUV 300 T10 BSIV,Diesel,Manual,69824,1193.0,5,1st Owner,1130000,6,0
Tata,Tiago 1.2 Revotron XZ,Petrol,Manual,40000,1199.0,5,1st Owner,459999,10,0
Renault,Koleos 2.0 Diesel,Diesel,Automatic,121000,1998.0,5,2nd Owner,500000,14,0
Tata,Indigo GLX BS III,Petrol,Manual,40000,1248.0,5,2nd Owner,140000,16,0
Volkswagen,Jetta 2.0L TDI Highline AT,Diesel,Automatic,50000,1197.0,5,1st Owner,850000,10,0
Honda,City GXi,Petrol,Manual,100000,1497.0,5,2nd Owner,160000,20,0
Maruti,Ertiga VDI,Diesel,Manual,70000,1248.0,7,2nd Owner,650000,11,0
Hyundai,i20 1.2 Magna,Petrol,Manual,120000,1197.0,5,1st Owner,300000,14,0
Hyundai,i10 Sportz Option,Petrol,Manual,90000,1197.0,5,2nd Owner,295000,15,0
Toyota,Fortuner 4x2 AT,Diesel,Automatic,120000,2755.0,7,2nd Owner,1950000,11,0
Hyundai,Verna 1.6 CRDi EX MT,Diesel,Manual,80000,1582.0,5,1st Owner,450000,15,0
Hyundai,i20 Asta 1.4 AT,Petrol,Manual,110000,1396.0,5,2nd Owner,450000,13,0
Maruti,Ertiga ZXI Plus Petrol,Petrol,Manual,40000,1462.0,7,1st Owner,913000,7,0
Maruti,Zen LX,Petrol,Manual,100000,993.0,5,2nd Owner,60000,28,0
Skoda,Octavia 2.0 TDI AT L K,Diesel,Automatic,35700,1968.0,5,1st Owner,2095000,9,0
Maruti,Baleno Delta,Petrol,Manual,35000,1197.0,5,1st Owner,680000,5,0
Hyundai,Creta 1.6 VTVT E Plus,Petrol,Manual,43000,1591.0,5,1st Owner,751000,10,0
Hyundai,Grand i10 1.2 Kappa Sportz Option,Petrol,Manual,30000,1197.0,5,1st Owner,520000,8,0
Hyundai,i20 Diesel Sportz,Diesel,Manual,68000,1396.0,5,1st Owner,765000,8,0
Hyundai,Accent Executive,Petrol,Manual,90000,998.0,5,2nd Owner,120000,17,0
Maruti,Ertiga ZDI,Diesel,Manual,120000,1248.0,7,2nd Owner,509999,14,0
Ford,Ikon 1.3 Flair,Petrol,Manual,50000,1248.0,5,1st Owner,100000,19,0
Maruti,Wagon R VXI Plus,Petrol,Manual,38800,998.0,5,2nd Owner,465000,9,0
Maruti,Wagon R LXI Minor,Petrol,Manual,110000,998.0,5,2nd Owner,130000,19,0
Hyundai,Accent CRDi,Diesel,Manual,120000,1399.0,5,2nd Owner,99000,21,0
Maruti,Alto 800 VXI,Petrol,Manual,20439,796.0,5,1st Owner,434999,7,0
Ford,Ikon 1.3 Flair,Petrol,Manual,110000,1248.0,5,3rd Owner,130000,20,0
Chevrolet,Aveo 1.4 E,Petrol,Manual,120000,1368.0,5,2nd Owner,160000,19,0
Honda,Civic 1.8 S MT,Petrol,Manual,110000,1799.0,5,2nd Owner,300000,20,0
Maruti,Swift Dzire VDI,Diesel,Manual,80000,1248.0,5,1st Owner,650000,8,0
Hyundai,Santro LP zipPlus,Petrol,Manual,100000,1086.0,5,1st Owner,70000,24,0
Tata,Tiago 1.2 Revotron XZ,Petrol,Manual,60000,1199.0,5,1st Owner,450000,9,0
Nissan,Magnite Turbo XV Premium,Petrol,Manual,20000,999.0,5,1st Owner,900000,5,0
Audi,A4 New  2.0 TDI Multitronic,Diesel,Automatic,70000,1968.0,5,2nd Owner,750000,15,0
Maruti,Wagon R VXI Optional,Petrol,Manual,50000,998.0,5,1st Owner,430000,8,0
Tata,Indigo LS (TDI) BS III,Diesel,Manual,200000,995.0,5,2nd Owner,130000,18,0
Maruti,Zen Estilo 1.1 LXI BSIII,Petrol,Manual,60000,1086.0,5,2nd Owner,99000,19,0
Toyota,Corolla AE,Petrol,Manual,120000,1798.0,5,3rd Owner,170000,23,0
Maruti,Zen Estilo 1.1 LXI BSIII,Petrol,Manual,80000,1086.0,5,2nd Owner,120000,19,0
Chevrolet,Spark 1.0 LT Option Pack,Petrol,Manual,50000,999.0,5,2nd Owner,130000,14,0
Hyundai,Grand i10 1.2 Kappa Sportz Option,Petrol,Manual,15000,1197.0,5,1st Owner,600000,7,0
Hyundai,EON 1.0 Era Plus,Petrol,Manual,52552,998.0,5,1st Owner,295000,12,0
Hyundai,Grand i10 CRDi Asta,Diesel,Manual,63565,1120.0,5,1st Owner,560000,11,0
Mahindra,Scorpio S10 7 Seater,Diesel,Manual,154659,2179.0,7,1st Owner,1120000,11,0
Maruti,Zen LXI,Petrol,Manual,110000,993.0,5,2nd Owner,75000,24,0
Mahindra,XUV300 W6 Diesel,Diesel,Manual,27850,1497.0,5,1st Owner,1050000,6,0
Skoda,Rapid 1.6 MPI Style BSIV,Petrol,Manual,50000,1591.0,5,1st Owner,880000,8,0
Jeep,Compass 2.0 Limited Option 4X4,Diesel,Manual,37000,1956.0,5,1st Owner,1689999,9,0
Hyundai,Verna 1.6 SX VTVT,Petrol,Manual,96384,1591.0,5,1st Owner,430000,15,0
Hyundai,i20 1.2 Sportz,Petrol,Manual,66070,1197.0,5,1st Owner,390000,15,0
Mahindra,Bolero ZLX,Diesel,Manual,77500,2523.0,7,1st Owner,500000,13,0
Hyundai,Verna VTVT 1.6 SX,Petrol,Manual,76504,1591.0,5,1st Owner,830000,9,0
Honda,Mobilio V i-VTEC,Petrol,Manual,75763,1497.0,7,1st Owner,615000,12,0
Honda,City E,Petrol,Manual,58028,1497.0,5,1st Owner,515000,14,0
Maruti,Wagon R VXI,Petrol,Manual,96909,998.0,5,1st Owner,430000,11,0
Hyundai,EON Magna Plus Option,Petrol,Manual,49229,814.0,5,1st Owner,380000,9,0
Maruti,Swift VVT VXI,Petrol,Manual,82113,1197.0,5,1st Owner,490000,12,0
Maruti,Ciaz Delta 1.5,Diesel,Manual,50140,1493.0,5,1st Owner,803999,7,0
Maruti,Wagon R VXI BS IV,Petrol,Manual,89034,998.0,5,1st Owner,310000,12,0
Hyundai,Grand i10 Asta,Petrol,Manual,141692,1197.0,5,1st Owner,362000,12,0
Hyundai,Grand i10 1.2 CRDi Era,Diesel,Manual,90000,1197.0,5,1st Owner,475000,9,0
Honda,WR-V i-DTEC VX,Diesel,Manual,76407,1498.0,5,2nd Owner,832000,8,0
Maruti,Wagon R LXI CNG,Cng,Manual,103535,998.0,5,1st Owner,245000,14,0
Nissan,Magnite XV,Petrol,Manual,10048,999.0,5,1st Owner,831000,5,0
Toyota,Innova 2.5 VX (Diesel) 7 Seater BS IV,Diesel,Manual,193707,2494.0,7,1st Owner,784000,13,0
Renault,KWID 1.0 RXT Optional AT 2016-2019,Petrol,Automatic,20987,999.0,5,1st Owner,318000,8,0
Maruti,Baleno Delta Diesel,Diesel,Manual,77000,1248.0,5,1st Owner,690000,8,0
Maruti,Swift Dzire ZDI,Diesel,Manual,88000,1248.0,5,1st Owner,780000,9,0
Toyota,Innova Crysta 2.8 ZX AT BSIV,Diesel,Automatic,119000,2755.0,7,1st Owner,1770000,10,0
Maruti,Alto K10 2010-2014 VXI,Petrol,Manual,56000,998.0,5,1st Owner,280000,13,0
Honda,City GXi,Petrol,Manual,86000,1497.0,5,1st Owner,220000,20,0
Maruti,Alto 800 LXI,Petrol,Manual,68000,796.0,5,1st Owner,260000,12,0
Hyundai,Santro Xing GLS LPG,Lpg,Manual,76000,1086.0,7,1st Owner,280000,12,0
Skoda,Rapid 1.6 MPI AT Style,Petrol,Automatic,70354,1591.0,5,2nd Owner,505000,10,0
Maruti,Wagon R VXI,Petrol,Manual,117000,998.0,5,1st Owner,210000,17,0
Maruti,Vitara Brezza ZDi,Diesel,Manual,65000,1248.0,5,1st Owner,980000,7,0
Hyundai,Xcent 1.2 Kappa SX Option,Petrol,Manual,46865,1197.0,5,1st Owner,549000,9,0
Maruti,Swift Dzire ZDI,Diesel,Manual,77932,1248.0,5,2nd Owner,542000,11,0
Hyundai,Verna Transform SX VGT CRDi,Diesel,Manual,118215,1582.0,5,1st Owner,256000,16,0
Kia,Seltos HTX Plus D,Diesel,Manual,45873,1493.0,5,1st Owner,1630999,6,0
Maruti,Eeco 5 Seater AC BSIV,Petrol,Manual,115596,1196.0,5,1st Owner,256000,12,0
Hyundai,Accent GLE,Petrol,Manual,69218,1197.0,5,1st Owner,131000,19,0
Hyundai,Venue SX Plus Turbo DCT,Petrol,Automatic,26192,1197.0,5,1st Owner,1191000,6,0
Ford,Ecosport 1.5 DV5 MT Ambiente,Diesel,Manual,90992,1498.0,5,2nd Owner,484000,12,0
Volkswagen,Polo 1.2 MPI Highline,Petrol,Manual,42322,1198.0,5,2nd Owner,425000,12,0
Hyundai,Grand i10 1.2 Kappa Sportz BSIV,Petrol,Manual,20064,1197.0,5,1st Owner,581000,7,0
Hyundai,i10 Magna LPG,Lpg,Manual,37418,1197.0,5,1st Owner,281000,13,0
Ford,Ecosport 1.5 Diesel Titanium BSIV,Diesel,Manual,86102,1498.0,5,1st Owner,716000,9,0
Maruti,Wagon R LXI Minor Duo LPG,Lpg,Manual,105192,998.0,5,3rd Owner,110000,18,0
Hyundai,i10 Sportz 1.1L,Petrol,Manual,46895,1197.0,5,2nd Owner,334000,12,0
Honda,City 1.5 S MT,Petrol,Manual,94135,1497.0,5,2nd Owner,290000,17,0
Maruti,Alto LXi BSIII,Petrol,Manual,84278,796.0,5,2nd Owner,94058,18,0
Land,Rover Range Rover Evoque 2.0 S diesel 2020-2021,Diesel,Automatic,19150,1998.0,5,1st Owner,5052000,6,0
Honda,Amaze VX Petrol,Petrol,Manual,22803,1199.0,5,1st Owner,788000,5,0
Maruti,Vitara Brezza ZXI Plus,Petrol,Manual,35864,1462.0,5,2nd Owner,941000,6,0
Skoda,Rapid 1.5 TDI Ambition,Diesel,Manual,48007,1498.0,5,2nd Owner,585000,11,0
Hyundai,i20 Asta 1.4 CRDi,Diesel,Manual,98057,1396.0,5,2nd Owner,596000,10,0
Maruti,Swift VXI,Petrol,Manual,17222,1197.0,5,1st Owner,530000,8,0
Honda,City S,Petrol,Manual,77960,1497.0,5,2nd Owner,401000,14,0
Maruti,Ertiga VDI,Diesel,Manual,105812,1248.0,7,3rd Owner,566000,11,0
Hyundai,Grand i10 1.2 Kappa Sportz Option,Petrol,Manual,47180,1197.0,5,1st Owner,501999,9,0
Maruti,Swift VDI BSIV,Diesel,Manual,91865,1248.0,5,2nd Owner,250000,16,0
Hyundai,Santro Xing GLS,Petrol,Manual,121761,1086.0,7,1st Owner,121000,18,0
Maruti,Celerio ZXI AT,Petrol,Automatic,44540,998.0,5,1st Owner,393000,11,0
Hyundai,EON Era Plus,Petrol,Manual,27713,814.0,5,1st Owner,338000,8,0
BMW,X1 sDrive20d,Diesel,Automatic,83354,1995.0,5,2nd Owner,1345000,13,0
Maruti,Vitara Brezza LDi Option,Diesel,Manual,118587,1248.0,5,1st Owner,630000,9,0
Renault,Lodgy 110PS RxZ 8 Seater,Diesel,Manual,72318,1248.0,7,1st Owner,612000,10,0
Tata,Indigo eGLX BS IV,Petrol,Manual,88579,1248.0,5,1st Owner,150000,16,0
Toyota,Corolla Altis VL AT,Petrol,Automatic,69509,1798.0,5,2nd Owner,1143000,10,0
Volkswagen,Vento 1.2 TSI Highline AT,Petrol,Automatic,68012,1198.0,5,2nd Owner,737000,9,0
Maruti,Swift Dzire ZDI Plus,Diesel,Manual,71250,1248.0,5,1st Owner,775000,9,0
Maruti,Swift Dzire AMT VDI,Diesel,Automatic,76268,1248.0,5,2nd Owner,646000,9,0
Toyota,Fortuner 3.0 Diesel,Diesel,Manual,118649,2982.0,7,1st Owner,1052000,15,0
Volkswagen,Polo GT 1.0 TSI,Petrol,Automatic,19319,999.0,5,1st Owner,884000,5,0
Hyundai,i20 1.2 Asta,Petrol,Manual,69826,1197.0,5,1st Owner,755000,8,0
Hyundai,i10 Magna,Petrol,Manual,43274,1197.0,5,1st Owner,235000,18,0
Hyundai,i10 Magna 1.1L,Petrol,Manual,45950,1197.0,5,1st Owner,289000,13,0
Chevrolet,Cruze LTZ,Diesel,Manual,91649,1248.0,5,1st Owner,897000,10,0
Hyundai,i10 Magna 1.1L,Petrol,Manual,56936,1197.0,5,1st Owner,295000,15,0
MG,Hector Plus Smart Diesel MT,Diesel,Manual,9000,1956.0,7,1st Owner,1795000,5,0
Jeep,Compass 2.0 Limited 4X4,Diesel,Manual,120422,1956.0,5,1st Owner,1352000,9,0
Tata,Bolt Quadrajet XM,Diesel,Manual,133659,1497.0,5,2nd Owner,315000,10,0
Ford,Fiesta 1.4 SXi TDCi ABS,Diesel,Manual,80295,1368.0,5,1st Owner,225000,16,0
Hyundai,Grand i10 CRDi Sportz,Diesel,Manual,55259,1120.0,5,1st Owner,483000,10,0
Maruti,Celerio X VXI BSIV,Petrol,Manual,54996,998.0,5,2nd Owner,377000,7,0
Tata,Nexon XZ Plus Diesel S,Diesel,Manual,30903,1497.0,5,1st Owner,1043000,5,0
Chevrolet,Beat Diesel LT,Diesel,Manual,77385,1248.0,5,2nd Owner,166000,15,0
Honda,City ZX MT,Petrol,Manual,38733,1497.0,5,1st Owner,390000,7,0
Maruti,Wagon R VXI BS IV,Petrol,Manual,51242,998.0,5,1st Owner,272000,13,0
Hyundai,i20 1.4 Sportz,Diesel,Manual,79385,1396.0,5,2nd Owner,683000,8,0
Maruti,Baleno 1.3 Delta,Diesel,Manual,57304,1248.0,5,2nd Owner,668000,8,0
Toyota,Corolla Altis G,Petrol,Manual,106188,1798.0,5,1st Owner,420000,13,0
Renault,Triber RXT,Petrol,Manual,57778,999.0,7,1st Owner,586000,6,0
Jeep,Compass 2.0 Limited Option,Diesel,Manual,64011,1956.0,5,1st Owner,1250000,9,0
Hyundai,Grand i10 Asta,Petrol,Manual,35315,1197.0,5,1st Owner,360000,13,0
Hyundai,i20 Active 1.2 S,Petrol,Manual,15000,1197.0,5,1st Owner,496000,10,0
Maruti,Alto 800 LXI,Petrol,Manual,21461,796.0,5,2nd Owner,247000,8,0
Renault,Pulse RxZ Optional,Diesel,Manual,90000,1197.0,5,2nd Owner,280000,11,0
Hyundai,Verna 1.4 VTVT,Petrol,Manual,42512,1396.0,5,1st Owner,500000,10,0
Honda,WR-V i-VTEC VX,Petrol,Manual,53580,1199.0,5,1st Owner,575000,9,0
Ford,Endeavour 3.0L 4X4 AT,Diesel,Automatic,25000,2982.0,7,1st Owner,775000,15,0
Hyundai,i20 Sportz,Petrol,Manual,1619,1197.0,5,1st Owner,785000,4,0
Maruti,Alto 800 LXI,Petrol,Manual,45000,796.0,5,1st Owner,210000,12,0
Hyundai,i10 Era,Petrol,Manual,175000,1197.0,5,1st Owner,175000,16,0
Mahindra,XUV500 W11 BSIV,Diesel,Manual,64000,2179.0,7,1st Owner,1150000,8,0
Jeep,Compass 2.0 Longitude BSIV,Diesel,Manual,17000,1956.0,5,1st Owner,1250000,8,0
Honda,Amaze EX i-Vtech,Petrol,Manual,48000,1199.0,5,1st Owner,275000,13,0
Mahindra,Thar CRDe,Diesel,Manual,86000,2184.0,5,1st Owner,750000,8,0
Hyundai,i10 Sportz,Petrol,Manual,64000,1197.0,5,3rd Owner,235000,12,0
Honda,City EXi,Petrol,Manual,84000,1497.0,5,1st Owner,100000,18,0
Toyota,Etios Liva G SP,Petrol,Manual,45000,1197.0,5,1st Owner,299000,12,0
Tata,Nano Lx,Petrol,Manual,39000,624.0,4,1st Owner,60000,16,0
Maruti,Eeco 5 Seater AC BSIV,Petrol,Manual,25000,1196.0,5,1st Owner,415000,7,0
Maruti,Swift Dzire 1.2 Lxi BSIV,Petrol,Manual,55000,1197.0,5,1st Owner,310000,14,0
Maruti,Wagon R VXI BS IV,Petrol,Manual,48000,998.0,5,1st Owner,350000,9,0
Mahindra,Scorpio S3 7 Seater,Diesel,Manual,17001,2179.0,7,1st Owner,905000,7,0
Jeep,Compass 1.4 Limited Plus,Petrol,Automatic,18000,1368.0,5,2nd Owner,1654000,7,0
Hyundai,Verna 1.6 VTVT S Option,Petrol,Manual,42000,1591.0,5,1st Owner,495000,11,0
Mahindra,Bolero Power Plus SLE,Diesel,Manual,176000,2523.0,7,1st Owner,450000,9,0
Maruti,Ertiga ZDI,Diesel,Manual,55352,1248.0,7,1st Owner,525000,13,0
Maruti,Swift Dzire VXI,Petrol,Manual,5000,1197.0,5,1st Owner,624000,6,0
Mahindra,Scorpio 1.99 S10,Diesel,Manual,56231,2179.0,7,1st Owner,1099000,9,0
Skoda,Rapid 1.6 MPI Ambition BSIV,Petrol,Manual,7000,1591.0,5,1st Owner,750000,7,0
Mahindra,XUV500 1.99 FWD W8,Diesel,Manual,80000,2179.0,7,2nd Owner,500000,12,0
Maruti,Swift Dzire Tour 1.3 S Diesel,Diesel,Manual,120000,1248.0,5,1st Owner,400000,8,0
Jeep,Compass 2.0 Limited Plus BSIV,Diesel,Manual,22000,1956.0,5,1st Owner,1495000,7,0
Hyundai,Accent VIVA CRDi,Diesel,Manual,83000,1461.0,5,2nd Owner,95000,21,0
Hyundai,i20 Asta 1.2,Petrol,Manual,80000,1197.0,5,1st Owner,300000,13,0
Maruti,Alto 800 LXI,Petrol,Manual,20000,796.0,5,3rd Owner,190000,12,0
Maruti,Omni MPI STD BSIV,Petrol,Manual,35000,796.0,5,1st Owner,120000,13,0
Renault,Duster 110PS Diesel RxL,Diesel,Manual,60000,1461.0,5,1st Owner,465000,11,0
Honda,City i VTEC VX,Petrol,Manual,67000,1497.0,5,1st Owner,575000,11,0
Honda,City V MT,Petrol,Manual,65000,1497.0,5,1st Owner,350000,13,0
Honda,Jazz V,Petrol,Manual,26000,1199.0,5,1st Owner,525000,8,0
Hyundai,Xcent 1.2 Kappa S,Petrol,Manual,65000,1197.0,5,1st Owner,350000,11,0
Maruti,Ciaz Delta 1.5,Diesel,Manual,35000,1493.0,5,1st Owner,700000,7,0
Ford,Figo Diesel EXI,Diesel,Manual,85000,1498.0,5,4th Owner,160000,15,0
Hyundai,Grand i10 Sportz,Petrol,Manual,60000,1197.0,5,2nd Owner,285000,13,0
Tata,Manza Aqua Quadrajet BS IV,Diesel,Manual,80000,1197.0,5,2nd Owner,175000,15,0
Hyundai,EON Sportz,Petrol,Manual,60000,814.0,5,1st Owner,195000,11,0
Maruti,Ciaz AT ZXi,Petrol,Automatic,430000,1462.0,5,1st Owner,550000,11,0
Toyota,Corolla Altis GL,Petrol,Manual,50000,1798.0,5,1st Owner,295000,15,0
Mahindra,Bolero SLX,Diesel,Manual,120000,2523.0,6,1st Owner,425000,12,0
Tata,New Safari XT,Diesel,Manual,18000,1956.0,7,1st Owner,1698999,5,0
Ford,Ecosport 1.5 DV5 MT Titanium Optional,Diesel,Manual,42130,1498.0,5,1st Owner,449000,12,0
Mahindra,XUV500 W10 2WD,Diesel,Manual,64000,2179.0,7,1st Owner,1100000,9,0
Honda,Accord 2.4 MT,Petrol,Manual,63000,2354.0,5,1st Owner,325000,17,0
Hyundai,i20 Active 1.2 S,Petrol,Manual,47000,1197.0,5,1st Owner,434999,11,0
Toyota,Etios 2014-2016 GD,Diesel,Manual,67000,1364.0,5,1st Owner,525000,10,0
Hyundai,Santro Xing GL,Petrol,Manual,40000,1086.0,5,1st Owner,150000,18,0
Mahindra,Marazzo M8 8Str,Diesel,Manual,99000,1497.0,7,1st Owner,800000,7,0
Hyundai,i20 Magna,Petrol,Manual,7500,1197.0,5,1st Owner,685000,5,0
Hyundai,Verna 1.6 SX,Diesel,Manual,50000,1582.0,5,1st Owner,295000,14,0
Hyundai,Verna 1.6 VTVT S,Petrol,Manual,41000,1591.0,5,1st Owner,625000,9,0
Maruti,Estilo LXI,Petrol,Manual,50000,998.0,5,1st Owner,125000,17,0
Hyundai,Santro Xing GL Plus,Petrol,Manual,15000,1086.0,5,1st Owner,175000,14,0
Hyundai,Santro Xing GL,Petrol,Manual,40000,1086.0,5,3rd Owner,85000,18,0
Tata,Harrier XZ BSIV,Diesel,Manual,20000,1956.0,5,2nd Owner,1300000,7,0
Hyundai,Verna 1.6 VTVT S,Petrol,Manual,29000,1591.0,5,1st Owner,500000,10,0
Honda,Brio S MT,Petrol,Manual,13000,1199.0,5,1st Owner,285000,13,0
Honda,Amaze S Petrol BSIV,Petrol,Manual,27000,1199.0,5,1st Owner,535000,7,0
Volkswagen,Vento Petrol Comfortline,Petrol,Manual,50000,1598.0,5,1st Owner,325000,13,0
Maruti,Ciaz 1.4 Sigma,Petrol,Manual,48000,1368.0,5,1st Owner,500000,9,0
Honda,City i VTEC VX,Petrol,Manual,39000,1497.0,5,1st Owner,775000,9,0
Honda,City i VTEC CVT VX,Petrol,Automatic,41000,1497.0,5,1st Owner,800000,9,0
Maruti,Ertiga VDI Limited Edition,Diesel,Manual,74988,1248.0,7,1st Owner,465000,14,0
Hyundai,Verna CRDi 1.6 EX,Diesel,Manual,24494,1582.0,5,1st Owner,723000,8,0
Toyota,Corolla Altis JS MT,Petrol,Manual,26000,1798.0,5,1st Owner,800000,9,0
Maruti,Ertiga VDI,Diesel,Manual,80000,1248.0,7,1st Owner,465000,12,0
Hyundai,EON D Lite Plus,Petrol,Manual,60000,814.0,5,2nd Owner,130000,14,0
Maruti,Swift VXI,Petrol,Manual,60000,1197.0,5,2nd Owner,300000,13,0
Maruti,Ertiga 1.5 ZDI,Diesel,Manual,44304,1493.0,7,1st Owner,645000,11,0
Honda,Amaze SX i-VTEC,Petrol,Manual,32000,1199.0,5,1st Owner,365000,12,0
Maruti,S-Presso VXI 2019-2022,Petrol,Manual,24531,1197.0,5,1st Owner,430000,6,0
Renault,Triber RXT,Petrol,Manual,35000,999.0,7,1st Owner,580000,6,0
Honda,City i VTEC CVT VX,Petrol,Automatic,73000,1497.0,5,1st Owner,525000,11,0
Hyundai,EON Sportz,Petrol,Manual,31000,814.0,5,1st Owner,254999,11,0
Maruti,Swift VXi BSIV,Petrol,Manual,43000,1197.0,5,1st Owner,247000,15,0
Hyundai,EON Magna Plus,Petrol,Manual,5000,814.0,5,1st Owner,357000,8,0
Tata,Indigo eGLS BS IV,Petrol,Manual,25000,1497.0,7,1st Owner,125000,16,0
Hyundai,Grand i10 Magna,Petrol,Manual,90000,1197.0,5,1st Owner,400000,9,0
Maruti,Ciaz ZDi Plus SHVS,Diesel,Manual,56150,1248.0,5,1st Owner,565000,10,0
Mahindra,KUV 100 NXT D75 K8 Dual Tone,Diesel,Manual,20000,1198.0,5,2nd Owner,360000,9,0
Honda,City i VTEC VX,Petrol,Manual,60000,1497.0,5,2nd Owner,490000,11,0
Hyundai,Xcent Prime T Plus CNG BSIV,Cng,Manual,70000,1199.0,5,1st Owner,400000,9,0
Maruti,Baleno 1.2 Delta,Petrol,Manual,25000,1197.0,5,1st Owner,450000,7,0
Datsun,GO T BSIV,Petrol,Manual,25000,1198.0,5,1st Owner,160000,12,0
Toyota,Innova 2.5 V Diesel 8-seater,Diesel,Manual,18000,2494.0,7,1st Owner,850000,17,0
Tata,Punch Adventure,Petrol,Manual,12000,2179.0,5,1st Owner,650000,5,0
Maruti,Alto 800 VXI,Petrol,Manual,15000,796.0,5,2nd Owner,231000,9,0
Honda,City S,Petrol,Manual,55000,1497.0,5,1st Owner,350000,13,0
Maruti,Swift Dzire LDI,Diesel,Manual,70000,1248.0,5,2nd Owner,229999,13,0
Mahindra,Scorpio VLX 2WD 7S BSIV,Diesel,Manual,300000,2179.0,7,2nd Owner,350000,15,0
Honda,City i DTEC V,Diesel,Manual,52314,1498.0,5,1st Owner,400000,12,0
Land,Rover Range Rover Velar R-Dynamic S Petrol,Petrol,Automatic,19000,998.0,5,1st Owner,7150000,6,0
Nissan,Micra XV CVT,Petrol,Automatic,16937,1198.0,5,1st Owner,325000,9,0
Maruti,Baleno 1.2 CVT Delta,Petrol,Automatic,25000,1197.0,5,1st Owner,450000,7,0
Volkswagen,Ameo 1.5 TDI Highline AT 16 Alloy,Diesel,Automatic,40000,1498.0,5,2nd Owner,470000,9,0
Maruti,Wagon R Stingray VXI Optional,Petrol,Manual,70000,998.0,5,1st Owner,280000,11,0
Hyundai,Xcent 1.2 Kappa S Option,Petrol,Manual,46000,1197.0,5,1st Owner,320000,11,0
Ford,Figo Diesel Titanium,Diesel,Manual,70000,1498.0,5,1st Owner,125000,15,0
Hyundai,i10 Era,Petrol,Manual,40000,1197.0,5,3rd Owner,130000,17,0
Hyundai,i20 Sportz Plus BSIV,Petrol,Manual,17500,1197.0,5,2nd Owner,580000,7,0
Mahindra,Bolero Power Plus SLX,Diesel,Manual,70000,2523.0,7,2nd Owner,480000,9,0
Renault,Scala Diesel RxZ,Diesel,Manual,67000,1197.0,5,4th Owner,300000,13,0
Maruti,Wagon R VXI BS IV,Petrol,Manual,20000,998.0,5,2nd Owner,350000,10,0
Toyota,Fortuner 4x2 AT,Diesel,Automatic,120000,2755.0,7,3rd Owner,1400000,11,0
Toyota,Fortuner 4x2 AT,Diesel,Automatic,120000,2755.0,7,4th Owner,1300000,11,0
Tata,Zest Quadrajet 1.3 75PS XE,Diesel,Manual,100000,1248.0,5,1st Owner,250000,8,0
Chevrolet,Spark 1.0 LS,Petrol,Manual,30000,999.0,5,2nd Owner,80000,16,0
Hyundai,EON 1.0 Magna Plus Option O,Petrol,Manual,15000,998.0,5,1st Owner,300000,9,0
Maruti,Wagon R VXI BS IV,Petrol,Manual,30000,998.0,5,2nd Owner,190000,14,0
Maruti,Vitara Brezza VDi,Diesel,Manual,40000,1248.0,5,1st Owner,700000,7,0
Mahindra,Bolero B6 Opt,Diesel,Manual,50000,2523.0,7,1st Owner,850000,6,0
Maruti,Alto LX,Petrol,Manual,70000,796.0,5,2nd Owner,80000,24,0
Tata,New Safari XZ Plus Gold 6 Str,Diesel,Manual,5000,1956.0,7,1st Owner,2200000,4,0
Tata,Zest Revotron 1.2 XT,Petrol,Manual,15000,1199.0,5,1st Owner,450000,11,0
Honda,WR-V i-VTEC VX,Petrol,Manual,60000,1199.0,5,1st Owner,850000,7,0
Tata,Bolt Revotron XT,Petrol,Manual,50000,1086.0,5,1st Owner,300000,11,0
Hyundai,Verna 1.6 SX VTVT,Petrol,Manual,46000,1591.0,5,1st Owner,461000,12,0
Hyundai,Verna 1.6 CRDi EX MT,Diesel,Manual,55000,1582.0,5,1st Owner,430999,12,0
Hyundai,Xcent 1.2 Kappa SX,Petrol,Manual,50000,1197.0,5,2nd Owner,350000,12,0
Renault,Scala Diesel RxZ,Diesel,Manual,6400,1197.0,5,2nd Owner,250000,13,0
Hyundai,EON D Lite Plus,Petrol,Manual,40000,814.0,5,2nd Owner,160000,11,0
Tata,Indigo CR4,Diesel,Manual,20000,998.0,5,2nd Owner,165000,15,0
Honda,Amaze VX i-VTEC,Petrol,Manual,60000,1199.0,5,1st Owner,380000,9,0
Maruti,Wagon R ZXI AMT 1.2,Petrol,Automatic,40000,1197.0,5,1st Owner,525000,6,0
Mahindra,Scorpio 1.99 S10,Diesel,Manual,130000,2179.0,7,1st Owner,750000,11,0
Maruti,Wagon R VXI Plus,Petrol,Manual,30000,998.0,5,2nd Owner,315000,9,0
Hyundai,Venue S,Petrol,Manual,15000,1197.0,5,1st Owner,741000,5,0
Hyundai,Verna CRDi 1.6 SX,Diesel,Manual,40000,1582.0,5,1st Owner,860000,7,0
Renault,Duster 85PS Diesel RxS,Diesel,Manual,50000,1461.0,5,1st Owner,675000,9,0
Honda,Amaze EX i-Dtech,Diesel,Manual,120000,1498.0,5,2nd Owner,265000,13,0
Kia,Seltos HTX G,Petrol,Manual,10000,1497.0,5,1st Owner,1200000,6,0
Hyundai,i10 Magna,Petrol,Manual,75000,1197.0,5,3rd Owner,135000,17,0
Hyundai,i10 Magna 1.2 iTech SE,Petrol,Manual,50000,1197.0,5,4th Owner,95000,18,0
Tata,Indigo LS TDI BSIII,Diesel,Manual,120000,1461.0,5,3rd Owner,110000,16,0
Tata,Tiago 1.2 Revotron XB,Petrol,Manual,50000,1199.0,5,1st Owner,310000,8,0
Renault,Triber RXE,Petrol,Manual,5000,999.0,7,1st Owner,550000,6,0
Volkswagen,Polo Diesel Comfortline 1.2L,Diesel,Manual,80000,1498.0,5,4th Owner,180000,16,0
Renault,Duster 85PS Diesel RxL,Diesel,Manual,40000,1461.0,5,2nd Owner,405000,11,0
Maruti,Swift Dzire VXI,Petrol,Manual,30000,1197.0,5,1st Owner,610000,6,0
Toyota,Innova 2.5 EV Diesel MS 7 Str BSIII,Diesel,Manual,120000,0.0,7,3rd Owner,180000,21,0
Tata,Indigo LS (TDI) BS III,Diesel,Manual,40000,995.0,5,1st Owner,89000,18,0
Hyundai,i10 Magna 1.2 iTech SE,Petrol,Manual,70000,1197.0,5,2nd Owner,120000,18,0
Mahindra,XUV500 W6 2WD,Diesel,Manual,120000,2179.0,7,1st Owner,738000,12,0
Maruti,Alto 800 VXI,Petrol,Manual,5000,796.0,5,1st Owner,428000,4,0
Maruti,Baleno Delta,Petrol,Manual,35000,1197.0,5,1st Owner,525000,7,0
Maruti,Vitara Brezza VDi Option,Diesel,Manual,40000,1248.0,5,1st Owner,600000,9,0
Hyundai,i20 Asta Option 1.2,Petrol,Manual,20000,1197.0,5,1st Owner,520000,9,0
Maruti,Baleno 1.2 Sigma,Petrol,Manual,80000,1197.0,5,1st Owner,420000,9,0
Maruti,Wagon R LXI BS IV,Petrol,Manual,15000,998.0,5,1st Owner,370000,13,0
Maruti,Vitara Brezza VDi,Diesel,Manual,70000,1248.0,5,2nd Owner,545000,9,0
Honda,Amaze S i-DTEC,Diesel,Manual,120000,1498.0,5,1st Owner,400000,10,0
Hyundai,EON D Lite Plus,Petrol,Manual,25000,814.0,5,2nd Owner,229999,8,0
Maruti,Alto 800 LXI,Petrol,Manual,25000,796.0,5,1st Owner,250000,11,0
Hyundai,i20 1.2 Sportz Option,Petrol,Manual,60000,1197.0,5,2nd Owner,229999,15,0
Chevrolet,Aveo 1.4 LS BSIV,Petrol,Manual,80000,1368.0,5,1st Owner,165000,19,0
Ford,Ecosport 1.5 DV5 MT Titanium,Diesel,Manual,80000,1498.0,5,3rd Owner,300000,13,0
Maruti,Swift Dzire VDi,Diesel,Manual,90000,1248.0,5,2nd Owner,270000,14,0
Hyundai,Xcent 1.2 Kappa S,Petrol,Manual,37000,1197.0,5,1st Owner,330000,10,0
Maruti,Alto K10 LXI,Petrol,Manual,50000,998.0,5,1st Owner,300000,11,0
Maruti,Zen LXi - BS III,Petrol,Manual,50000,993.0,5,1st Owner,75000,22,0
Maruti,Baleno 1.2 Delta,Petrol,Manual,19493,1197.0,5,1st Owner,549000,9,0
Maruti,Alto LXi BSIII,Petrol,Manual,35000,796.0,5,2nd Owner,105000,19,0
Honda,Amaze S i-Dtech,Diesel,Manual,60000,1498.0,5,2nd Owner,280000,12,0
Hyundai,Xcent 1.2 CRDi SX,Diesel,Manual,50000,1197.0,5,1st Owner,450000,8,0
Maruti,Alto LXi BSIII,Petrol,Manual,80000,796.0,5,2nd Owner,75000,21,0
Maruti,Zen LX BSII,Petrol,Manual,78527,993.0,5,1st Owner,90000,22,0
Hyundai,Creta 1.4 CRDi S,Diesel,Manual,94000,1396.0,5,1st Owner,700000,10,0
Honda,City VX MT Diesel,Diesel,Manual,5000,1498.0,5,1st Owner,900000,4,0
Hyundai,Grand i10 Sportz,Petrol,Manual,40000,1197.0,5,1st Owner,300000,10,0
Hyundai,i20 1.2 Magna,Petrol,Manual,53128,1197.0,5,1st Owner,225000,15,0
Skoda,Superb Elegance 1.8 TSI,Petrol,Manual,39959,1798.0,5,2nd Owner,377000,15,0
Renault,KWID Climber 1.0 AMT,Petrol,Automatic,4768,999.0,5,2nd Owner,355000,8,0
Hyundai,i20 1.2 Sportz,Petrol,Manual,54004,1197.0,5,3rd Owner,216000,15,0
Maruti,Wagon R VXI BS IV,Petrol,Manual,16570,998.0,5,1st Owner,354000,9,0
Maruti,Alto 800 VXI Optional,Petrol,Manual,7869,796.0,5,3rd Owner,322000,7,0
Maruti,SX4 Vxi BSIV,Petrol,Manual,67640,796.0,5,1st Owner,210000,14,0
Maruti,Alto LXi,Petrol,Manual,8934,796.0,5,1st Owner,129000,16,0
Toyota,Etios 2014-2016 V,Petrol,Manual,20241,1197.0,5,1st Owner,417000,11,0
Honda,City 1.5 S MT,Petrol,Manual,67343,1497.0,5,1st Owner,231999,17,0
Maruti,Alto 800 LXI,Petrol,Manual,10065,796.0,5,1st Owner,163000,14,0
Maruti,Baleno Zeta,Petrol,Manual,57628,1197.0,5,1st Owner,612000,6,0
Honda,City i VTEC VX,Petrol,Manual,72375,1497.0,5,1st Owner,555000,11,0
Hyundai,i10 Era,Petrol,Manual,19328,1197.0,5,1st Owner,140000,18,0
Maruti,Alto LXi BSIII,Petrol,Manual,24941,796.0,5,1st Owner,108000,17,0
Hyundai,i10 Sportz,Petrol,Manual,56441,1197.0,5,1st Owner,206999,15,0
Maruti,Alto 800 LXI,Petrol,Manual,89865,796.0,5,1st Owner,156000,13,0
Maruti,Alto 800 LXI,Petrol,Manual,25919,796.0,5,1st Owner,250999,9,0
Maruti,Swift Dzire 1.2 Vxi BSIV,Petrol,Manual,17363,1197.0,5,1st Owner,229999,16,0
Maruti,Swift Dzire 1.2 Vxi BSIV,Petrol,Manual,60726,1197.0,5,2nd Owner,275000,14,0
Maruti,Swift RS VXI,Petrol,Manual,54842,1197.0,5,2nd Owner,299000,13,0
Mahindra,TUV 300 mHAWK100 T8,Diesel,Manual,31916,1197.0,5,1st Owner,643000,8,0
Hyundai,i10 Magna 1.1L,Petrol,Manual,35457,1197.0,5,1st Owner,250000,13,0
Hyundai,i10 Sportz 1.1L,Petrol,Manual,34640,1197.0,5,1st Owner,252000,13,0
Honda,City 1.5 V MT,Petrol,Manual,39398,1497.0,5,3rd Owner,254000,16,0
Maruti,Alto LXi BSIII,Petrol,Manual,42919,796.0,5,1st Owner,113999,16,0
Maruti,Swift Dzire VDI,Diesel,Manual,38359,1248.0,5,1st Owner,328000,14,0
Honda,City S,Petrol,Manual,101875,1497.0,5,1st Owner,290000,15,0
Hyundai,i10 Magna Optional 1.1L,Petrol,Manual,21976,1197.0,5,1st Owner,161000,18,0
Hyundai,Creta 1.6 VTVT E Plus,Petrol,Manual,65531,1591.0,5,1st Owner,713000,8,0
Renault,Duster Petrol RXS,Petrol,Manual,5044,1498.0,5,1st Owner,706000,7,0
Maruti,Swift Dzire LDI,Diesel,Manual,66906,1248.0,5,1st Owner,570000,6,0
Fiat,Avventura MULTIJET Emotion,Diesel,Manual,47547,796.0,5,2nd Owner,335000,12,0
Maruti,Zen Estilo LXI BS IV,Petrol,Manual,25347,993.0,5,1st Owner,154000,16,0
Maruti,Ertiga BSIV VXI,Petrol,Manual,49712,1462.0,7,1st Owner,621000,9,0
Toyota,Camry Hybrid 2.5,Petrol,Automatic,4781,2494.0,5,1st Owner,3390000,7,0
Mahindra,Marazzo M2 8Str BSIV,Diesel,Manual,21716,1497.0,7,1st Owner,858000,7,0
Maruti,Eeco 5 Seater AC BSIV,Petrol,Manual,55160,1196.0,5,1st Owner,198000,14,0
Mahindra,Xylo E4,Diesel,Manual,50788,2179.0,5,3rd Owner,231000,16,0
Maruti,Eeco 5 Seater AC BSIV,Petrol,Manual,58475,1196.0,5,1st Owner,155000,16,0
Hyundai,Xcent 1.2 Kappa S,Petrol,Manual,94321,1197.0,5,1st Owner,298000,12,0
Renault,Pulse RxL,Diesel,Manual,23907,1197.0,5,2nd Owner,210000,13,0
Hyundai,Venue SX Opt Turbo BSIV,Petrol,Manual,42060,1197.0,5,1st Owner,846000,7,0
Hyundai,i20 1.2 Asta,Petrol,Manual,25258,1197.0,5,1st Owner,553000,9,0
Tata,Tiago 1.2 Revotron XT,Petrol,Manual,31043,1199.0,5,1st Owner,351000,9,0
Mahindra,KUV 100 NXT G80 K2,Petrol,Manual,39057,999.0,5,1st Owner,341000,8,0
Hyundai,Santro Xing (Non-AC),Petrol,Manual,20484,1086.0,5,1st Owner,112999,15,0
Honda,Mobilio V i-VTEC,Petrol,Manual,55517,1497.0,7,1st Owner,426000,12,0
Honda,City S,Petrol,Manual,53234,1497.0,5,2nd Owner,356000,13,0
Maruti,Ritz LXI,Petrol,Manual,51007,1197.0,5,1st Owner,156000,17,0
Maruti,Swift 1.3 ZXI,Petrol,Manual,53755,1248.0,5,1st Owner,146000,18,0
Tata,Hexa XMA,Diesel,Automatic,62144,2179.0,5,1st Owner,1036999,8,0
Maruti,Wagon R LXI Minor,Petrol,Manual,45130,998.0,5,1st Owner,123000,17,0
Toyota,Fortuner 4x4 MT,Diesel,Manual,155124,2755.0,7,2nd Owner,1347000,11,0
Hyundai,Creta 1.6 SX Automatic,Petrol,Automatic,30730,1591.0,5,2nd Owner,996000,8,0
Maruti,Swift Dzire VXI,Petrol,Manual,107488,1197.0,5,1st Owner,318000,12,0
Hyundai,Verna 1.6 SX,Diesel,Manual,86336,1582.0,5,2nd Owner,418000,12,0
Hyundai,i20 Active 1.2 SX,Petrol,Manual,31253,1197.0,5,1st Owner,551000,9,0
Mercedes-Benz,C-Class C 220 CDI Avantgarde,Diesel,Automatic,33235,2143.0,5,2nd Owner,1589000,11,0
Maruti,S-Presso VXI AT 2019-2022,Petrol,Automatic,2258,999.0,5,1st Owner,488000,5,0
Maruti,Ertiga VDI,Diesel,Manual,100169,1248.0,7,2nd Owner,496000,11,0
Jeep,Compass 1.4 Limited Plus BSIV,Petrol,Automatic,34000,1368.0,5,1st Owner,1280000,8,0
MG,Hector Sharp CVT,Petrol,Automatic,7000,1451.0,5,1st Owner,1755999,5,0
Renault,Triber RXZ,Petrol,Manual,5900,999.0,7,1st Owner,655000,5,0
Jeep,Compass 1.4 Limited,Petrol,Automatic,27398,1368.0,5,1st Owner,1185000,9,0
Renault,KWID RXT,Petrol,Manual,43259,799.0,5,1st Owner,248000,11,0
Renault,Duster 85PS Diesel RxS,Diesel,Manual,15016,1461.0,5,1st Owner,675000,8,0
Maruti,Swift VXi BSIV,Petrol,Manual,30686,1197.0,5,1st Owner,254999,16,0
Maruti,Zen Estilo LXI BS IV,Petrol,Manual,39543,993.0,5,1st Owner,185000,16,0
Skoda,New Laura Ambiente 2.0 TDI CR MT,Diesel,Manual,93913,1968.0,5,1st Owner,323000,16,0
Maruti,Swift Dzire VXI 1.2 BS IV,Petrol,Manual,27729,1197.0,5,1st Owner,570000,8,0
Hyundai,Creta 1.6 CRDi SX,Diesel,Manual,51501,1582.0,5,1st Owner,844999,9,0
Maruti,Wagon R LX Minor,Petrol,Manual,90147,998.0,5,1st Owner,90174,18,0
Honda,Amaze S i-VTEC,Petrol,Manual,16419,1199.0,5,1st Owner,525000,8,0
Maruti,Wagon R LXI Minor,Petrol,Manual,48368,998.0,5,3rd Owner,98754,18,0
Hyundai,i20 Active 1.2 S,Petrol,Manual,33193,1197.0,5,1st Owner,470000,11,0
Maruti,Swift VXI,Petrol,Manual,39260,1197.0,5,1st Owner,415000,10,0
Honda,Jazz 1.2 SV i VTEC,Petrol,Manual,55212,1199.0,5,1st Owner,395000,11,0
Maruti,Alto K10 2010-2014 VXI,Petrol,Manual,81674,998.0,5,1st Owner,181000,12,0
Toyota,Etios VX,Petrol,Manual,27321,1197.0,5,3rd Owner,239000,15,0
Honda,Amaze E i-Vtech,Petrol,Manual,42815,1199.0,5,1st Owner,319000,11,0
Hyundai,Xcent 1.2 Kappa SX,Petrol,Manual,39977,1197.0,5,1st Owner,381000,10,0
Hyundai,Grand i10 CRDi Magna,Diesel,Manual,64669,1120.0,5,1st Owner,256000,13,0
Maruti,Omni E MPI STD BSIV,Petrol,Manual,12603,796.0,5,1st Owner,258000,7,0
Maruti,Wagon R VXI,Petrol,Manual,32500,998.0,5,1st Owner,190000,13,0
Maruti,Alto 800 LXI,Petrol,Manual,7169,796.0,5,1st Owner,267000,9,0
Hyundai,EON Era Plus,Petrol,Manual,10482,814.0,5,2nd Owner,186000,14,0
Ford,Figo Petrol Titanium,Petrol,Manual,48111,1194.0,5,1st Owner,202999,13,0
Hyundai,i20 Active 1.4 SX,Diesel,Manual,63210,1396.0,5,4th Owner,392000,11,0
Maruti,Ciaz Alpha BSIV,Petrol,Manual,35289,1462.0,5,1st Owner,677000,8,0
Datsun,GO Plus T Option BSIV,Petrol,Manual,27352,1198.0,5,3rd Owner,160000,12,0
Hyundai,Creta 1.6 SX Option,Petrol,Manual,25572,1591.0,5,1st Owner,1146000,7,0
Maruti,Eeco 5 Seater AC BSIV,Petrol,Manual,67967,1196.0,5,3rd Owner,208000,13,0
Honda,Jazz ZX,Petrol,Manual,10834,1199.0,5,1st Owner,671000,5,0
Maruti,Swift Dzire ZDI,Diesel,Manual,56000,1248.0,5,1st Owner,586000,9,0
Maruti,Alto 800 LXI,Petrol,Manual,24000,796.0,5,1st Owner,249000,9,0
Maruti,Swift AMT VXI BSIV,Petrol,Automatic,34000,1197.0,5,1st Owner,555000,7,0
Maruti,Swift Dzire AMT ZXI Plus,Petrol,Automatic,13000,1197.0,5,1st Owner,599000,9,0
Maruti,SX4 S Cross DDiS 200 Zeta,Diesel,Manual,158066,995.0,5,1st Owner,440000,11,0
Maruti,Swift VXI,Petrol,Manual,22543,1197.0,5,3rd Owner,225000,15,0
Honda,Brio VX,Petrol,Manual,46767,1199.0,5,1st Owner,317000,12,0
Maruti,Wagon R AMT VXI Plus,Petrol,Automatic,7848,998.0,5,1st Owner,378000,9,0
Skoda,Rapid 1.6 MPI Ambition,Petrol,Manual,71245,1591.0,5,1st Owner,385000,10,0
MG,Hector Plus Sharp CVT,Petrol,Automatic,1923,1451.0,7,1st Owner,1989000,4,0
Hyundai,i20 Sportz 1.2,Petrol,Manual,38463,1197.0,5,2nd Owner,512000,9,0
Honda,BR-V Style Edition V CVT,Petrol,Automatic,28000,1497.0,7,1st Owner,699000,10,0
Mahindra,KUV 100 NXT G80 K4 Plus 6Str,Petrol,Manual,19000,1991.0,5,1st Owner,349000,9,0
Mercedes-Benz,S-Class Maybach S500,Petrol,Automatic,24500,1197.0,5,1st Owner,11900000,9,0
Audi,S5 3.0L TFSI Quattro,Petrol,Automatic,11400,2967.0,5,1st Owner,6900000,5,0
Mercedes-Benz,GLC 220d 4MATIC,Diesel,Automatic,10400,2143.0,5,1st Owner,4799000,6,0
Mercedes-Benz,GLA Class 200,Petrol,Automatic,26000,1991.0,5,2nd Owner,1800000,11,0
Hyundai,i20 Sportz Plus BSIV,Petrol,Manual,30000,1197.0,5,1st Owner,569000,7,0
Maruti,Baleno Alpha,Petrol,Manual,24000,1197.0,5,1st Owner,599000,8,0
Hyundai,Verna CRDi,Diesel,Manual,100004,1582.0,5,2nd Owner,125000,17,0
Maruti,Alto STD,Petrol,Manual,25373,796.0,5,2nd Owner,63046,18,0
Mahindra,KUV 100 NXT G80 K2,Petrol,Manual,25635,999.0,5,1st Owner,326000,9,0
Mahindra,KUV 100 mFALCON G80 K4,Petrol,Manual,46982,1086.0,5,1st Owner,281000,10,0
Maruti,Ritz VDi,Diesel,Manual,94989,1248.0,5,1st Owner,192000,15,0
Maruti,Zen Estilo VXI BSIII,Petrol,Manual,18322,993.0,5,1st Owner,112000,18,0
Ford,Ecosport 1.5 Petrol Titanium BSIV,Petrol,Manual,34364,1498.0,5,1st Owner,687000,7,0
Hyundai,Creta SX,Petrol,Manual,17893,1591.0,5,1st Owner,1362000,5,0
Hyundai,Venue SX Plus Turbo DCT BSIV,Petrol,Automatic,15224,1197.0,5,1st Owner,984000,7,0
Hyundai,Verna 1.4 VTVT,Petrol,Manual,90228,1396.0,5,1st Owner,399000,12,0
Maruti,Swift VVT VXI,Petrol,Manual,76279,1197.0,5,2nd Owner,307000,12,0
Honda,BR-V i-DTEC V MT,Diesel,Manual,68861,1498.0,7,1st Owner,588000,10,0
Skoda,Fabia 1.2 MPI Ambiente Petrol,Petrol,Manual,52816,1198.0,5,1st Owner,144000,15,0
Toyota,Fortuner 3.0 Diesel,Diesel,Manual,314273,2982.0,7,2nd Owner,634000,17,0
Chevrolet,Spark 1.0 PS,Petrol,Manual,5439,999.0,5,1st Owner,87629,17,0
Hyundai,i20 1.2 Magna Executive,Petrol,Manual,64164,1197.0,5,1st Owner,465000,9,0
Ford,Figo Diesel ZXI,Diesel,Manual,60834,1498.0,5,1st Owner,202000,14,0
MG,Hector Sharp DCT,Petrol,Automatic,14700,1451.0,5,1st Owner,1550000,7,0
Maruti,Alto 800 LXI,Petrol,Manual,25000,796.0,5,1st Owner,239000,4,0
Tata,Nexon XM,Petrol,Manual,10000,1199.0,5,1st Owner,800000,4,0
Audi,A3 35 TDI Premium Plus,Diesel,Automatic,39000,1968.0,5,1st Owner,2580000,6,0
Mahindra,Bolero Plus AC,Diesel,Manual,80000,2523.0,7,1st Owner,420000,12,0
Honda,CR-V Special Edition,Petrol,Automatic,25000,1997.0,5,1st Owner,2250000,6,0
Honda,Amaze SX i-DTEC,Diesel,Manual,75656,1498.0,5,2nd Owner,350000,11,0
Maruti,Vitara Brezza ZDi,Diesel,Manual,30000,1248.0,5,1st Owner,850000,7,0
Ford,Ecosport 1.5 Petrol Ambiente BSIV,Petrol,Manual,60000,1498.0,5,1st Owner,520000,9,0
Mahindra,Xylo E4 BS IV,Diesel,Manual,120000,2179.0,5,3rd Owner,180000,15,0
Ford,Figo Diesel Titanium,Diesel,Manual,100000,1498.0,5,2nd Owner,185000,13,0
Maruti,Swift Dzire LDI,Diesel,Manual,70000,1248.0,5,2nd Owner,350000,11,0
Maruti,Swift Dzire VDI,Diesel,Manual,120000,1248.0,5,2nd Owner,420000,11,0
Maruti,Alto 800 LXI,Petrol,Manual,50000,796.0,5,3rd Owner,175000,12,0
Chevrolet,Beat Diesel LS,Diesel,Manual,90000,1497.0,5,2nd Owner,120000,14,0
Hyundai,i10 Magna,Petrol,Manual,70000,1197.0,5,1st Owner,114999,18,0
Maruti,Wagon R CNG LXI BSIV,Cng,Manual,20000,998.0,5,1st Owner,500000,6,0
Maruti,Alto LXi,Petrol,Manual,50000,796.0,5,2nd Owner,80000,19,0
Mahindra,Bolero DI - AC BS III,Diesel,Manual,25000,2523.0,7,2nd Owner,450000,12,0
Maruti,SX4 S Cross DDiS 200 Alpha,Diesel,Manual,65000,1197.0,5,2nd Owner,660000,9,0
Jeep,Compass 2.0 Limited 4X4,Diesel,Manual,90000,1956.0,5,1st Owner,1500000,8,0
Maruti,Vitara Brezza VDi,Diesel,Manual,30000,1248.0,5,1st Owner,810000,7,0
Chevrolet,Beat LT,Petrol,Manual,60000,999.0,5,1st Owner,175000,15,0
Maruti,Ignis Sigma,Petrol,Manual,10000,1197.0,5,1st Owner,500000,5,0
MG,Hector Sharp Diesel MT BSIV,Diesel,Manual,30000,1956.0,5,1st Owner,1570000,6,0
MG,Hector Sharp Diesel MT BSIV,Diesel,Manual,32000,1956.0,5,1st Owner,1500000,6,0
Mahindra,Thar 4X4,Diesel,Manual,10000,2184.0,5,2nd Owner,690000,12,0
Maruti,Eeco 7 Seater STD 2020-2022,Petrol,Manual,110000,1196.0,5,1st Owner,420000,6,0
Maruti,Omni E MPI STD BSIV,Petrol,Manual,120000,796.0,5,1st Owner,120000,13,0
Maruti,Omni E 8 Str STD,Petrol,Manual,80000,796.0,5,2nd Owner,85000,19,0
Ford,Ecosport 1.5 Diesel Titanium BSIV,Diesel,Manual,53000,1498.0,5,1st Owner,650000,8,0
Volkswagen,Polo 1.5 TDI Trendline,Diesel,Manual,80000,1498.0,5,3rd Owner,250000,12,0
Chevrolet,Beat Diesel LT,Diesel,Manual,50000,1248.0,5,1st Owner,117000,14,0
Hyundai,Elite i20 2018 Diesel Asta Option,Diesel,Manual,40000,1396.0,5,1st Owner,640000,8,0
Hyundai,Xcent 1.1 CRDi Base,Diesel,Manual,60000,1086.0,5,1st Owner,450000,11,0
Hyundai,i20 Sportz Option 1.2,Petrol,Manual,60000,1197.0,5,3rd Owner,390000,11,0
Tata,Tigor 1.2 Revotron XE,Petrol,Manual,40000,1199.0,5,1st Owner,350000,8,0
Maruti,800 Std,Petrol,Manual,50000,796.0,5,2nd Owner,85000,14,0
Maruti,XL6 Zeta,Petrol,Manual,10000,1461.0,5,1st Owner,1000000,5,0
Hyundai,i10 Sportz 1.1L,Petrol,Manual,80000,1197.0,5,3rd Owner,98000,17,0
Hyundai,i10 Magna,Petrol,Manual,60000,1197.0,5,1st Owner,200000,15,0
Tata,Sumo CX,Diesel,Manual,400000,799.0,5,1st Owner,200000,14,0
Honda,City i VTEC V,Petrol,Manual,120000,1497.0,5,1st Owner,650000,9,0
Volkswagen,Vento Petrol Highline,Petrol,Manual,90000,1598.0,5,1st Owner,175000,16,0
Honda,Amaze VX i-DTEC,Diesel,Manual,100000,1498.0,5,1st Owner,495000,12,0
Hyundai,i10 Magna 1.2 iTech SE,Petrol,Manual,40000,1197.0,5,1st Owner,150000,16,0
Renault,KWID RXT,Petrol,Manual,50000,799.0,5,1st Owner,250000,8,0
Nissan,Sunny XL,Petrol,Manual,100000,1198.0,5,3rd Owner,210000,14,0
Datsun,RediGO 1.0 T Option,Petrol,Manual,5000,999.0,5,1st Owner,215000,8,0
Nissan,Sunny XL,Petrol,Manual,100000,1198.0,5,3rd Owner,210000,14,0
Maruti,SX4 S Cross Alpha DDiS 200 SH,Diesel,Manual,60000,1198.0,5,2nd Owner,670000,9,0
Mahindra,Bolero ZLX,Diesel,Manual,50000,2523.0,7,3rd Owner,400000,13,0
Maruti,Alto 800 CNG LXI,Cng,Manual,50000,796.0,5,5th Owner,200000,12,0
Hyundai,Creta 1.6 CRDi SX,Diesel,Manual,120000,1582.0,5,1st Owner,790000,10,0
Tata,Tiago 1.2 Revotron XT,Petrol,Manual,50000,1199.0,5,1st Owner,370000,8,0
Maruti,Ertiga VXI Limited Edition,Petrol,Manual,20000,1462.0,7,1st Owner,900000,6,0
Mahindra,XUV700 AX7 AT,Petrol,Automatic,120000,2179.0,7,1st Owner,959000,4,0
Tata,Tiago 1.2 Revotron XZ,Petrol,Manual,100000,1199.0,5,1st Owner,330000,8,0
Honda,Amaze VX i-DTEC,Diesel,Manual,70000,1498.0,5,2nd Owner,350000,13,0
Maruti,Baleno Alpha,Petrol,Manual,50000,1197.0,5,2nd Owner,525000,4,0
Ford,Fiesta Petrol Titanium Plus,Petrol,Manual,60000,1399.0,5,1st Owner,300000,14,0
Mahindra,XUV500 AT W6 2WD,Diesel,Automatic,70000,2179.0,7,2nd Owner,700000,10,0
BMW,X5 xDrive 30d,Diesel,Automatic,150000,2993.0,5,3rd Owner,1300000,13,0
Maruti,Swift Dzire VDI,Diesel,Manual,60000,1248.0,5,2nd Owner,420000,9,0
Tata,Indigo LX TDI BSIII,Diesel,Manual,40000,1197.0,5,1st Owner,100000,15,0
Ford,Figo Diesel Titanium,Diesel,Manual,70000,1498.0,5,2nd Owner,130000,14,0
Skoda,Superb Elegance 1.8 TSI,Petrol,Manual,80000,1798.0,5,2nd Owner,360000,16,0
Ford,Ecosport 1.5 DV5 MT Titanium,Diesel,Manual,120000,1498.0,5,2nd Owner,425000,12,0
Hyundai,EON Era,Petrol,Manual,110000,814.0,5,1st Owner,180000,13,0
Mahindra,Scorpio 1.99 S10,Diesel,Manual,80000,2179.0,7,1st Owner,900000,10,0
Ford,Ikon 1.4 TDCi DuraTorq,Diesel,Manual,60000,1368.0,5,2nd Owner,110000,17,0
Renault,Duster 110PS Diesel RxZ,Diesel,Manual,72310,1461.0,5,2nd Owner,390000,12,0
Maruti,Alto 800 VXI,Petrol,Manual,5000,796.0,5,1st Owner,420000,4,0
Hyundai,Verna 1.6 SX,Diesel,Manual,70000,1582.0,5,3rd Owner,400000,13,0
Maruti,Swift Dzire VDI,Diesel,Manual,90000,1248.0,5,1st Owner,390000,11,0
Maruti,Wagon R VXI Optional,Petrol,Manual,90000,998.0,5,1st Owner,350000,10,0
Tata,Zest Quadrajet 1.3 75PS XE,Diesel,Manual,60000,1248.0,5,1st Owner,610000,7,0
Tata,Safari Storme VX 4WD Varicor 400,Diesel,Manual,18000,1956.0,7,1st Owner,1200000,8,0
Maruti,Swift VXI BSIII,Petrol,Manual,105000,1197.0,5,3rd Owner,125000,16,0
Maruti,Wagon R LXI CNG Optional,Cng,Manual,60000,998.0,5,3rd Owner,290000,11,0
Maruti,Swift 1.3 ZXI,Petrol,Manual,100000,1248.0,5,1st Owner,200000,16,0
BMW,3 Series 320d,Diesel,Automatic,120000,1995.0,5,1st Owner,400000,17,0
Mahindra,Bolero SLE,Diesel,Manual,100000,2523.0,7,1st Owner,300000,16,0
Maruti,Swift Dzire VXI,Petrol,Manual,60000,1197.0,5,2nd Owner,300000,14,0
Maruti,Wagon R LXI,Petrol,Manual,70600,998.0,5,1st Owner,229999,13,0
Maruti,Wagon R VXI,Petrol,Manual,25000,998.0,5,1st Owner,478000,6,0
Maruti,Alto 800 LXI,Petrol,Manual,30000,796.0,5,1st Owner,250000,10,0
Hyundai,i20 Sportz Option 1.4 CRDi,Diesel,Manual,90000,1396.0,5,1st Owner,420000,11,0
Maruti,Zen Estilo 1.1 VXI BSIII,Petrol,Manual,37200,1086.0,5,1st Owner,102000,19,0
Ford,Ecosport 1.5 Ti VCT MT Ambiente,Petrol,Manual,90000,1498.0,5,1st Owner,595000,11,0
Hyundai,Santro Xing GL Plus,Petrol,Manual,60000,1086.0,5,2nd Owner,130000,15,0
Maruti,SX4 VDI,Diesel,Manual,146000,1047.0,5,4th Owner,200000,14,0
Hyundai,Verna 1.6 CRDi EX MT,Diesel,Manual,80000,1582.0,5,2nd Owner,395000,13,0
Hyundai,Verna 1.6 SX,Diesel,Manual,80000,1582.0,5,2nd Owner,600000,12,0
Maruti,Swift Dzire LXI,Petrol,Manual,25000,1197.0,5,1st Owner,600000,8,0
Honda,City S,Petrol,Manual,60000,1497.0,5,2nd Owner,250000,17,0
Honda,City i DTEC V,Diesel,Manual,110000,1498.0,5,2nd Owner,459999,12,0
Maruti,Alto 800 VXI,Petrol,Manual,20000,796.0,5,1st Owner,300000,9,0
Maruti,Baleno 1.2 Delta,Petrol,Manual,30000,1197.0,5,1st Owner,538000,8,0
MG,Hector Sharp DCT,Petrol,Automatic,50000,1451.0,5,1st Owner,1600000,7,0
Nissan,Sunny XL,Petrol,Manual,60000,1198.0,5,1st Owner,275000,14,0
Maruti,Ritz VDi,Diesel,Manual,64000,1248.0,5,2nd Owner,300000,15,0
Maruti,Alto 800 LXI,Petrol,Manual,20000,796.0,5,1st Owner,380000,5,0
Mercedes-Benz,C-Class 250 CDI Classic,Diesel,Automatic,70000,1396.0,5,2nd Owner,710000,15,0
Maruti,Swift Dzire VDI,Diesel,Manual,34000,1248.0,5,1st Owner,509999,11,0
Hyundai,Verna 1.4 VTVT,Petrol,Manual,60000,1396.0,5,3rd Owner,350000,14,0
Hyundai,Verna 1.4 VTVT,Petrol,Manual,60000,1396.0,5,3rd Owner,350000,14,0
Ford,Aspire 1.5 TDCi Trend,Diesel,Manual,90000,1498.0,5,1st Owner,400000,9,0
Hyundai,i20 Sportz Option 1.4 CRDi,Diesel,Manual,70000,1396.0,5,2nd Owner,550000,9,0
Mahindra,XUV500 W6 2WD,Diesel,Manual,90000,2179.0,7,3rd Owner,400000,13,0
Tata,Tiago 1.2 Revotron XZ,Petrol,Manual,95105,1199.0,5,1st Owner,395000,7,0
Renault,Triber RXZ EASY-R AMT,Petrol,Automatic,20000,999.0,7,1st Owner,650000,6,0
Maruti,Ertiga SHVS VDI,Diesel,Manual,100000,1248.0,7,2nd Owner,550000,10,0
Maruti,Swift Dzire VXi,Petrol,Manual,90000,1197.0,5,4th Owner,199000,17,0
Maruti,Alto K10 2010-2014 VXI,Petrol,Manual,60000,998.0,5,1st Owner,165000,14,0
Honda,Brio V MT,Petrol,Manual,25000,1199.0,5,1st Owner,260000,14,0
MG,Hector Sharp DCT,Petrol,Automatic,35000,1451.0,5,3rd Owner,1450000,7,0
Maruti,Alto LXi,Petrol,Manual,100000,796.0,5,1st Owner,90000,19,0
Jeep,Compass 2.0 Longitude BSIV,Diesel,Manual,80000,1956.0,5,1st Owner,1300000,8,0
Mitsubishi,Pajero Sport 4X4,Diesel,Manual,120000,998.0,7,2nd Owner,650000,13,0
Tata,Harrier XZ BSIV,Diesel,Manual,90000,1956.0,5,1st Owner,1400000,7,0
Hyundai,EON LPG Era Plus,Lpg,Manual,162000,814.0,5,1st Owner,260000,10,0
Maruti,Ertiga ZDI,Diesel,Manual,120000,1248.0,7,4th Owner,450000,12,0
Maruti,Wagon R CNG LXI,Cng,Manual,60000,998.0,5,2nd Owner,509999,5,0
Maruti,Wagon R LXI CNG,Cng,Manual,80000,998.0,5,1st Owner,490000,7,0
Honda,City S,Petrol,Manual,120000,1497.0,5,2nd Owner,250000,16,0
Tata,Zest Quadrajet 1.3 XMA,Diesel,Automatic,70000,1248.0,5,4th Owner,290000,10,0
Audi,RS7 4.0 TFSI,Petrol,Automatic,7100,3993.0,5,1st Owner,17500000,5,0
Audi,RS7 4.0 TFSI,Petrol,Automatic,11500,3993.0,5,1st Owner,17500000,6,0
Audi,A4 Technology,Petrol,Automatic,16000,1968.0,5,1st Owner,4179999,5,0
Mahindra,Thar LX 4-Str Hard Top,Petrol,Manual,5500,1997.0,5,1st Owner,1680000,4,0
Audi,Q5 30 TDI quattro Premium Plus,Diesel,Automatic,56500,1395.0,5,1st Owner,2390000,10,0
Audi,A4 35 TDI Technology Edition,Diesel,Automatic,45500,1968.0,5,1st Owner,1480000,12,0
Audi,A4 Technology,Petrol,Automatic,12000,1968.0,5,1st Owner,4590000,5,0
Jaguar,XF 2.0 Diesel Prestige,Diesel,Automatic,59000,1998.0,5,1st Owner,2980000,8,0
Audi,A4 30 TFSI Technology,Petrol,Automatic,41000,1395.0,5,1st Owner,3379999,8,0
Audi,Q3 35 TDI Quattro Premium,Diesel,Automatic,44600,1968.0,5,1st Owner,2390000,9,0
Audi,Q3 35 TDI Quattro Premium Plus,Diesel,Automatic,38500,1968.0,5,2nd Owner,1280000,13,0
Audi,A4 1.8 TFSI,Petrol,Automatic,57500,1799.0,5,3rd Owner,1480000,13,0
Audi,A6 35 TFSI Matrix,Petrol,Automatic,12000,1395.0,5,1st Owner,3379999,10,0
Maruti,Swift VDI BSIV,Diesel,Manual,84703,1248.0,5,3rd Owner,329000,12,0
Jeep,Compass 1.4 Longitude Plus AT,Petrol,Automatic,78000,1368.0,5,1st Owner,1689999,8,0
Maruti,Alto 800 LXI,Petrol,Manual,26562,796.0,5,1st Owner,267000,9,0
Mahindra,Quanto C2,Diesel,Manual,93021,1998.0,5,3rd Owner,197000,13,0
Audi,A4 35 TDI Technology,Diesel,Automatic,43900,1968.0,5,1st Owner,3279999,7,0
Maruti,Swift VDI BSIV,Diesel,Manual,107813,1248.0,5,1st Owner,392000,11,0
Maruti,Swift Dzire VDI,Diesel,Manual,64299,1248.0,5,1st Owner,537000,9,0
Tata,Tiago 1.2 Revotron XT,Petrol,Manual,25424,1199.0,5,1st Owner,401999,7,0
BMW,6 Series GT 630i Luxury Line 2018-2021,Petrol,Automatic,20800,1998.0,5,1st Owner,5580000,7,0
Audi,A4 35 TFSi Premium,Petrol,Automatic,32000,1395.0,5,1st Owner,2080000,10,0
Audi,A4 30 TFSI Technology,Petrol,Automatic,27000,1395.0,5,2nd Owner,3279999,8,0
Honda,Accord 2.4 MT,Petrol,Manual,80046,2354.0,5,3rd Owner,294000,16,0
Maruti,Swift Dzire VDI,Diesel,Manual,104724,1248.0,5,2nd Owner,372000,12,0
Hyundai,Santro Xing GL,Petrol,Manual,91693,1086.0,5,3rd Owner,79484,18,0
Audi,A6 35 TDI,Diesel,Automatic,85000,1968.0,5,1st Owner,1980000,11,0
Ford,Freestyle Titanium Diesel BSIV,Diesel,Manual,84280,1498.0,5,1st Owner,543000,8,0
Honda,Amaze S i-Dtech,Diesel,Manual,72947,1498.0,5,2nd Owner,256999,13,0
Hyundai,Creta 1.6 SX Automatic Diesel,Diesel,Automatic,38507,1582.0,5,1st Owner,1427000,7,0
Maruti,Wagon R LXI CNG,Cng,Manual,60033,998.0,5,1st Owner,351000,9,0
Hyundai,i10 Magna 1.1L,Petrol,Manual,35355,1197.0,5,2nd Owner,256999,12,0
Hyundai,Grand i10 Magna,Petrol,Manual,24027,1197.0,5,2nd Owner,373000,9,0
Maruti,Baleno 1.3 Alpha,Diesel,Manual,57256,1248.0,5,1st Owner,558000,9,0
Honda,Amaze EX i-Vtech,Petrol,Manual,62029,1199.0,5,1st Owner,282000,13,0
Maruti,Wagon R LXI CNG,Cng,Manual,97811,998.0,5,1st Owner,270000,12,0
Ford,Figo Petrol ZXI,Petrol,Manual,54910,1194.0,5,1st Owner,164000,15,0
Hyundai,Verna 1.6 VTVT S,Petrol,Manual,69271,1591.0,5,1st Owner,537000,10,0
Mahindra,XUV500 W8 FWD,Diesel,Manual,122619,2179.0,7,2nd Owner,643000,11,0
Maruti,Swift VXI,Petrol,Manual,23976,1197.0,5,1st Owner,592000,6,0
Honda,Mobilio V i-DTEC,Diesel,Manual,159147,1498.0,8,1st Owner,361000,12,0
Maruti,Swift Dzire VXI,Petrol,Manual,75384,1197.0,5,2nd Owner,330000,12,0
Audi,A6 35 TFSI Matrix,Petrol,Automatic,61500,1395.0,5,1st Owner,2990000,9,0
Tata,Tigor 1.2 Revotron XE,Petrol,Manual,39477,1199.0,5,1st Owner,351000,8,0
Audi,A6 35 TDI,Diesel,Automatic,41000,1968.0,5,2nd Owner,2580000,10,0
Honda,City i DTEC SV,Diesel,Manual,53234,1498.0,5,2nd Owner,518000,11,0
Maruti,Swift Dzire AMT ZXI Plus,Petrol,Automatic,67261,1197.0,5,2nd Owner,604000,8,0
Audi,A6 3.0 TDI Quattro Premium Plus,Diesel,Automatic,71000,2967.0,5,3rd Owner,1380000,12,0
Maruti,Baleno Delta,Petrol,Manual,8201,1197.0,5,1st Owner,653000,6,0
Mahindra,Bolero SLE BSIII,Diesel,Manual,98105,2523.0,7,1st Owner,473000,11,0
Hyundai,Verna 1.6 SX CRDI (O) AT,Diesel,Automatic,93147,1582.0,5,1st Owner,463000,12,0
Toyota,Innova 2.5 GX (Diesel) 8 Seater,Diesel,Manual,139257,2494.0,7,1st Owner,557000,14,0
Maruti,Alto K10 2010-2014 VXI,Petrol,Manual,140511,998.0,5,1st Owner,134000,15,0
Hyundai,Verna 1.6 EX VTVT,Petrol,Manual,68266,1591.0,5,1st Owner,449000,12,0
Hyundai,i20 1.2 Magna,Petrol,Manual,80283,1197.0,5,2nd Owner,209000,15,0
Maruti,Swift VDI BSIV,Diesel,Manual,55133,1248.0,5,1st Owner,459000,10,0
Hyundai,Elantra CRDi SX,Diesel,Manual,58437,1582.0,5,2nd Owner,583000,12,0
Hyundai,Santro Xing GL,Petrol,Manual,117816,1086.0,5,1st Owner,169000,13,0
Toyota,Fortuner 4x2 Manual,Diesel,Manual,212661,2755.0,7,2nd Owner,1180000,13,0
Mahindra,Bolero Power Plus SLE,Diesel,Manual,67918,2523.0,7,1st Owner,522000,10,0
Maruti,Eeco 7 Seater STD 2020-2022,Petrol,Manual,18636,1196.0,5,1st Owner,468000,4,0
Maruti,Alto K10 LXI,Petrol,Manual,111556,998.0,5,2nd Owner,200999,11,0
Toyota,Innova 2.5 G (Diesel) 7 Seater BS IV,Diesel,Manual,141834,2494.0,7,1st Owner,793000,11,0
Maruti,Ertiga VXI,Petrol,Manual,24920,1462.0,7,2nd Owner,411000,12,0
Ford,Figo Diesel EXI,Diesel,Manual,115042,1498.0,5,2nd Owner,125000,15,0
Toyota,Innova Crysta 2.8 ZX AT BSIV,Diesel,Automatic,57189,2755.0,7,2nd Owner,1761000,8,0
Hyundai,i20 Asta 1.2,Petrol,Manual,10188,1197.0,5,1st Owner,565000,10,0
Hyundai,i10 Sportz 1.2,Petrol,Manual,55892,1197.0,5,4th Owner,130000,18,0
Hyundai,i20 Sportz Plus BSIV,Petrol,Manual,38285,1197.0,5,1st Owner,664000,7,0
Toyota,Urban cruiser Premium,Petrol,Manual,26523,1462.0,5,1st Owner,927999,5,0
Hyundai,i20 Sportz Plus BSIV,Petrol,Manual,35986,1197.0,5,1st Owner,664000,7,0
Mercedes-Benz,CLA 200 D Sport Edition,Diesel,Automatic,51609,2143.0,5,1st Owner,1929000,10,0
Maruti,Wagon R VXI Opt,Petrol,Manual,42561,998.0,5,1st Owner,413000,7,0
Hyundai,Santro Xing GLS,Petrol,Manual,30778,1086.0,7,1st Owner,105000,18,0
Maruti,Wagon R LXI CNG,Cng,Manual,30819,998.0,5,2nd Owner,335000,9,0
Nissan,Micra Diesel XV,Diesel,Manual,77464,1461.0,5,3rd Owner,139000,14,0
Maruti,Vitara Brezza VDi,Diesel,Manual,55142,1248.0,5,1st Owner,542000,10,0
Maruti,Swift Dzire ZDI,Diesel,Manual,64705,1248.0,5,2nd Owner,479000,11,0
Hyundai,i10 Era 1.1,Petrol,Manual,83013,1086.0,5,4th Owner,130000,17,0
Maruti,800 AC BSIII,Petrol,Manual,91817,796.0,5,4th Owner,54430,17,0
Honda,Amaze VX i DTEC,Diesel,Manual,76012,1498.0,5,1st Owner,561000,8,0
Hyundai,Creta SX Opt Diesel AT,Diesel,Automatic,20507,1582.0,5,1st Owner,1773000,6,0
Ford,Fiesta 1.4 ZXi TDCi ABS,Diesel,Manual,118039,1368.0,5,1st Owner,174000,17,0
Tata,Zest Quadrajet 1.3 XMS,Diesel,Manual,169306,1248.0,5,1st Owner,280000,12,0
Audi,A6 2.0 TDI Premium Plus,Diesel,Automatic,71000,1968.0,5,1st Owner,1689999,12,0
Hyundai,EON D Lite Plus,Petrol,Manual,51841,814.0,5,2nd Owner,216000,10,0
Tata,Tigor 1.2 Revotron XZ Option,Petrol,Manual,10098,1199.0,5,1st Owner,413999,9,0
Honda,City i VTEC V,Petrol,Manual,58328,1497.0,5,3rd Owner,497000,11,0
Maruti,Eeco 7 Seater Standard BSIV,Petrol,Manual,94128,1196.0,5,1st Owner,309000,8,0
Mahindra,TUV 300 T6,Diesel,Manual,38979,796.0,5,1st Owner,516000,9,0
Maruti,Wagon R LXI CNG,Cng,Manual,54087,998.0,5,1st Owner,324000,10,0
Ford,Figo Diesel ZXI,Diesel,Manual,71969,1498.0,5,1st Owner,126000,16,0
Renault,Duster 85PS Diesel RxE,Diesel,Manual,59609,1461.0,5,1st Owner,602000,8,0
Maruti,Wagon R LXI CNG,Cng,Manual,94509,998.0,5,1st Owner,287000,11,0
Maruti,Alto 800 LXI,Petrol,Manual,52254,796.0,5,1st Owner,264000,8,0
Maruti,Swift Dzire Tour 1.2 S STD,Petrol,Manual,25000,1197.0,5,1st Owner,600000,8,0
Hyundai,Verna VTVT 1.6 SX Option,Petrol,Manual,36006,1591.0,5,1st Owner,907000,8,0
Hyundai,i20 Asta,Petrol,Manual,94264,1197.0,5,2nd Owner,191000,16,0
Maruti,Baleno Sigma,Petrol,Manual,14976,1197.0,5,1st Owner,608000,4,0
Datsun,GO T BSIV,Petrol,Manual,163605,1198.0,5,1st Owner,221000,9,0
Toyota,Fortuner 2.7 2WD AT,Petrol,Automatic,44000,2694.0,7,2nd Owner,3100000,7,0
Audi,Q5 3.0 TDI Quattro,Diesel,Automatic,68000,2967.0,5,3rd Owner,994999,15,0
Hyundai,i10 Magna 1.1L,Petrol,Manual,38000,1197.0,5,1st Owner,225000,15,0
Maruti,Swift Dzire VXI 1.2 BS IV,Petrol,Manual,65000,1197.0,5,1st Owner,650000,7,0
Audi,Q7 45 TDI Quattro Premium Plus,Diesel,Automatic,43000,2967.0,7,2nd Owner,1875000,12,0
Honda,Amaze E i-Vtech,Petrol,Manual,80000,1199.0,5,3rd Owner,360000,11,0
Mercedes-Benz,C-Class Progressive C 220d,Diesel,Automatic,24000,2143.0,5,2nd Owner,3900000,6,0
Maruti,Baleno 1.3 Delta,Diesel,Manual,90000,1248.0,5,1st Owner,600000,8,0
Mahindra,Scorpio S8 7 Seater,Diesel,Manual,25000,2179.0,7,1st Owner,1000000,10,0
Mercedes-Benz,GLC 220d 4MATIC,Diesel,Automatic,24000,2143.0,5,1st Owner,5650000,6,0
Mercedes-Benz,GLE 300d,Diesel,Automatic,13000,1968.0,5,1st Owner,8900000,5,0
Mercedes-Benz,GLC 200,Petrol,Automatic,15000,1991.0,5,1st Owner,6100000,5,0
Jaguar,F-Pace 2.0 R-Dynamic S Diesel,Diesel,Automatic,9900,1998.0,5,1st Owner,7400000,5,0
Land,Rover Range Rover 4.4 Diesel LWB Autobiography,Diesel,Automatic,68500,1497.0,5,1st Owner,19000000,7,0
BMW,X4 xDrive30i M Sport Silver Shadow Edition,Petrol,Automatic,7600,1998.0,5,1st Owner,7450000,4,0
Audi,Q3 35 TDI Quattro Premium Plus,Diesel,Automatic,76000,1968.0,5,2nd Owner,1475000,10,0
Mahindra,XUV500 1.99 FWD W8,Diesel,Manual,120000,2179.0,7,2nd Owner,450000,13,0
Hyundai,Verna 1.6 CRDi SX,Diesel,Manual,120000,1582.0,5,2nd Owner,520000,10,0
BMW,X7 xDrive 40i,Petrol,Automatic,39000,2998.0,5,1st Owner,11500000,7,0
Mahindra,Scorpio S10 7 Seater,Diesel,Manual,88000,2179.0,7,1st Owner,1125000,9,0
Maruti,Grand Vitara Delta AT,Petrol,Automatic,2000,998.0,5,1st Owner,1450000,4,0
Mahindra,Bolero ZLX,Diesel,Manual,40000,2523.0,7,1st Owner,750000,7,0
Toyota,Camry Hybrid 2.5,Petrol,Automatic,20000,2494.0,5,1st Owner,4090000,7,0
Mercedes-Benz,E-Class E240 V6 AT,Petrol,Automatic,110000,1248.0,5,2nd Owner,500000,20,0
Toyota,Fortuner 3.0 Diesel,Diesel,Manual,80000,2982.0,7,3rd Owner,850000,15,0
Maruti,Zen Estilo LXI BSIII,Petrol,Manual,110000,993.0,5,3rd Owner,100000,18,0
Mercedes-Benz,GLE 250d,Diesel,Automatic,49000,2143.0,5,1st Owner,4400000,9,0
Tata,Safari Storme VX,Diesel,Manual,145000,1956.0,7,3rd Owner,320000,13,0
Maruti,Ertiga ZDI,Diesel,Manual,40000,1248.0,7,2nd Owner,500000,14,0
Volkswagen,Vento IPL II Petrol Trendline,Petrol,Manual,100000,1598.0,5,3rd Owner,125000,16,0
Mercedes-Benz,E-Class Expression E 220 d BSIV,Diesel,Automatic,17000,2143.0,5,1st Owner,5800000,6,0
Volkswagen,Polo Exquisite 1.5 TDI Highline,Diesel,Manual,100000,1498.0,5,1st Owner,490000,11,0
Maruti,Wagon R VXI BS IV,Petrol,Manual,100000,998.0,5,1st Owner,190000,15,0
Toyota,Innova 2.5 G (Diesel) 8 Seater,Diesel,Manual,120000,2494.0,8,2nd Owner,600000,13,0
BMW,X3 xDrive 20d Luxury Line,Diesel,Automatic,19000,1995.0,5,1st Owner,6000000,5,0
Hyundai,i20 Sportz 1.4 CRDi,Diesel,Manual,60000,1396.0,5,2nd Owner,650000,9,0
Nissan,Micra Active XV Petrol,Petrol,Manual,25000,1198.0,5,1st Owner,400000,8,0
Tata,Indigo LX BSIV,Diesel,Manual,100000,998.0,5,1st Owner,185000,14,0
Mercedes-Benz,GLC Coupe 300d 4MATIC,Diesel,Automatic,24900,1199.0,5,1st Owner,7150000,5,0
Mahindra,Scorpio 1.99 S10 4WD,Diesel,Manual,70000,2179.0,7,1st Owner,1000000,11,0
Maruti,800 AC,Petrol,Manual,70000,796.0,5,1st Owner,200000,12,0
Mahindra,Scorpio 2.6 CRDe,Diesel,Manual,100000,2179.0,8,2nd Owner,350000,20,0
Jaguar,XF 2.0 Petrol Prestige,Petrol,Automatic,7500,1998.0,5,1st Owner,4700000,6,0
Mahindra,Bolero B4,Diesel,Manual,110000,2523.0,7,1st Owner,580000,6,0
Hyundai,Xcent 1.1 CRDi Base,Diesel,Manual,70000,1086.0,5,2nd Owner,310000,11,0
Renault,Kiger RXZ,Petrol,Manual,35000,999.0,5,1st Owner,750000,5,0
Toyota,Land Cruiser VX,Diesel,Automatic,56000,1199.0,5,1st Owner,15800000,8,0
Maruti,Swift Dzire ZDI,Diesel,Manual,74200,1248.0,5,2nd Owner,535000,9,0
Toyota,Fortuner 4x2 Manual,Diesel,Manual,120000,2755.0,7,2nd Owner,1500000,10,0
Toyota,Innova 2.5 EV Diesel MS 8 Str BSIII,Diesel,Manual,169000,0.0,7,3rd Owner,300000,19,0
Mercedes-Benz,C-Class C 220d,Diesel,Automatic,4000,2143.0,5,1st Owner,6200000,4,0
Volkswagen,Polo Diesel Trendline 1.2L,Diesel,Manual,90000,1498.0,5,3rd Owner,130000,16,0
Tata,Tiago 1.05 Revotorq XT,Diesel,Manual,120000,1047.0,5,1st Owner,300000,9,0
Maruti,A-Star Lxi,Petrol,Manual,70000,1498.0,5,2nd Owner,114999,17,0
Mercedes-Benz,S-Class S 350 d,Diesel,Automatic,13000,2987.0,5,2nd Owner,4775000,12,0
Maruti,Alto LXI,Petrol,Manual,70000,796.0,5,3rd Owner,70000,22,0
Hyundai,Santro Xing XG AT eRLX Euro III,Petrol,Automatic,60000,1086.0,5,4th Owner,90000,22,0
Renault,Lodgy 110PS RxZ 7 Seater,Diesel,Manual,110000,2993.0,7,3rd Owner,450000,11,0
Mercedes-Benz,GLS 400d 4MATIC,Diesel,Automatic,15000,999.0,7,2nd Owner,11700000,6,0
Hyundai,EON D Lite,Petrol,Manual,30000,814.0,5,1st Owner,175000,13,0
Hyundai,Verna 1.6 CRDi SX,Diesel,Manual,115000,1582.0,5,2nd Owner,700000,11,0
Maruti,Baleno Delta,Petrol,Manual,15000,1197.0,5,1st Owner,650000,7,0
BMW,X5 xDrive 30d xLine,Diesel,Automatic,25000,2993.0,5,1st Owner,8300000,6,0
Maruti,Ignis 1.2 AMT Zeta BSIV,Petrol,Automatic,80000,1197.0,5,1st Owner,500000,8,0
Maruti,800 Std BSII,Petrol,Manual,29000,796.0,5,1st Owner,84000,24,0
Maruti,Alto 800 VXI,Petrol,Manual,70000,796.0,5,1st Owner,300000,7,0
Audi,Q7 45 TDI Quattro Technology,Diesel,Automatic,65000,2967.0,7,1st Owner,4600000,9,0
Hyundai,i20 1.4 Asta CRDi with AVN,Diesel,Manual,110000,1396.0,5,4th Owner,200000,17,0
Mahindra,Bolero SLX,Diesel,Manual,100000,2523.0,6,4th Owner,340000,14,0
Maruti,Baleno 1.2 Alpha,Petrol,Manual,60000,1197.0,5,1st Owner,550000,8,0
Mercedes-Benz,GLS 350d Grand Edition,Diesel,Automatic,45000,2987.0,7,2nd Owner,5950000,10,0
Volkswagen,Taigun 1.0 TSI Topline,Petrol,Manual,5000,999.0,5,1st Owner,1300000,4,0
Mahindra,Bolero ZLX,Diesel,Manual,60000,2523.0,7,2nd Owner,470000,12,0
BMW,5 Series 520d Luxury Line,Diesel,Automatic,29000,1995.0,5,1st Owner,4800000,7,0
Toyota,Innova 2.5 E 7 STR,Diesel,Manual,200000,2494.0,7,2nd Owner,425000,14,0
Maruti,Swift VDI BSIV,Diesel,Manual,110000,1248.0,5,1st Owner,350000,11,0
Tata,Indigo LX BSIV,Diesel,Manual,120000,998.0,5,1st Owner,240000,11,0
Mercedes-Benz,GLE 250d,Diesel,Automatic,45000,2143.0,5,1st Owner,5600000,7,0
Tata,Indigo GLX,Petrol,Manual,25000,1968.0,5,1st Owner,114999,17,0
Tata,Indigo LX,Diesel,Manual,80000,998.0,5,2nd Owner,70000,20,0
Ford,Ecosport 1.5 Diesel Titanium BSIV,Diesel,Manual,70000,1498.0,5,1st Owner,650000,8,0
Mercedes-Benz,C-Class Progressive C 200,Petrol,Automatic,11000,1991.0,5,1st Owner,4790000,5,0
Mercedes-Benz,GLE 400d,Diesel,Automatic,12000,1598.0,5,1st Owner,10400000,5,0
Audi,A6 35 TDI,Diesel,Automatic,40000,1968.0,5,2nd Owner,2490000,10,0
Maruti,Wagon R VXI,Petrol,Manual,7500,998.0,5,1st Owner,521000,5,0
Land,Rover Range Rover 3.0 Petrol LWB Vogue BSIV,Petrol,Automatic,40000,2982.0,5,1st Owner,19200000,7,0
Mahindra,Bolero Power Plus SLX,Diesel,Manual,50000,2523.0,7,1st Owner,600000,8,0
Volkswagen,Vento Diesel Highline,Diesel,Manual,80000,1498.0,5,2nd Owner,250000,16,0
Maruti,Celerio VXI,Petrol,Manual,40000,998.0,5,1st Owner,346000,9,0
Volvo,XC60 B5 Inscripition,Petrol,Automatic,7000,1462.0,5,1st Owner,6850000,4,0
Maruti,800 DUO AC LPG,Lpg,Manual,60000,796.0,5,3rd Owner,70000,16,0
Maruti,Swift VDI Optional,Diesel,Manual,40000,1248.0,5,1st Owner,600000,8,0
Chevrolet,Cruze LTZ,Diesel,Manual,70000,1248.0,5,4th Owner,200000,13,0
BMW,X1 sDrive 20d xLine,Diesel,Automatic,25000,1995.0,5,1st Owner,3000000,7,0
Mahindra,TUV 300 T6 Plus,Diesel,Manual,120000,998.0,5,1st Owner,490000,10,0
Honda,Civic 1.8 S MT,Petrol,Manual,100000,1799.0,5,3rd Owner,200000,15,0
Hyundai,i10 Magna,Petrol,Manual,50000,1197.0,5,1st Owner,150000,17,0
Maserati,Ghibli Diesel BSIV,Diesel,Automatic,12000,796.0,5,1st Owner,6600000,10,0
Renault,Triber RXZ BSIV,Petrol,Manual,25000,999.0,7,1st Owner,550000,7,0
Maruti,Esteem Lxi,Petrol,Manual,20000,1396.0,5,1st Owner,120000,19,0
Honda,Amaze E i-Vtech,Petrol,Manual,80000,1199.0,5,4th Owner,260000,10,0
Mercedes-Benz,C-Class C 220 CDI Avantgarde,Diesel,Automatic,37000,2143.0,5,2nd Owner,2150000,11,0
Maruti,Alto LXi,Petrol,Manual,80000,796.0,5,1st Owner,161000,14,0
Maruti,Swift Ldi BSIII,Diesel,Manual,120000,1248.0,5,2nd Owner,200000,16,0
Tata,Indica eV2 eL,Diesel,Manual,90000,1991.0,5,2nd Owner,75000,15,0
Porsche,Cayenne Diesel Platinum Edition,Diesel,Automatic,50000,1197.0,5,1st Owner,5800000,10,0
Maruti,Swift VDI,Diesel,Manual,80000,1248.0,5,2nd Owner,300000,13,0
Hyundai,i20 1.2 Magna,Petrol,Manual,120000,1197.0,5,2nd Owner,200000,15,0
Maruti,Omni MPI STD BSIV,Petrol,Manual,10000,796.0,5,1st Owner,250000,8,0
Mercedes-Benz,E-Class Exclusive E 200,Petrol,Automatic,8900,1991.0,5,1st Owner,6700000,5,0
Ford,Aspire Titanium Plus Diesel,Diesel,Manual,15000,1498.0,5,1st Owner,850000,5,0
Hyundai,i20 Active 1.4 SX,Diesel,Manual,100000,1396.0,5,2nd Owner,450000,11,0
Mahindra,XUV500 W6 2WD,Diesel,Manual,70000,2179.0,7,2nd Owner,700000,12,0
Land,Rover Range Rover Sport 2.0 Petrol HSE,Petrol,Automatic,19500,1998.0,5,1st Owner,11399999,6,0
Maruti,Swift Dzire VXi,Petrol,Manual,85000,1197.0,5,1st Owner,300000,17,0
Maruti,Swift VXI 2018,Petrol,Manual,43000,1197.0,5,1st Owner,545000,7,0
Maruti,Alto LX,Petrol,Manual,70000,796.0,5,1st Owner,100000,16,0
Mercedes-Benz,C-Class Progressive C 200,Petrol,Automatic,28000,1991.0,5,1st Owner,4250000,7,0
Mahindra,Scorpio 2.6 CRDe SLE,Diesel,Manual,90000,2179.0,7,2nd Owner,310000,17,0
Maruti,Swift VDI BSIV,Diesel,Manual,128000,1248.0,5,4th Owner,170000,18,0
Maruti,Vitara Brezza ZDi Plus,Diesel,Manual,80000,1248.0,5,2nd Owner,695000,9,0
Toyota,Land Cruiser VX,Diesel,Automatic,27000,1199.0,5,1st Owner,16900000,7,0
Maruti,Alto 800 LXI,Petrol,Manual,50000,796.0,5,2nd Owner,250000,9,0
Tata,Tiago 1.2 Revotron XZ,Petrol,Manual,40000,1199.0,5,1st Owner,454000,7,0
Mahindra,Scorpio 2.6 SLX CRDe,Diesel,Manual,80000,2179.0,7,1st Owner,110000,20,0
BMW,X1 sDrive20i xLine,Petrol,Automatic,10000,1995.0,5,1st Owner,4000000,5,0
Tata,Altroz XM plus,Petrol,Manual,30000,1199.0,5,1st Owner,700000,5,0
Datsun,GO A,Petrol,Manual,110000,1198.0,5,2nd Owner,270000,9,0
Hyundai,Xcent 1.1 CRDi S,Diesel,Manual,90000,1086.0,5,2nd Owner,290000,12,0
Mini,3 DOOR John Cooper Works 2019-2020,Petrol,Automatic,40000,1197.0,5,2nd Owner,3450000,9,0
Hyundai,Venue SX Opt Diesel,Diesel,Manual,60000,1493.0,5,1st Owner,950000,6,0
Maruti,Vitara Brezza ZDi Plus,Diesel,Manual,80000,1248.0,5,3rd Owner,700000,9,0
Maruti,Alto LXi,Petrol,Manual,110000,796.0,5,2nd Owner,120000,17,0
Volvo,XC60 D5 Inscription,Diesel,Automatic,34000,1968.0,5,1st Owner,5450000,7,0
Maruti,Swift Dzire VXI,Petrol,Manual,35000,1197.0,5,1st Owner,650000,5,0
Toyota,Etios Cross 1.2L G,Petrol,Manual,60000,1197.0,5,1st Owner,550000,7,0
Hyundai,Grand i10 Sportz,Petrol,Manual,90000,1197.0,5,1st Owner,400000,9,0
Land,Rover Discovery Sport TD4 HSE 7S,Diesel,Automatic,38000,1197.0,5,1st Owner,4875000,6,0
Ford,Ikon 1.3 Flair,Petrol,Manual,45000,1248.0,5,2nd Owner,50000,19,0
Maruti,Wagon R LXI,Petrol,Manual,120000,998.0,5,1st Owner,75000,21,0
Hyundai,Santro Xing GL,Petrol,Manual,70000,1086.0,5,2nd Owner,105000,16,0
Hyundai,i10 Sportz 1.1L,Petrol,Manual,111408,1197.0,5,1st Owner,180000,15,0
Ford,Ecosport 1.0 Ecoboost Titanium,Petrol,Manual,70000,999.0,5,2nd Owner,313000,13,0
Maruti,Celerio VXI,Petrol,Manual,80000,998.0,5,3rd Owner,204999,11,0
Maruti,Vitara Brezza ZDi Plus Dual Tone,Diesel,Manual,80000,1248.0,5,1st Owner,680000,9,0
Mercedes-Benz,S-Class S 350d,Diesel,Automatic,1400,2987.0,5,1st Owner,17700000,4,0
Hyundai,EON Magna Plus,Petrol,Manual,60000,814.0,5,2nd Owner,195000,12,0
Maruti,Alto LXi BSIII,Petrol,Manual,80000,796.0,5,4th Owner,80000,18,0
Renault,KWID Climber 1.0 AMT,Petrol,Automatic,15000,999.0,5,1st Owner,300000,7,0
Hyundai,Xcent 1.2 VTVT S,Petrol,Manual,90000,1197.0,5,1st Owner,465000,7,0
Hyundai,Creta E Diesel,Diesel,Manual,56040,1582.0,5,1st Owner,1085000,6,0
Maruti,Ertiga VXI,Petrol,Manual,69305,1462.0,7,1st Owner,849000,5,0
Ford,Figo Petrol Titanium,Petrol,Manual,66974,1194.0,5,3rd Owner,235000,12,0
Tata,Indigo LX BSIV,Diesel,Manual,227904,998.0,5,1st Owner,140000,12,0
Mahindra,Scorpio S11,Diesel,Manual,40670,2179.0,7,1st Owner,1711000,5,0
Hyundai,Santro Magna,Petrol,Manual,17535,1086.0,5,1st Owner,436000,6,0
Maruti,SX4 S Cross Zeta DDiS 200 SH,Diesel,Manual,80243,1197.0,5,2nd Owner,750000,8,0
Tata,Indigo VX BSIV,Diesel,Manual,61549,1198.0,5,1st Owner,202000,12,0
Maruti,Alto 800 LXI,Petrol,Manual,89345,796.0,5,2nd Owner,170000,12,0
Mahindra,Scorpio S9 BSIV,Diesel,Manual,95790,2179.0,8,1st Owner,1303000,7,0
Maruti,Swift VDI BSIV,Diesel,Manual,77173,1248.0,5,1st Owner,425000,11,0
Toyota,Fortuner 4x4 MT,Diesel,Manual,169917,2755.0,7,2nd Owner,1175000,13,0
Honda,Brio VX,Petrol,Manual,46224,1199.0,5,1st Owner,337000,11,0
Nissan,Micra Active XV,Petrol,Manual,23947,1198.0,5,1st Owner,396000,9,0
Honda,Civic 1.8 V MT,Petrol,Manual,50546,1799.0,5,2nd Owner,180000,18,0
Honda,Amaze S i-Vtech,Petrol,Manual,61229,1199.0,5,1st Owner,320000,11,0
Hyundai,i10 Magna LPG,Lpg,Manual,85122,1197.0,5,3rd Owner,176000,15,0
Toyota,Innova 2.5 GX (Diesel) 8 Seater BS IV,Diesel,Manual,46286,2494.0,7,1st Owner,718000,12,0
Maruti,Baleno Sigma,Petrol,Manual,8110,1197.0,5,1st Owner,587000,6,0
Fiat,Grande Punto EVO 1.2 Active,Petrol,Manual,64712,1198.0,5,2nd Owner,218000,11,0
Renault,KWID Climber 1.0 AMT,Petrol,Automatic,52698,999.0,5,1st Owner,297000,9,0
Hyundai,Grand i10 CRDi Sportz,Diesel,Manual,120797,1120.0,5,2nd Owner,290000,10,0
Hyundai,EON Era Plus Option,Petrol,Manual,39109,814.0,5,1st Owner,268000,9,0
Hyundai,i10 Era 1.1,Petrol,Manual,21046,1086.0,5,1st Owner,149000,17,0
Maruti,Wagon R VXI BS IV,Petrol,Manual,34794,998.0,5,1st Owner,263000,12,0
Renault,KWID RXT Optional,Petrol,Manual,33614,799.0,5,1st Owner,305000,8,0
Maruti,Ciaz Zeta,Petrol,Manual,9630,1462.0,5,1st Owner,950000,4,0
Maruti,Alto LXi,Petrol,Manual,72153,796.0,5,3rd Owner,110000,15,0
Toyota,Platinum Etios 1.4 GD,Diesel,Manual,78172,1368.0,5,1st Owner,565000,7,0
Honda,City i-DTEC V,Diesel,Manual,64313,1498.0,5,1st Owner,792000,8,0
Mahindra,XUV500 W11 BSIV,Diesel,Manual,74787,2179.0,7,1st Owner,1562000,6,0
Maruti,Swift Dzire ZDI Plus,Diesel,Manual,92045,1248.0,5,1st Owner,671000,7,0
Jeep,Compass 2.0 Limited,Diesel,Manual,48259,1956.0,5,3rd Owner,1203000,8,0
Maruti,Ertiga VXI Petrol,Petrol,Manual,21197,1462.0,7,1st Owner,741000,7,0
Toyota,Etios VD,Diesel,Manual,13814,1364.0,5,1st Owner,340000,14,0
Maruti,Baleno 1.3 Delta,Diesel,Manual,85890,1248.0,5,1st Owner,454000,11,0
Maruti,Wagon R LXI BS IV,Petrol,Manual,101935,998.0,5,1st Owner,133000,16,0
Hyundai,EON Era Plus,Petrol,Manual,26012,814.0,5,1st Owner,283000,8,0
Honda,City V MT,Petrol,Manual,117699,1497.0,5,2nd Owner,313000,14,0
MG,Hector Hybrid Sharp MT,Petrol,Manual,31437,1451.0,5,2nd Owner,1807000,5,0
Tata,Nano Twist XTA,Petrol,Automatic,14458,624.0,4,1st Owner,144000,11,0
Renault,Triber RXL BSIV,Petrol,Manual,55744,999.0,7,1st Owner,501999,7,0
Honda,City i VTEC SV,Petrol,Manual,10411,1497.0,5,1st Owner,545000,11,0
Maruti,Swift Dzire VXI 1.2,Petrol,Manual,43627,1197.0,5,1st Owner,611000,7,0
Renault,KWID 1.0 RXT Optional AT 2016-2019,Petrol,Automatic,31306,999.0,5,1st Owner,235000,9,0
Toyota,Innova 2.5 GX (Diesel) 7 Seater BS IV,Diesel,Manual,308768,2494.0,7,2nd Owner,653000,11,0
Mahindra,XUV500 W7 AT BSIV,Diesel,Automatic,55209,2179.0,7,1st Owner,1235000,8,0
Datsun,GO Plus T BSIV,Petrol,Manual,18732,1198.0,5,1st Owner,304000,9,0
Hyundai,Grand i10 Nios Sportz CNG,Cng,Manual,30273,1197.0,5,1st Owner,741000,5,0
BMW,X4 M Sport X xDrive20d,Diesel,Automatic,29000,1995.0,5,1st Owner,5650000,7,0
Hyundai,Grand i10 1.2 Kappa Sportz BSIV,Petrol,Manual,47841,1197.0,5,1st Owner,462000,8,0
Maruti,Ertiga VXI,Petrol,Manual,3707,1462.0,7,1st Owner,849000,6,0
Honda,Amaze S i-Vtech,Petrol,Manual,104596,1199.0,5,1st Owner,379000,10,0
Hyundai,i10 Sportz,Petrol,Manual,60162,1197.0,5,1st Owner,263000,13,0
Hyundai,Creta 1.6 Gamma SX Plus,Petrol,Manual,72434,1591.0,5,1st Owner,780000,11,0
Maruti,Swift VDI,Diesel,Manual,96906,1248.0,5,3rd Owner,270000,14,0
Renault,KWID 1.0 RXT AMT Opt,Petrol,Automatic,4603,999.0,5,1st Owner,445000,6,0
Maruti,Swift VDI BSIV,Diesel,Manual,63740,1248.0,5,2nd Owner,370000,12,0
Renault,KWID RXT,Petrol,Manual,53827,799.0,5,1st Owner,249000,10,0
Kia,Sonet HTX Turbo iMT,Petrol,Manual,13997,1197.0,5,1st Owner,1036999,5,0
Toyota,Fortuner 2.8 2WD MT BSIV,Diesel,Manual,120949,2755.0,7,2nd Owner,1980000,9,0
Honda,City i VTEC V,Petrol,Manual,42189,1497.0,5,1st Owner,644000,9,0
Hyundai,i20 1.4 CRDi Sportz,Diesel,Manual,34341,1396.0,5,1st Owner,283000,14,0
Hyundai,Grand i10 Nios Sportz,Petrol,Manual,18881,1197.0,5,1st Owner,659000,6,0
Ford,Ikon 1.3 CLXi,Petrol,Manual,127335,1248.0,5,2nd Owner,72494,17,0
Maruti,Vitara Brezza VDi,Diesel,Manual,26201,1248.0,5,1st Owner,750000,7,0
Hyundai,i10 Sportz 1.1L,Petrol,Manual,107263,1197.0,5,1st Owner,248000,12,0
Mahindra,Bolero Power Plus SLX,Diesel,Manual,58245,2523.0,7,1st Owner,613000,9,0
Maruti,Zen LXI,Petrol,Manual,142740,993.0,5,2nd Owner,50718,20,0
Maruti,Swift VDI BSIV,Diesel,Manual,51755,1248.0,5,1st Owner,425000,11,0
Maruti,XL6 Zeta,Petrol,Manual,84284,1461.0,5,1st Owner,953999,6,0
Maruti,Wagon R LXI BS IV,Petrol,Manual,94087,998.0,5,1st Owner,276000,11,0
Ford,Fiesta Petrol Titanium,Petrol,Manual,56292,1493.0,5,1st Owner,278000,15,0
Toyota,Fortuner 2.8 2WD MT,Diesel,Manual,91604,2755.0,7,2nd Owner,2932000,6,0
Tata,Zest Revotron 1.2 XT,Petrol,Manual,56290,1199.0,5,1st Owner,266000,11,0
Mahindra,XUV500 W8 2WD,Diesel,Manual,41086,2179.0,7,4th Owner,601000,11,0
Maruti,Alto K10 VXI,Petrol,Manual,38137,998.0,5,1st Owner,260000,10,0
Toyota,Innova Crysta 2.4 GX 7 STR AT,Diesel,Automatic,11724,2393.0,7,1st Owner,2216000,4,0
Tata,Safari Storme LX,Diesel,Manual,111023,1956.0,7,4th Owner,529000,10,0
Chevrolet,Sail Hatchback LS ABS,Diesel,Manual,63936,1461.0,5,1st Owner,254000,13,0
Toyota,Etios GD,Diesel,Manual,229289,1364.0,5,1st Owner,296000,13,0
Hyundai,i20 1.2 Asta,Petrol,Manual,21292,1197.0,5,1st Owner,563000,9,0
Hyundai,Grand i10 CRDi Magna,Diesel,Manual,99561,1120.0,5,1st Owner,348000,10,0
Ford,Endeavour 2.2 Trend AT 4X2,Diesel,Automatic,103066,2179.0,7,2nd Owner,1338000,10,0
Renault,Duster 110PS Diesel RxL,Diesel,Manual,102141,1461.0,5,2nd Owner,362000,12,0
Ford,Ecosport 1.5 Petrol Titanium BSIV,Petrol,Manual,49320,1498.0,5,1st Owner,635000,9,0
Tata,Indigo LX BSIV,Diesel,Manual,43239,998.0,5,1st Owner,172000,11,0
Tata,Indigo Emax CNG GLS,Cng,Manual,112051,1199.0,7,1st Owner,247000,9,0
Maruti,Celerio ZXI AMT BSIV,Petrol,Automatic,7999,998.0,5,2nd Owner,346000,9,0
Ford,Ecosport 1.5 DV5 MT Trend,Diesel,Manual,86269,1498.0,5,1st Owner,381000,13,0
Maruti,Alto LXi BSIII,Petrol,Manual,15166,796.0,5,1st Owner,120000,16,0
Tata,Tigor EV XM,Electric,Automatic,25882,0.0,5,1st Owner,631000,7,1
Honda,City 1.5 S AT,Petrol,Automatic,57209,1497.0,5,1st Owner,269000,17,0
Volkswagen,CrossPolo 1.2 TDI,Diesel,Manual,94848,1198.0,5,3rd Owner,338000,13,0
Mercedes-Benz,G G63 AMG,Petrol,Automatic,47000,1199.0,5,2nd Owner,15200000,9,0
Hyundai,Xcent 1.2 VTVT S,Petrol,Manual,9669,1197.0,5,1st Owner,479000,8,0
Porsche,Panamera GTS,Petrol,Automatic,10000,1061.0,5,1st Owner,17500000,7,0
Hyundai,Verna 1.6 SX,Diesel,Manual,111246,1582.0,5,3rd Owner,411000,12,0
Mercedes-Benz,E-Class Exclusive E 220 d BSIV,Diesel,Automatic,44000,2143.0,5,1st Owner,4400000,9,0
Maruti,Wagon R VXI Minor,Petrol,Manual,55118,998.0,5,1st Owner,143000,16,0
Mercedes-Benz,E-Class Exclusive E 220 d BSIV,Diesel,Automatic,39000,2143.0,5,1st Owner,4350000,9,0
Tata,Harrier XT plus Dark Edition,Diesel,Manual,128924,1956.0,5,1st Owner,1191000,5,0
Maruti,Wagon R LX Minor,Petrol,Manual,55842,998.0,5,1st Owner,106000,16,0
Mercedes-Benz,GLC 200,Petrol,Automatic,32000,1991.0,5,1st Owner,5650000,6,0
Hyundai,i20 1.4 CRDi Asta,Diesel,Manual,96732,1396.0,5,1st Owner,285000,14,0
Hyundai,Grand i10 Asta,Petrol,Manual,38370,1197.0,5,1st Owner,333000,12,0
Toyota,Innova Crysta 2.4 G MT BSIV,Diesel,Manual,126401,2393.0,7,2nd Owner,906000,9,0
Hyundai,i20 Active 1.2 S,Petrol,Manual,44357,1197.0,5,2nd Owner,513999,9,0
Maruti,Wagon R LXI BS IV,Petrol,Manual,60545,998.0,5,1st Owner,223000,13,0
Hyundai,Verna 1.6 SX,Diesel,Manual,132004,1582.0,5,3rd Owner,317000,14,0
Kia,Seltos HTK Plus D,Diesel,Manual,7000,1493.0,5,1st Owner,1325000,5,0
Maruti,Vitara Brezza ZDi,Diesel,Manual,36096,1248.0,5,1st Owner,805000,7,0
Maruti,Wagon R VXI,Petrol,Manual,9264,998.0,5,1st Owner,523000,5,0
Hyundai,Grand i10 Asta Option,Petrol,Manual,112870,1197.0,5,1st Owner,258000,13,0
Hyundai,Xcent 1.1 CRDi S,Diesel,Manual,56522,1086.0,5,2nd Owner,297000,12,0
Mahindra,Scorpio S11 BSIV,Diesel,Manual,74206,2179.0,7,1st Owner,1251000,8,0
Maruti,Swift Dzire VDI,Diesel,Manual,70000,1248.0,5,1st Owner,665000,8,0
Hyundai,i20 1.2 Asta Option,Petrol,Manual,50924,1197.0,5,2nd Owner,563000,8,0
Toyota,Innova 2.5 GX (Diesel) 8 Seater BS IV,Diesel,Manual,55681,2494.0,7,1st Owner,774000,11,0
Tata,Nexon 1.2 Revotron XM,Petrol,Manual,13308,1199.0,5,1st Owner,646000,7,0
Maruti,Zen Estilo LXI BS IV,Petrol,Manual,27420,993.0,5,1st Owner,167000,15,0
Toyota,Innova Crysta 2.4 VX MT 8S BSIV,Diesel,Manual,143696,2393.0,7,1st Owner,1505000,8,0
Tata,Tiago 1.05 Revotorq XT,Diesel,Manual,117792,1047.0,5,1st Owner,374000,9,0
Maruti,Swift Dzire AMT VXI,Petrol,Automatic,47131,1197.0,5,1st Owner,519000,9,0
Maruti,Wagon R LXI CNG,Cng,Manual,104155,998.0,5,1st Owner,195000,14,0
Maruti,A-Star Lxi,Petrol,Manual,54573,1498.0,5,1st Owner,160000,15,0
Maruti,Baleno 1.3 Zeta,Diesel,Manual,84143,1248.0,5,3rd Owner,588000,7,0
Land,Rover Discovery Sport TD4 HSE Luxury,Diesel,Automatic,46000,1199.0,5,1st Owner,4800000,7,0
Audi,Q8 55 TFSI Quattro,Petrol,Automatic,28000,1598.0,5,1st Owner,10200000,5,0
Mercedes-Benz,C-Class C300 Cabriolet,Petrol,Automatic,30000,998.0,5,1st Owner,6800000,7,0
Mercedes-Benz,V-Class Exclusive,Diesel,Automatic,47000,1197.0,5,2nd Owner,5900000,7,0
Ford,Ecosport Titanium Diesel,Diesel,Manual,46029,1498.0,5,1st Owner,735000,5,0
Toyota,Innova 2.5 GX (Diesel) 8 Seater BS IV,Diesel,Manual,205479,2494.0,7,2nd Owner,780000,10,0
Tata,Nexon XMA AMT S,Petrol,Automatic,39353,1199.0,5,1st Owner,999000,6,0
Audi,Q7 4.2 TDI quattro,Diesel,Automatic,80087,1950.0,7,3rd Owner,1726000,15,0
Kia,Sonet HTX Turbo iMT,Petrol,Manual,14067,1197.0,5,1st Owner,1062000,5,0
Maruti,Baleno Delta,Petrol,Manual,13341,1197.0,5,1st Owner,669000,5,0
Hyundai,i20 Active 1.4 SX,Diesel,Manual,59326,1396.0,5,2nd Owner,574000,9,0
Maruti,Swift VDI BSIV,Diesel,Manual,71093,1248.0,5,1st Owner,351000,12,0
Toyota,Fortuner 2.8 4WD AT BSIV,Diesel,Automatic,94000,2755.0,7,1st Owner,3200000,8,0
Mercedes-Benz,E-Class Exclusive E 220d,Diesel,Automatic,13000,2143.0,5,1st Owner,7475000,5,0
Maruti,Ertiga ZXI Plus,Petrol,Manual,29267,1462.0,7,1st Owner,946000,7,0
Maruti,Swift Dzire AMT VXI,Petrol,Automatic,9695,1197.0,5,1st Owner,716000,7,0
Toyota,Corolla Altis G MT,Petrol,Manual,49470,1798.0,5,1st Owner,883000,10,0
Volkswagen,Vento 1.2 TSI Highline AT,Petrol,Automatic,27334,1198.0,5,1st Owner,731000,10,0
Maruti,Alto 800 LXI,Petrol,Manual,35275,796.0,5,1st Owner,268000,10,0
Jeep,Compass 2.0 Limited Plus AT,Diesel,Automatic,32365,1956.0,5,1st Owner,2213000,6,0
Tata,Hexa XT,Diesel,Manual,57366,2179.0,5,1st Owner,1021000,9,0
Tata,Altroz XZ,Petrol,Manual,30972,1199.0,5,1st Owner,730000,6,0
Jeep,Compass 2.0 Sport,Diesel,Manual,63641,1956.0,5,2nd Owner,1178000,8,0
Hyundai,Grand i10 1.2 CRDi Sportz,Diesel,Manual,36171,1197.0,5,1st Owner,520000,8,0
Honda,City i-VTEC CVT ZX,Petrol,Automatic,33851,1497.0,5,1st Owner,950000,9,0
Honda,City i VTEC V,Petrol,Manual,73414,1497.0,5,1st Owner,608000,11,0
Tata,Tiago 1.2 Revotron XZ,Petrol,Manual,65938,1199.0,5,1st Owner,430999,9,0
MG,Hector Sharp Diesel MT,Diesel,Manual,27122,1956.0,5,1st Owner,1730000,6,0
Maruti,Baleno 1.3 Zeta,Diesel,Manual,73994,1248.0,5,2nd Owner,555000,9,0
Tata,Safari Storme VX Varicor 400,Diesel,Manual,65779,1956.0,7,1st Owner,769000,10,0
Maruti,Ertiga BSIV ZXI,Petrol,Manual,51239,1462.0,7,1st Owner,786000,8,0
Mahindra,KUV 100 mFALCON G80 K4,Petrol,Manual,70222,1086.0,5,1st Owner,366000,9,0
Maruti,Alto 800 VXI,Petrol,Manual,3415,796.0,5,1st Owner,412000,5,0
Nissan,Terrano XL Plus 85 PS,Diesel,Manual,110000,1461.0,5,1st Owner,420000,12,0
Honda,City 1.5 S AT,Petrol,Automatic,80000,1497.0,5,3rd Owner,200000,18,0
Mahindra,Bolero Power Plus ZLX,Diesel,Manual,150000,2523.0,7,1st Owner,600000,9,0
Hyundai,i20 Asta 1.4 CRDi,Diesel,Manual,97000,1396.0,5,2nd Owner,540000,11,0
Hyundai,i10 Era,Petrol,Manual,80000,1197.0,5,3rd Owner,225000,17,0
Hyundai,i10 Era,Petrol,Manual,25000,1197.0,5,1st Owner,180000,15,0
Volkswagen,Polo Diesel Highline 1.2L,Diesel,Manual,60000,1498.0,5,2nd Owner,270000,14,0
Tata,New Safari Dicor EX 4X2 BS IV,Diesel,Manual,80000,1956.0,7,1st Owner,325000,13,0
Chevrolet,Beat LS,Petrol,Manual,100000,1197.0,5,2nd Owner,195000,9,0
Maruti,Swift Dzire VDI Optional,Diesel,Manual,30000,1248.0,5,1st Owner,459999,11,0
Porsche,Cayenne Diesel,Diesel,Automatic,120000,1248.0,5,2nd Owner,2200000,15,0
Maruti,Swift VXI,Petrol,Manual,110000,1197.0,5,4th Owner,210000,15,0
Toyota,Innova 2.5 VX (Diesel) 7 Seater,Diesel,Manual,120000,2494.0,7,3rd Owner,550000,13,0
Tata,Indica eV2 LS,Diesel,Manual,110000,998.0,5,1st Owner,112999,10,0
Maruti,800 Std,Petrol,Manual,80000,796.0,5,2nd Owner,35000,27,0
BMW,X5 xDrive 30d Design Pure Experience 5 Seater,Diesel,Automatic,150000,2993.0,5,1st Owner,2000000,12,0
Maruti,Swift Dzire VDI,Diesel,Manual,80000,1248.0,5,3rd Owner,560000,10,0
Hyundai,Xcent 1.2 VTVT E,Petrol,Manual,10000,1197.0,5,1st Owner,394000,7,0
Renault,Duster 110PS Diesel RxL,Diesel,Manual,120000,1461.0,5,1st Owner,400000,11,0
Maruti,Wagon R VXI,Petrol,Manual,5000,998.0,5,1st Owner,560000,4,0
BMW,5 Series 520i,Petrol,Automatic,90000,1998.0,5,2nd Owner,900000,14,0
Mahindra,Thar LX 4-Str Hard Top AT,Petrol,Automatic,20000,1997.0,5,1st Owner,1375000,6,0
Maruti,Swift VDI BSIV W ABS,Diesel,Manual,100000,1248.0,5,3rd Owner,235000,16,0
Hyundai,Verna 1.6 SX,Diesel,Manual,120000,1582.0,5,1st Owner,365000,13,0
Honda,City 1.5 GXI,Petrol,Manual,90000,1497.0,5,4th Owner,130000,21,0
Maruti,Swift VXI,Petrol,Manual,50000,1197.0,5,1st Owner,550000,9,0
Maruti,Ritz VDi,Diesel,Manual,90000,1248.0,5,2nd Owner,300000,12,0
Hyundai,Santro Magna,Petrol,Manual,3700,1086.0,5,1st Owner,400000,5,0
Maruti,Ciaz Zeta,Petrol,Manual,15000,1462.0,5,1st Owner,900000,6,0
Hyundai,Santro Era,Petrol,Manual,20000,1086.0,5,1st Owner,425000,7,0
Mahindra,XUV500 W8 FWD,Diesel,Manual,120000,2179.0,7,1st Owner,630000,13,0
Tata,Zest Revotron 1.2T XM,Petrol,Manual,60000,1399.0,5,1st Owner,340000,10,0
Honda,City 1.5 S MT,Petrol,Manual,60000,1497.0,5,3rd Owner,254999,15,0
Chevrolet,Cruze LTZ,Diesel,Manual,40000,1248.0,5,2nd Owner,480000,10,0
Hyundai,Verna 1.6 CRDI,Diesel,Manual,110000,1582.0,5,3rd Owner,290000,15,0
Hyundai,i10 Sportz,Petrol,Manual,70000,1197.0,5,4th Owner,210000,15,0
Skoda,Superb 1.8 TSI MT,Petrol,Manual,110000,1798.0,5,1st Owner,300000,15,0
Maruti,Swift VDI BSIV,Diesel,Manual,70000,1248.0,5,2nd Owner,190000,16,0
Ford,Figo Diesel EXI,Diesel,Manual,80000,1498.0,5,2nd Owner,100000,15,0
Toyota,Fortuner 4x2 Manual,Diesel,Manual,110000,2755.0,7,3rd Owner,1270000,11,0
Mahindra,XUV500 W8 AWD,Diesel,Manual,60000,2179.0,7,1st Owner,700000,13,0
Maruti,Alto K10 VXI,Petrol,Manual,70000,998.0,5,1st Owner,285000,10,0
Maruti,Esteem Vxi,Petrol,Manual,120000,1591.0,5,2nd Owner,80000,19,0
Maruti,Alto LX,Petrol,Manual,15000,796.0,5,1st Owner,98900,21,0
Honda,City 1.5 S Inspire,Petrol,Manual,110000,1497.0,5,2nd Owner,213000,17,0
Skoda,New Laura Ambiente 1.9 PD,Diesel,Manual,120000,1248.0,5,2nd Owner,150000,19,0
Tata,Hexa XTA,Diesel,Automatic,80000,2179.0,5,2nd Owner,1080000,8,0
Volkswagen,Ameo 1.5 TDI Highline Plus 16,Diesel,Manual,50000,1498.0,5,2nd Owner,535000,8,0
Tata,New Safari XZ Plus,Diesel,Manual,35000,1956.0,7,1st Owner,2064999,5,0
Hyundai,Verna VTVT 1.6 SX Option,Petrol,Manual,60000,1591.0,5,1st Owner,875000,7,0
Nissan,Micra Diesel XV,Diesel,Manual,110000,1461.0,5,2nd Owner,266000,13,0
Maruti,Alto LX,Petrol,Manual,135000,796.0,5,4th Owner,125000,17,0
Mahindra,XUV500 W8 FWD,Diesel,Manual,90000,2179.0,7,2nd Owner,525000,13,0
Honda,Brio S MT,Petrol,Manual,67000,1199.0,5,2nd Owner,270000,13,0
Honda,Amaze EX i-Dtech,Diesel,Manual,90000,1498.0,5,3rd Owner,250000,12,0
Mahindra,Bolero Pik Up Extra Long CBC 1.7T,Diesel,Manual,300000,2523.0,7,1st Owner,690000,7,0
Maruti,Alto LXi BSIII,Petrol,Manual,50000,796.0,5,2nd Owner,135000,18,0
Isuzu,D-Max S CAB,Diesel,Manual,5000,1461.0,5,1st Owner,776000,4,0
Maruti,Swift Dzire VDI,Diesel,Manual,100000,1248.0,5,2nd Owner,425000,12,0
Mahindra,Bolero SLE,Diesel,Manual,110000,2523.0,7,3rd Owner,300000,15,0
Maruti,Swift Dzire VXi,Petrol,Manual,80000,1197.0,5,2nd Owner,160000,17,0
Hyundai,Creta 1.4 CRDi Base,Diesel,Manual,78000,1396.0,5,1st Owner,800000,9,0
Maruti,Swift VXi BSIV,Petrol,Manual,90000,1197.0,5,3rd Owner,120000,18,0
BMW,3 Series 320d,Diesel,Automatic,100000,1995.0,5,3rd Owner,375000,19,0
Mahindra,Verito Vibe 1.5 dCi D6,Diesel,Manual,136000,1493.0,5,2nd Owner,200000,13,0
Honda,CR-V MT With Sun Roof,Petrol,Manual,136000,1997.0,5,3rd Owner,650000,14,0
Maruti,Alto K10 VXI,Petrol,Manual,40000,998.0,5,1st Owner,325000,8,0
Volkswagen,Polo 1.5 TDI Highline,Diesel,Manual,110000,1498.0,5,1st Owner,365000,11,0
Hyundai,i20 Sportz 1.4 CRDi,Diesel,Manual,70000,1396.0,5,3rd Owner,310000,12,0
Maruti,SX4 Zxi with Leather BSIII,Petrol,Manual,90000,1061.0,5,2nd Owner,120000,19,0
Maruti,Celerio VXI,Petrol,Manual,60000,998.0,5,1st Owner,335000,10,0
Audi,Q3 35 TDI Quattro Premium Plus,Diesel,Automatic,40000,1968.0,5,4th Owner,1250000,12,0
Hyundai,Santro GLS I - Euro II,Petrol,Manual,147000,1086.0,7,1st Owner,65000,26,0
Hyundai,Creta SX Opt Knight Diesel AT DT,Diesel,Automatic,20000,1582.0,5,1st Owner,2000000,5,0
Maruti,Baleno Zeta,Petrol,Manual,20000,1197.0,5,1st Owner,710000,5,0
Renault,KWID 1.0 RXT,Petrol,Manual,35000,999.0,5,1st Owner,270000,9,0
Maruti,Wagon R LXI BSIII,Petrol,Manual,60000,998.0,5,1st Owner,95000,21,0
BMW,X1 sDrive 18i,Petrol,Automatic,100000,1995.0,5,2nd Owner,800000,15,0
Maruti,Alto K10 VXI AMT,Petrol,Automatic,25000,998.0,5,2nd Owner,350000,9,0
Maruti,Swift VDI BSIV,Diesel,Manual,60000,1248.0,5,1st Owner,240000,11,0
Renault,KWID 1.0 RXT Optional AT 2016-2019,Petrol,Automatic,45095,999.0,5,1st Owner,309000,9,0
Toyota,Etios Liva G,Petrol,Manual,30056,1197.0,5,2nd Owner,204000,15,0
Tata,Harrier XT,Diesel,Manual,32638,1956.0,5,1st Owner,1542000,5,0
Maruti,Ignis Sigma,Petrol,Manual,21513,1197.0,5,1st Owner,488999,6,0
Maruti,Swift Dzire VXI,Petrol,Manual,55325,1197.0,5,1st Owner,387000,11,0
Maruti,Swift Dzire LDi,Diesel,Manual,163043,1248.0,5,3rd Owner,148000,17,0
Audi,A4 2.0 TDI,Diesel,Automatic,117180,1968.0,5,3rd Owner,760000,15,0
Maruti,Swift VDI BSIV,Diesel,Manual,156932,1248.0,5,3rd Owner,301000,12,0
Hyundai,EON Magna Plus,Petrol,Manual,28508,814.0,5,1st Owner,184000,13,0
Audi,Q7 3.0 TDI Quattro Premium Plus,Diesel,Automatic,86594,2967.0,7,3rd Owner,1102000,17,0
Skoda,Superb Elegance 1.8 TSI,Petrol,Manual,61090,1798.0,5,2nd Owner,511000,15,0
Mahindra,Scorpio SLE 7S BSIII,Diesel,Manual,295392,2179.0,7,1st Owner,370000,15,0
Maruti,Swift LDI,Diesel,Manual,84132,1248.0,5,1st Owner,250000,14,0
Jeep,Compass 2.0 Limited Option 4X4,Diesel,Manual,99695,1956.0,5,1st Owner,1125000,9,0
Toyota,Innova 2.5 ZX Diesel 7 Seater,Diesel,Manual,98234,2494.0,7,1st Owner,751000,12,0
Maruti,Ciaz VXi Plus,Petrol,Manual,86523,1462.0,5,1st Owner,524000,10,0
Hyundai,i10 Sportz,Petrol,Manual,76974,1197.0,5,2nd Owner,227000,14,0
Honda,City 1.5 S MT,Petrol,Manual,112308,1497.0,5,3rd Owner,213000,18,0
Maruti,Swift Dzire VXI,Petrol,Manual,42278,1197.0,5,1st Owner,292000,14,0
Hyundai,Creta 1.6 CRDi SX,Diesel,Manual,65308,1582.0,5,1st Owner,828999,10,0
Toyota,Innova Crysta 2.4 ZX MT BSIV,Diesel,Manual,83519,2393.0,7,1st Owner,1499000,10,0
Renault,Duster 110PS Diesel RxZ,Diesel,Manual,133159,1461.0,5,1st Owner,352000,13,0
Maruti,Ertiga CNG VXI,Cng,Manual,55481,1462.0,7,1st Owner,906000,6,0
MG,Astor Super CVT,Petrol,Automatic,7046,1498.0,5,1st Owner,1227000,5,0
Kia,Carnival Prestige,Diesel,Automatic,9762,2199.0,7,1st Owner,2821000,5,0
MG,Hector Sharp DCT,Petrol,Automatic,12144,1451.0,5,1st Owner,1835000,5,0
Maruti,SX4 S Cross Zeta DDiS 200 SH,Diesel,Manual,117585,1197.0,5,1st Owner,686000,9,0
Ford,Endeavour 2.5L 4X2 MT,Diesel,Manual,205129,2198.0,7,1st Owner,646000,12,0
Mahindra,Scorpio 1.99 S10,Diesel,Manual,53076,2179.0,7,2nd Owner,847000,10,0
Maruti,Celerio VXI CNG BSIV,Cng,Manual,84346,998.0,5,1st Owner,428000,8,0
Mahindra,TUV 300 T8,Diesel,Manual,97865,814.0,5,1st Owner,501000,11,0
Maruti,Swift VDI BSIV,Diesel,Manual,89807,1248.0,5,1st Owner,206999,16,0
Maruti,Swift Dzire VDI,Diesel,Manual,99121,1248.0,5,3rd Owner,327000,12,0
Hyundai,Grand i10 CRDi Magna,Diesel,Manual,97497,1120.0,5,1st Owner,360000,10,0
Tata,Indigo GLX BS III,Petrol,Manual,48863,1248.0,5,1st Owner,90316,16,0
Honda,City i DTEC E,Diesel,Manual,133384,1498.0,5,1st Owner,428000,12,0
Audi,A6 35 TDI Technology,Diesel,Automatic,94235,1968.0,5,3rd Owner,1059000,14,0
Hyundai,EON Magna Plus,Petrol,Manual,26995,814.0,5,1st Owner,246000,11,0
Hyundai,i20 Asta 1.4 CRDi,Diesel,Manual,93763,1396.0,5,1st Owner,493000,11,0
Hyundai,Santa Fe 4WD AT,Diesel,Automatic,133491,1197.0,5,3rd Owner,938000,11,0
Volkswagen,Polo 1.5 TDI Highline,Diesel,Manual,73323,1498.0,5,3rd Owner,374000,11,0
Toyota,Etios Liva GD,Diesel,Manual,141059,1364.0,5,2nd Owner,387000,11,0
Hyundai,Verna 1.6 CRDi EX MT,Diesel,Manual,178989,1582.0,5,1st Owner,289000,15,0
Maruti,Swift Dzire VDI,Diesel,Manual,129195,1248.0,5,1st Owner,368000,13,0
Renault,Duster 85PS Diesel RxL,Diesel,Manual,73331,1461.0,5,2nd Owner,316000,13,0
Maruti,Celerio VXI,Petrol,Manual,75088,998.0,5,1st Owner,249000,12,0
Hyundai,Grand i10 Magna,Petrol,Manual,60609,1197.0,5,1st Owner,323000,11,0
Renault,KWID RXE,Petrol,Manual,48448,799.0,5,1st Owner,219000,11,0
Ford,Ecosport 1.5 DV5 MT Titanium Optional,Diesel,Manual,112525,1498.0,5,1st Owner,533000,11,0
Chevrolet,Cruze LT,Diesel,Manual,97095,1991.0,5,3rd Owner,266000,14,0
Audi,A4 2.0 TDI,Diesel,Automatic,114450,1968.0,5,3rd Owner,802999,13,0
Maruti,Swift VDI BSIV,Diesel,Manual,177180,1248.0,5,3rd Owner,162000,16,0
Maruti,Wagon R LXI CNG,Cng,Manual,122702,998.0,5,1st Owner,259000,10,0
BMW,3 Series 320d,Diesel,Automatic,145228,1995.0,5,1st Owner,519000,16,0
Maruti,Alto K10 2010-2014 VXI,Petrol,Manual,11026,998.0,5,1st Owner,144000,15,0
MG,Hector Sharp Diesel MT,Diesel,Manual,5216,1956.0,5,1st Owner,1889000,4,0
Tata,Sumo MKII GX BS IV,Diesel,Manual,39732,1248.0,5,1st Owner,278000,15,0
Maruti,Alto K10 VXI,Petrol,Manual,26360,998.0,5,1st Owner,361000,7,0
Honda,City V MT AVN,Petrol,Manual,55360,1497.0,5,1st Owner,725000,9,0
Maruti,Swift Dzire LDI,Diesel,Manual,101417,1248.0,5,2nd Owner,297000,11,0
BMW,7 Series 730Ld,Diesel,Automatic,104033,2993.0,5,3rd Owner,1297000,16,0
Maruti,Alto LX,Petrol,Manual,73411,796.0,5,3rd Owner,111000,15,0
Maruti,SX4 Zxi BSIII,Petrol,Manual,19844,1498.0,5,1st Owner,210000,18,0
Maruti,Swift VDI,Diesel,Manual,107497,1248.0,5,1st Owner,330000,14,0
Maruti,Ciaz Delta BSIV,Petrol,Manual,86272,1462.0,5,1st Owner,626000,8,0
Tata,Hexa XT,Diesel,Manual,82455,2179.0,5,2nd Owner,886000,9,0
Audi,Q3 35 TDI Quattro Premium Plus,Diesel,Automatic,40996,1968.0,5,1st Owner,2548000,7,0
Honda,Amaze SX i-DTEC,Diesel,Manual,182628,1498.0,5,1st Owner,356000,10,0
Volkswagen,Polo Diesel Comfortline 1.2L,Diesel,Manual,80615,1498.0,5,4th Owner,192000,15,0
Honda,City i DTEC VX,Diesel,Manual,119391,1498.0,5,1st Owner,529000,11,0
BMW,3 Series 320d Sport Line,Diesel,Automatic,169917,1995.0,5,3rd Owner,993000,14,0
Hyundai,Verna CRDi 1.6 AT SX Option,Diesel,Automatic,28235,1582.0,5,2nd Owner,1195000,6,0
Mercedes-Benz,C-Class 220 CDI AT,Diesel,Automatic,86063,1248.0,5,1st Owner,1136000,12,0
Toyota,Urban cruiser Premium AT,Petrol,Automatic,9711,1462.0,5,1st Owner,1072000,5,0
Maruti,Swift VXI,Petrol,Manual,108590,1197.0,5,1st Owner,362000,11,0
Hyundai,Grand i10 1.2 Kappa Sportz BSIV,Petrol,Manual,51777,1197.0,5,1st Owner,466000,8,0
Tata,Nexon XM Diesel S,Diesel,Manual,19909,1497.0,5,1st Owner,981000,5,0
Toyota,Innova 2.5 GX (Diesel) 7 Seater BS IV,Diesel,Manual,119363,2494.0,7,2nd Owner,631000,12,0
Maruti,Alto 800 LXI CNG,Cng,Manual,46001,796.0,5,1st Owner,254999,6,0
Honda,City ZX CVT,Petrol,Automatic,2710,1497.0,5,1st Owner,1443000,4,0
Toyota,Innova Crysta 2.4 VX MT BSIV,Diesel,Manual,46471,2393.0,7,2nd Owner,1913000,6,0
Maruti,Swift Dzire AMT ZXI Plus,Petrol,Automatic,45893,1197.0,5,1st Owner,641000,6,0
Maruti,Baleno 1.2 Delta,Petrol,Manual,78178,1197.0,5,1st Owner,476000,9,0
Honda,Amaze E i-Vtech,Petrol,Manual,89419,1199.0,5,2nd Owner,345000,11,0
Hyundai,Grand i10 Sportz,Petrol,Manual,31750,1197.0,5,1st Owner,393000,10,0
Volkswagen,Taigun 1.0 TSI Highline AT,Petrol,Automatic,5527,999.0,5,1st Owner,1351000,5,0
Renault,Duster 85PS Diesel RxL,Diesel,Manual,101376,1461.0,5,1st Owner,509999,10,0
Hyundai,i10 Era 1.1,Petrol,Manual,102437,1086.0,5,2nd Owner,103000,18,0
Ford,Fiesta 1.4 SXi TDCi,Diesel,Manual,153367,1368.0,5,2nd Owner,141000,18,0
Hyundai,EON Magna Plus,Petrol,Manual,92419,814.0,5,2nd Owner,220000,11,0
Mahindra,XUV500 W6 2WD,Diesel,Manual,93764,2179.0,7,2nd Owner,463000,13,0
Mahindra,XUV500 W10 AWD,Diesel,Manual,61137,2179.0,7,2nd Owner,808000,11,0
Maruti,Baleno 1.2 Delta,Petrol,Manual,21109,1197.0,5,1st Owner,482000,9,0
Maruti,Swift Dzire VDI,Diesel,Manual,194803,1248.0,5,1st Owner,314000,14,0
Tata,Tiago 1.2 Revotron XM,Petrol,Manual,28392,1199.0,5,1st Owner,334000,10,0
Ford,Figo 1.5D Trend MT,Diesel,Manual,65892,1498.0,5,1st Owner,436000,8,0
Maruti,Alto K10 VXI,Petrol,Manual,13365,998.0,5,1st Owner,354000,7,0
Honda,City i-DTEC VX,Diesel,Manual,210870,1498.0,5,1st Owner,760000,9,0
Hyundai,i20 1.4 Sportz,Diesel,Manual,80294,1396.0,5,1st Owner,611000,8,0
Ford,Ecosport 1.5 TDCi Titanium Plus BSIV,Diesel,Manual,182108,1498.0,5,1st Owner,476000,11,0
Kia,Seltos HTK G,Petrol,Manual,12721,1497.0,5,1st Owner,1104000,6,0
Mahindra,Thar LX 4-Str Hard Top Diesel,Diesel,Manual,4486,2184.0,5,1st Owner,1413000,4,0
Hyundai,Venue SX Plus Turbo DCT BSIV,Petrol,Automatic,29707,1197.0,5,1st Owner,1073000,6,0
Hyundai,i20 Active 1.4 S,Diesel,Manual,47387,1396.0,5,3rd Owner,527000,10,0
Tata,Zest Revotron 1.2 XT,Petrol,Manual,112613,1199.0,5,1st Owner,236000,12,0
Honda,City i VTEC V,Petrol,Manual,55802,1497.0,5,1st Owner,644000,9,0
MG,Hector Sharp CVT,Petrol,Automatic,11081,1451.0,5,1st Owner,1777000,5,0
Hyundai,i20 1.4 Sportz,Diesel,Manual,82177,1396.0,5,1st Owner,587000,8,0
Honda,City i DTEC SV,Diesel,Manual,66357,1498.0,5,3rd Owner,423000,12,0
Hyundai,i20 Magna,Petrol,Manual,60228,1197.0,5,1st Owner,186000,16,0
Hyundai,Xcent 1.2 Kappa AT SX Option,Petrol,Automatic,89337,1197.0,5,1st Owner,358000,11,0
Toyota,Innova Crysta 2.4 GX 8 STR,Diesel,Manual,20713,2393.0,7,1st Owner,1930000,5,0
MG,Hector Plus Sharp Diesel MT,Diesel,Manual,49268,1956.0,7,1st Owner,1227000,6,0
BMW,X1 sDrive20d,Diesel,Automatic,128428,1995.0,5,2nd Owner,883000,13,0
Nissan,Terrano XV 110 PS,Diesel,Manual,133451,1461.0,5,1st Owner,441000,11,0
Renault,Pulse RxL,Diesel,Manual,104419,1197.0,5,2nd Owner,165000,14,0
Maruti,Zen Estilo VXI BSIV,Petrol,Manual,67301,993.0,5,1st Owner,167000,15,0
Hyundai,Accent GLE,Petrol,Manual,100636,1197.0,5,2nd Owner,114999,18,0
Mahindra,KUV 100 mFALCON G80 K6 Plus,Petrol,Manual,38934,1462.0,5,1st Owner,338000,10,0
Toyota,Fortuner 4x2 4 Speed AT,Diesel,Automatic,91653,2755.0,7,2nd Owner,1157000,13,0
Toyota,Fortuner 4x4 MT,Diesel,Manual,151441,2755.0,7,3rd Owner,1039000,13,0
Maruti,Baleno 1.2 Zeta,Petrol,Manual,52045,1197.0,5,1st Owner,599000,7,0
Mahindra,XUV700 MX Diesel,Diesel,Manual,4248,1498.0,7,1st Owner,1246000,4,0
Maruti,Alto LXi,Petrol,Manual,147432,796.0,5,2nd Owner,106000,16,0
Maruti,Alto K10 VXI AGS Optional,Petrol,Automatic,28244,998.0,5,2nd Owner,312000,9,0
Maruti,Ertiga VXI,Petrol,Manual,44458,1462.0,7,1st Owner,786000,7,0
Honda,City 1.5 S MT,Petrol,Manual,71456,1497.0,5,1st Owner,252000,17,0
Hyundai,Grand i10 Sportz,Petrol,Manual,38765,1197.0,5,1st Owner,324000,11,0
Toyota,Etios GD,Diesel,Manual,135571,1364.0,5,2nd Owner,286000,14,0
Honda,Amaze E i-Dtech,Diesel,Manual,113005,1498.0,5,2nd Owner,369000,11,0
Honda,City i DTEC VX,Diesel,Manual,155769,1498.0,5,1st Owner,500000,12,0
Kia,Seltos HTX G,Petrol,Manual,8062,1497.0,5,1st Owner,1295000,6,0
Hyundai,Aura SX,Petrol,Manual,6071,1461.0,5,1st Owner,677000,4,0
Hyundai,Grand i10 CRDi Asta,Diesel,Manual,65072,1120.0,5,1st Owner,389000,12,0
Tata,Altroz XT,Petrol,Manual,29507,1199.0,5,1st Owner,696000,6,0
Hyundai,Verna CRDi SX,Diesel,Manual,372588,1582.0,5,2nd Owner,256999,16,0
Honda,Jazz 1.2 VX i VTEC,Petrol,Manual,24959,1199.0,5,1st Owner,495000,10,0
Renault,KWID 1.0 RXT Optional,Petrol,Manual,39265,999.0,5,1st Owner,324000,8,0
Tata,Harrier XT plus 2020-2022,Diesel,Manual,21699,1956.0,5,1st Owner,1670000,5,0
Toyota,Innova Crysta 2.8 GX AT BSIV,Diesel,Automatic,85911,2755.0,7,1st Owner,1482000,8,0
Mahindra,Verito 1.5 D4 BSIII,Diesel,Manual,117132,1493.0,5,1st Owner,227000,14,0
Renault,KWID 1.0 RXT,Petrol,Manual,50455,999.0,5,1st Owner,256000,9,0
MG,Hector Sharp AT BSIV,Petrol,Automatic,13471,1451.0,5,1st Owner,1599000,5,0
Hyundai,Creta 1.6 SX,Petrol,Manual,36104,1591.0,5,1st Owner,948000,8,0
MG,Hector Plus Sharp Hybrid MT,Petrol,Manual,7943,1451.0,7,1st Owner,1730000,5,0
Toyota,Innova 2.5 GX (Diesel) 7 Seater,Diesel,Manual,83474,2494.0,8,2nd Owner,757000,12,0
BMW,5 Series 525d Sedan,Diesel,Automatic,84218,2498.0,5,2nd Owner,893000,16,0
Maruti,Swift Dzire LDI,Diesel,Manual,91065,1248.0,5,2nd Owner,341000,11,0
Maruti,Wagon R LXI Minor,Petrol,Manual,105323,998.0,5,2nd Owner,94726,18,0
Hyundai,Creta 1.4 CRDi S,Diesel,Manual,164798,1396.0,5,1st Owner,765000,10,0
Maruti,Celerio VXI CNG,Cng,Manual,48660,998.0,5,1st Owner,429000,6,0
Maruti,Ritz VDi,Diesel,Manual,154958,1248.0,5,1st Owner,235000,14,0
Honda,Amaze E i-VTEC,Petrol,Manual,95989,1199.0,5,3rd Owner,275000,10,0
Mahindra,Xylo E8,Diesel,Manual,152308,2179.0,5,1st Owner,204000,17,0
Maruti,Ertiga VDI,Diesel,Manual,127831,1248.0,7,1st Owner,413999,14,0
Mahindra,XUV500 W8 FWD,Diesel,Manual,164428,2179.0,7,1st Owner,525000,13,0
Chevrolet,Beat Diesel PS,Diesel,Manual,60205,624.0,5,1st Owner,279000,10,0
Skoda,New Laura L and K AT,Diesel,Automatic,234805,1197.0,5,1st Owner,245000,18,0
Tata,Indigo LX TDI BSIII,Diesel,Manual,223926,1197.0,5,2nd Owner,204000,11,0
Volvo,S 80 D5,Diesel,Automatic,83694,1399.0,5,3rd Owner,819999,14,0
Hyundai,Santro Xing XP,Petrol,Manual,102825,1086.0,5,1st Owner,68373,23,0
Jeep,Compass 2.0 Sport,Diesel,Manual,42035,1956.0,5,1st Owner,1390000,7,0
Maruti,Alto 800 LXI CNG,Cng,Manual,28350,796.0,5,1st Owner,383000,6,0
Toyota,Fortuner 4x2 AT,Diesel,Automatic,105427,2755.0,7,3rd Owner,1328000,12,0
Mercedes-Benz,GLE 300d,Diesel,Automatic,13000,1968.0,5,1st Owner,8900000,5,0
Land,Rover Range Rover 4.4 Diesel LWB Autobiography,Diesel,Automatic,68500,1497.0,5,1st Owner,19000000,7,0
BMW,X7 xDrive 40i,Petrol,Automatic,39000,2998.0,5,1st Owner,11500000,7,0
Land,Rover Range Rover Sport 2.0 Petrol HSE,Petrol,Automatic,19500,1998.0,5,1st Owner,11399999,6,0
Maruti,Swift VDI,Diesel,Manual,66000,1248.0,5,1st Owner,425000,12,0
Hyundai,i10 Magna,Petrol,Manual,23000,1197.0,5,1st Owner,310000,11,0
Maruti,Alto LXi,Petrol,Manual,65000,796.0,5,2nd Owner,150000,17,0
Audi,Q3 35 TDI Quattro Premium Plus,Diesel,Automatic,76000,1968.0,5,2nd Owner,1475000,10,0
Hyundai,Creta EX,Petrol,Manual,20000,1591.0,5,1st Owner,1100000,6,0
Maruti,Estilo LXI,Petrol,Manual,90000,998.0,5,1st Owner,125000,17,0
Tata,Tiago 1.2 Revotron XZ Plus,Petrol,Manual,25000,1199.0,5,1st Owner,440000,7,0
Nissan,X-Trail Comfort,Diesel,Manual,110000,998.0,5,1st Owner,170000,20,0
Mahindra,XUV500 W8 2WD,Diesel,Manual,110000,2179.0,7,3rd Owner,409999,12,0
Tata,Nexon 1.2 Revotron XE,Petrol,Manual,60000,1199.0,5,1st Owner,600000,6,0
Honda,City i-DTEC V,Diesel,Manual,110000,1498.0,5,2nd Owner,650000,9,0
Hyundai,i20 Sportz Option 1.4 CRDi,Diesel,Manual,100000,1396.0,5,1st Owner,400000,11,0
Maruti,Wagon R LXI CNG,Cng,Manual,60000,998.0,5,1st Owner,300000,12,0
Ford,Figo Diesel Titanium,Diesel,Manual,70000,1498.0,5,3rd Owner,100000,16,0
Maruti,Wagon R LXI Avnace Edition,Petrol,Manual,80000,998.0,5,1st Owner,290000,11,0
Hyundai,i20 1.4 CRDi Era,Diesel,Manual,100000,1396.0,5,4th Owner,140000,15,0
Ford,Aspire 1.5 TDCi Trend,Diesel,Manual,127000,1498.0,5,1st Owner,350000,11,0
Maruti,Zen LXi - BS III,Petrol,Manual,80000,993.0,5,1st Owner,75000,20,0
Maruti,Ignis 1.2 Delta BSIV,Petrol,Manual,50000,1197.0,5,1st Owner,430000,8,0
Hyundai,i20 1.2 Magna,Petrol,Manual,87000,1197.0,5,2nd Owner,160000,16,0
Tata,Harrier XT BSIV,Diesel,Manual,80000,1956.0,5,1st Owner,1200000,7,0
Ford,Figo Diesel LXI,Diesel,Manual,90000,1498.0,5,1st Owner,250000,13,0
Maruti,Wagon R LXI Minor,Petrol,Manual,80000,998.0,5,1st Owner,85000,18,0
Maruti,Alto 800 LXI,Petrol,Manual,25000,796.0,5,2nd Owner,300000,7,0
Toyota,Corolla Executive (HE),Petrol,Manual,120000,1798.0,5,2nd Owner,190000,18,0
Honda,City V MT Diesel,Diesel,Manual,25000,1498.0,5,1st Owner,1099000,5,0
Tata,Tiago 1.2 Revotron XZ,Petrol,Manual,40000,1199.0,5,1st Owner,250000,9,0
Mahindra,XUV500 AT W10 FWD,Diesel,Automatic,120000,2179.0,7,3rd Owner,600000,10,0
Honda,Amaze S i-DTEC,Diesel,Manual,100000,1498.0,5,1st Owner,550000,8,0
Maruti,Swift ZDI Plus,Diesel,Manual,90000,1248.0,5,1st Owner,630000,7,0
Maruti,Celerio VDi,Diesel,Manual,50000,998.0,5,2nd Owner,225000,11,0
Maruti,Swift ZDI Plus,Diesel,Manual,90000,1248.0,5,1st Owner,580000,7,0
Tata,Indica DLG TC,Diesel,Manual,50000,1193.0,5,3rd Owner,55000,19,0
Ford,Aspire Titanium Diesel,Diesel,Manual,90000,1498.0,5,2nd Owner,650000,4,0
Hyundai,Creta 1.4 E Plus,Diesel,Manual,40000,1396.0,5,2nd Owner,910000,8,0
Tata,Tiago 1.2 Revotron XM,Petrol,Manual,35000,1199.0,5,1st Owner,390000,7,0
Chevrolet,Optra 1.6 LS Petrol,Petrol,Manual,70000,1591.0,5,4th Owner,110000,18,0
Volkswagen,Polo 1.2 MPI Comfortline,Petrol,Manual,90000,1198.0,5,2nd Owner,270000,12,0
Honda,Civic 1.8 V MT,Petrol,Manual,90000,1799.0,5,3rd Owner,200000,18,0
Tata,Indica Xeta GLS BS IV,Petrol,Manual,60000,1498.0,7,1st Owner,45000,18,0
Maruti,Wagon R LXI,Petrol,Manual,50000,998.0,5,1st Owner,420000,7,0
Volkswagen,Polo 1.2 MPI Comfortline,Petrol,Manual,90000,1198.0,5,3rd Owner,300000,11,0
Honda,Amaze E i-Dtech,Diesel,Manual,25000,1498.0,5,1st Owner,340000,12,0
Mahindra,Marazzo M2 BSIV,Diesel,Manual,110000,1497.0,7,1st Owner,750000,7,0
Mahindra,TUV 300 T6,Diesel,Manual,80000,796.0,5,1st Owner,555000,9,0
Maruti,SX4 S Cross Zeta DDiS 200 SH,Diesel,Manual,126000,1197.0,5,1st Owner,810000,9,0
Honda,Amaze E i-Dtech,Diesel,Manual,82000,1498.0,5,2nd Owner,320000,13,0
Hyundai,EON LPG Era Plus Option,Lpg,Manual,50000,814.0,5,2nd Owner,220000,8,0
Honda,Amaze S CVT Petrol BSIV,Petrol,Automatic,80000,1199.0,5,1st Owner,590000,7,0
Skoda,New Laura Ambiente 1.9 PD,Diesel,Manual,45500,1248.0,5,2nd Owner,200000,16,0
Mahindra,Scorpio LX BSIV,Diesel,Manual,40000,2179.0,7,1st Owner,850000,14,0
Toyota,Etios VD,Diesel,Manual,142000,1364.0,5,1st Owner,229999,15,0
Hyundai,Grand i10 Magna,Petrol,Manual,34000,1197.0,5,1st Owner,440000,10,0
Skoda,Octavia Elegance 2.0 TDI AT,Diesel,Automatic,181000,1968.0,5,1st Owner,675000,12,0
Tata,Tigor 1.05 Revotorq XZ Option,Diesel,Manual,70000,1047.0,5,1st Owner,480000,7,0
Tata,Tigor 1.05 Revotorq XZ Option,Diesel,Manual,70000,1047.0,5,1st Owner,480000,7,0
Maruti,Ertiga ZDI,Diesel,Manual,120000,1248.0,7,1st Owner,450000,14,0
Maruti,Wagon R VXI Minor,Petrol,Manual,40000,998.0,5,4th Owner,110000,19,0
Skoda,Rapid 1.5 TDI AT Ambition,Diesel,Automatic,80000,1498.0,5,1st Owner,750000,11,0
Mahindra,XUV500 W7,Diesel,Manual,30000,2179.0,7,1st Owner,1300000,6,0
Ford,Figo Petrol EXI,Petrol,Manual,100000,1194.0,5,2nd Owner,100000,15,0
Maruti,Zen LXI,Petrol,Manual,100000,993.0,5,3rd Owner,65000,22,0
MG,Hector Sharp DCT,Petrol,Automatic,40000,1451.0,5,1st Owner,1750000,5,0
Maruti,Baleno Delta Diesel,Diesel,Manual,95700,1248.0,5,2nd Owner,534000,8,0
Tata,Indica GLS,Petrol,Manual,38332,1248.0,7,1st Owner,120000,19,0
Hyundai,EON Magna Plus,Petrol,Manual,35000,814.0,5,1st Owner,250000,11,0
Hyundai,Grand i10 1.2 Kappa Sportz Option,Petrol,Manual,50000,1197.0,5,3rd Owner,360000,8,0
Maruti,Alto K10 VXI,Petrol,Manual,35000,998.0,5,1st Owner,350000,10,0
Ford,Freestyle Ambiente Petrol BSIV,Petrol,Manual,40000,1194.0,5,1st Owner,425000,8,0
Maruti,Swift VXI,Petrol,Manual,50000,1197.0,5,1st Owner,305000,13,0
Maruti,Swift Dzire Tour 1.2 S STD CNG,Cng,Manual,40000,1197.0,5,1st Owner,610000,7,0
Ford,Ecosport Thunder Edition Diesel,Diesel,Manual,50000,1498.0,5,1st Owner,900000,5,0
Ford,Ecosport 1.5 DV5 MT Ambiente,Diesel,Manual,60000,1498.0,5,2nd Owner,500000,12,0
Kia,Seltos Anniversary Edition IVT,Petrol,Automatic,31000,1497.0,5,1st Owner,1650000,6,0
Maruti,Wagon R VXi BSII,Petrol,Manual,80000,998.0,5,2nd Owner,170000,15,0
Maruti,SX4 S Cross Zeta DDiS 200 SH,Diesel,Manual,70000,1197.0,5,1st Owner,760000,8,0
Toyota,Innova 2.5 VX (Diesel) 8 Seater BS IV,Diesel,Manual,120000,2494.0,7,3rd Owner,409999,15,0
Honda,Jazz VX Diesel,Diesel,Manual,50000,1498.0,5,1st Owner,710000,7,0
Maruti,Wagon R VXI BS IV,Petrol,Manual,50000,998.0,5,1st Owner,240000,13,0
Honda,Civic 1.8 S MT,Petrol,Manual,85000,1799.0,5,2nd Owner,140000,18,0
Maruti,Swift VDI BSIV,Diesel,Manual,80000,1248.0,5,1st Owner,425000,10,0
Renault,Duster 85PS Diesel RxL,Diesel,Manual,73000,1461.0,5,2nd Owner,475000,11,0
Hyundai,i10 Magna 1.2 iTech SE,Petrol,Manual,60000,1197.0,5,2nd Owner,180000,13,0
Maruti,Swift Dzire LDI,Diesel,Manual,120000,1248.0,5,1st Owner,299000,13,0
Hyundai,Creta 1.6 CRDi SX,Diesel,Manual,100000,1582.0,5,1st Owner,750000,11,0
Mahindra,XUV500 W8 FWD,Diesel,Manual,100000,2179.0,7,2nd Owner,600000,12,0
Hyundai,i20 1.4 CRDi Sportz,Diesel,Manual,120000,1396.0,5,1st Owner,278000,14,0
Maruti,Swift Dzire VDI,Diesel,Manual,80000,1248.0,5,3rd Owner,300000,14,0
Maruti,Swift Dzire VDi,Diesel,Manual,80000,1248.0,5,3rd Owner,290000,14,0
Tata,Indica Quadrajet VX,Diesel,Manual,100000,1197.0,5,2nd Owner,95000,14,0
Maruti,Ertiga SHVS VDI,Diesel,Manual,60000,1248.0,7,1st Owner,665000,9,0
Toyota,Etios Liva GD,Diesel,Manual,80000,1364.0,5,1st Owner,265000,13,0
Toyota,Etios VX,Petrol,Manual,80500,1197.0,5,2nd Owner,190000,15,0
Maruti,Wagon R VXI BS IV,Petrol,Manual,25000,998.0,5,1st Owner,300000,14,0
Toyota,Innova Crysta 2.4 G MT BSIV,Diesel,Manual,90000,2393.0,7,1st Owner,1350000,9,0
Tata,Indigo LX (TDI) BS-III,Diesel,Manual,60000,998.0,5,4th Owner,180000,12,0
Hyundai,Venue S BSIV,Petrol,Manual,50000,1197.0,5,1st Owner,700000,7,0
Hyundai,Creta 1.6 CRDi SX,Diesel,Manual,100000,1582.0,5,2nd Owner,730000,11,0
Hyundai,Creta 1.6 CRDi SX,Diesel,Manual,100000,1582.0,5,2nd Owner,730000,11,0
Maruti,Wagon R LXI DUO BS IV,Lpg,Manual,80000,998.0,5,1st Owner,250000,14,0
Honda,City VTEC,Petrol,Manual,10000,1497.0,5,2nd Owner,120000,18,0
Hyundai,EON LPG Magna Plus,Lpg,Manual,60000,814.0,5,2nd Owner,185000,14,0
Maruti,Alto K10 2010-2014 VXI,Petrol,Manual,70000,998.0,5,2nd Owner,180000,13,0
Hyundai,i10 Magna,Petrol,Manual,110000,1197.0,5,3rd Owner,150000,14,0
Maruti,Ritz VDi,Diesel,Manual,72000,1248.0,5,1st Owner,215000,15,0
Renault,Duster 85PS Diesel RxL,Diesel,Manual,63000,1461.0,5,2nd Owner,365000,12,0
Maruti,Wagon R LXI,Petrol,Manual,50000,998.0,5,2nd Owner,385000,7,0
Mahindra,Verito Vibe 1.5 dCi D6,Diesel,Manual,100000,1493.0,5,2nd Owner,240000,11,0
Maruti,Swift Dzire VXi,Petrol,Manual,80000,1197.0,5,4th Owner,175000,17,0
Maruti,Omni E MPI STD BSIV,Petrol,Manual,70000,796.0,5,1st Owner,229999,8,0
Maruti,Alto 800 LXI,Petrol,Manual,35000,796.0,5,2nd Owner,310000,6,0
Jeep,Compass 1.4 Longitude Option BSIV,Petrol,Automatic,50000,1368.0,5,1st Owner,1437000,8,0
Hyundai,Getz GLS,Petrol,Manual,70000,799.0,7,3rd Owner,90000,20,0
Hyundai,i20 1.2 Magna,Petrol,Manual,100000,1197.0,5,1st Owner,195000,16,0
Hyundai,i20 1.2 Magna,Petrol,Manual,90000,1197.0,5,1st Owner,195000,16,0
Maruti,Alto LXi,Petrol,Manual,70000,796.0,5,1st Owner,120000,14,0
Honda,City i-DTEC V,Diesel,Manual,110000,1498.0,5,2nd Owner,650000,9,0
Honda,City GXi,Petrol,Manual,90000,1497.0,5,3rd Owner,130000,20,0
Ford,Ecosport 1.0 Ecoboost Titanium,Petrol,Manual,80769,999.0,5,2nd Owner,471000,11,0
Volkswagen,Polo Diesel Comfortline 1.2L,Diesel,Manual,47700,1498.0,5,2nd Owner,290000,13,0
Renault,KWID RXL,Petrol,Manual,40000,799.0,5,2nd Owner,210000,10,0
Maruti,Baleno Delta,Petrol,Manual,20000,1197.0,5,1st Owner,650000,5,0
Tata,Safari Storme Explorer Edition,Diesel,Manual,110000,1956.0,7,3rd Owner,340000,13,0
Maruti,Alto K10 LXI CNG,Cng,Manual,50000,998.0,5,1st Owner,220000,12,0
Maruti,Wagon R LXI,Petrol,Manual,70000,998.0,5,2nd Owner,80000,21,0
Hyundai,i20 Magna Plus BSIV,Petrol,Manual,15000,1197.0,5,1st Owner,600000,7,0
Tata,Manza Aqua Quadrajet BS IV,Diesel,Manual,120000,1197.0,5,3rd Owner,180000,14,0
Maruti,Ritz ZXi,Petrol,Manual,110000,1197.0,5,2nd Owner,150000,17,0
Maruti,Swift Dzire VDI,Diesel,Manual,40000,1248.0,5,1st Owner,625000,8,0
Datsun,RediGO 1.0 T Option,Petrol,Manual,60000,999.0,5,3rd Owner,200000,7,0
Maruti,Swift Dzire LDI,Diesel,Manual,100000,1248.0,5,3rd Owner,350000,11,0
Audi,Q5 40 TDI Premium Plus,Diesel,Automatic,27000,1968.0,5,2nd Owner,4475000,6,0
Audi,A4 30 TFSI Premium Plus,Petrol,Automatic,99125,1395.0,5,1st Owner,2175000,9,0
BMW,5 Series 530i M Sport,Petrol,Automatic,46000,1998.0,5,1st Owner,5175000,7,0
Lexus,ES 300h,Petrol,Automatic,68000,1493.0,5,1st Owner,3975000,9,0
BMW,5 Series 520d Luxury Line,Diesel,Automatic,40500,1995.0,5,1st Owner,5475000,5,0
Mercedes-Benz,GLC 300 4MATIC,Petrol,Automatic,27000,1950.0,5,1st Owner,4375000,8,0
Mercedes-Benz,GLC 220d 4MATIC,Diesel,Automatic,18000,2143.0,5,1st Owner,5875000,6,0
Mercedes-Benz,C-Class Progressive C 220d,Diesel,Automatic,40200,2143.0,5,1st Owner,4375000,6,0
Mini,3 DOOR Cooper S,Petrol,Automatic,4200,1197.0,5,2nd Owner,4375000,8,0
Ford,Ecosport 1.5 Ti VCT MT Titanium BSIV,Petrol,Manual,51000,1498.0,5,1st Owner,875000,8,0
Audi,A6 35 TDI Technology,Diesel,Automatic,60100,1968.0,5,2nd Owner,1975000,11,0
Renault,Duster Petrol RxL,Petrol,Manual,30000,1498.0,5,1st Owner,795000,8,0
Mercedes-Benz,C-Class C 220 CDI Avantgarde,Diesel,Automatic,71000,2143.0,5,2nd Owner,2975000,8,0
Mercedes-Benz,GLE 250d,Diesel,Automatic,46100,2143.0,5,1st Owner,4575000,9,0
BMW,X3 xDrive 30i Luxury Line,Petrol,Automatic,18000,1998.0,5,1st Owner,6175000,5,0
Mercedes-Benz,CLA 200 CDI Style,Diesel,Automatic,56000,2143.0,5,2nd Owner,1600000,11,0
Hyundai,Xcent 1.2 CRDi E Plus,Diesel,Manual,60694,1197.0,5,2nd Owner,428000,8,0
Maruti,Swift Dzire VXI,Petrol,Manual,38536,1197.0,5,3rd Owner,375000,11,0
Maruti,Wagon R LXI Minor,Petrol,Manual,97641,998.0,5,3rd Owner,76085,18,0
Renault,KWID 1.0 RXT Optional AT 2016-2019,Petrol,Automatic,4956,999.0,5,1st Owner,340000,8,0
Hyundai,Santro Xing GLS,Petrol,Manual,112753,1086.0,7,2nd Owner,151000,14,0
Hyundai,i20 1.4 CRDi Sportz,Diesel,Manual,135966,1396.0,5,2nd Owner,245000,14,0
Ford,Ecosport 1.5 Diesel Trend Plus BSIV,Diesel,Manual,60730,1498.0,5,1st Owner,608000,9,0
Honda,Amaze SX i-VTEC,Petrol,Manual,35128,1199.0,5,1st Owner,377000,11,0
Maruti,Wagon R LXI,Petrol,Manual,93688,998.0,5,1st Owner,275000,12,0
Honda,Amaze S Diesel,Diesel,Manual,17804,1498.0,5,1st Owner,400000,12,0
Honda,Amaze S Petrol,Petrol,Manual,118424,1199.0,5,1st Owner,350000,12,0
Maruti,Wagon R VXI,Petrol,Manual,9256,998.0,5,1st Owner,375000,9,0
Maruti,Wagon R LXI,Petrol,Manual,90098,998.0,5,1st Owner,250000,13,0
Maruti,Wagon R LXI BS IV,Petrol,Manual,54363,998.0,5,3rd Owner,133000,16,0
Maruti,Swift VDI,Diesel,Manual,53139,1248.0,5,3rd Owner,511000,8,0
Mercedes-Benz,C-Class C 220 CDI BE Avantgare,Diesel,Automatic,73873,2143.0,5,1st Owner,911999,14,0
Tata,Nexon 1.5 Revotorq XZ Plus,Diesel,Manual,34346,1493.0,5,1st Owner,760000,7,0
Toyota,Fortuner 4x4 MT,Diesel,Manual,99934,2755.0,7,1st Owner,1055000,14,0
Hyundai,Creta S,Petrol,Manual,12748,1591.0,5,2nd Owner,1238000,5,0
Maruti,Wagon R VXI 1.2,Petrol,Manual,9006,1197.0,5,1st Owner,466000,7,0
Mahindra,Bolero B6,Diesel,Manual,28600,2523.0,7,3rd Owner,917000,6,0
Maruti,Wagon R CNG LXI Opt,Cng,Manual,8876,998.0,5,1st Owner,588000,5,0
Maruti,Alto 800 CNG LXI,Cng,Manual,60613,796.0,5,1st Owner,168000,13,0
Hyundai,i20 1.4 Magna Executive,Diesel,Manual,56939,1396.0,5,1st Owner,522000,9,0
Hyundai,Grand i10 Magna,Petrol,Manual,80628,1197.0,5,2nd Owner,312000,11,0
Maruti,Swift VXI,Petrol,Manual,9535,1197.0,5,1st Owner,587000,5,0
Maruti,Wagon R LXI CNG,Cng,Manual,68616,998.0,5,2nd Owner,210000,14,0
Honda,Amaze V Petrol BSIV,Petrol,Manual,33000,1199.0,5,1st Owner,650000,8,0
Maruti,Alto 800 LXI,Petrol,Manual,4972,796.0,5,1st Owner,188000,11,0
Maruti,Wagon R LXI CNG,Cng,Manual,34088,998.0,5,2nd Owner,433000,7,0
Maruti,Wagon R Stingray LXI,Petrol,Manual,54890,998.0,5,2nd Owner,252000,13,0
Nissan,Magnite XL,Petrol,Manual,25166,999.0,5,1st Owner,547000,5,0
Maruti,Swift VXI,Petrol,Manual,32714,1197.0,5,1st Owner,592000,6,0
Hyundai,i20 Sportz 1.4 CRDi,Diesel,Manual,75000,1396.0,5,1st Owner,450000,12,0
Maruti,Alto XCITE,Petrol,Manual,60375,796.0,5,1st Owner,86608,17,0
Honda,Amaze VX i-Vtech,Petrol,Manual,37083,1199.0,5,1st Owner,378000,12,0
Hyundai,Creta 1.6 SX Option Executive,Petrol,Manual,7322,1591.0,5,2nd Owner,1331000,7,0
Toyota,Innova 2.5 G (Diesel) 7 Seater BS IV,Diesel,Manual,276459,2494.0,7,3rd Owner,583000,12,0
Hyundai,Creta 1.4 E Plus,Diesel,Manual,64179,1396.0,5,1st Owner,814000,8,0
Maruti,Wagon R LXI BS IV,Petrol,Manual,41347,998.0,5,1st Owner,276000,11,0
Hyundai,Santro Sportz BSIV,Petrol,Manual,15845,1086.0,5,1st Owner,451999,7,0
Maruti,Swift Dzire VXI 1.2,Petrol,Manual,20185,1197.0,5,1st Owner,535000,9,0
Tata,Tigor XZ Plus Diesel,Diesel,Manual,38207,1047.0,5,1st Owner,597000,7,0
Maruti,Alto LXi BSIII,Petrol,Manual,78759,796.0,5,1st Owner,76394,19,0
Mahindra,Scorpio VLX 2WD BSIV,Diesel,Manual,70000,2179.0,7,1st Owner,550000,12,0
Maruti,Swift VDI,Diesel,Manual,89414,1248.0,5,2nd Owner,313000,13,0
Maruti,Wagon R LXI BS IV,Petrol,Manual,69420,998.0,5,2nd Owner,276000,11,0
Maruti,Ertiga SHVS ZDI Plus,Diesel,Manual,68143,1248.0,7,1st Owner,724000,9,0
Maruti,Ertiga ZDI,Diesel,Manual,56184,1248.0,7,2nd Owner,500000,12,0
Maruti,Celerio LXI Optional,Petrol,Manual,40479,998.0,5,1st Owner,295000,9,0
Hyundai,Santro Xing GL LPG,Lpg,Manual,45912,1086.0,5,1st Owner,111000,16,0
Maruti,Ritz LXI,Petrol,Manual,82441,1197.0,5,3rd Owner,159000,16,0
Maruti,Swift VXI,Petrol,Manual,78801,1197.0,5,2nd Owner,274000,13,0
Maruti,SX4 Vxi BSIV,Petrol,Manual,83083,796.0,5,3rd Owner,172000,16,0
Kia,Seltos HTX Plus D,Diesel,Manual,35157,1493.0,5,1st Owner,1326000,7,0
Maruti,Vitara Brezza VDi,Diesel,Manual,75000,1248.0,5,1st Owner,625000,10,0
Honda,City 1.5 S MT,Petrol,Manual,75000,1497.0,5,1st Owner,340000,15,0
Maruti,Alto 800 LXI,Petrol,Manual,72000,796.0,5,1st Owner,260000,11,0
Datsun,RediGO S,Petrol,Manual,73000,799.0,5,1st Owner,235000,10,0
Ford,Endeavour 3.2 Titanium AT 4X4,Diesel,Automatic,103988,3198.0,7,1st Owner,2080000,10,0
Mercedes-Benz,S-Class S 300,Petrol,Automatic,151374,1498.0,5,1st Owner,1194000,15,0
Maruti,Celerio VDi,Diesel,Manual,79977,998.0,5,2nd Owner,306000,10,0
Fiat,Avventura MULTIJET Emotion,Diesel,Manual,51490,796.0,5,1st Owner,408000,11,0
Hyundai,i10 Magna 1.1L,Petrol,Manual,19967,1197.0,5,1st Owner,278000,12,0
Hyundai,i20 Sportz 1.2,Petrol,Manual,88581,1197.0,5,1st Owner,433000,11,0
Toyota,Etios Cross 1.4L GD,Diesel,Manual,111810,1364.0,5,1st Owner,364000,12,0
Mahindra,KUV 100 NXT D75 K2,Diesel,Manual,35893,1197.0,5,1st Owner,384000,8,0
Honda,BR-V i-DTEC VX MT,Diesel,Manual,65370,1498.0,7,1st Owner,723000,9,0
Maruti,Alto 800 LXI,Petrol,Manual,48816,796.0,5,1st Owner,202000,11,0
Maruti,Omni E MPI STD BSIV,Petrol,Manual,73200,796.0,5,1st Owner,213000,8,0
Tata,Indigo LX BSIV,Diesel,Manual,152903,998.0,5,1st Owner,130000,12,0
Tata,New Safari DICOR 2.2 EX 4x2,Diesel,Manual,153332,2179.0,7,5th Owner,231000,15,0
Tata,New Safari DICOR 2.2 EX 4x2,Diesel,Manual,55198,2179.0,7,1st Owner,206999,17,0
Maruti,Baleno Delta,Petrol,Manual,10239,1197.0,5,1st Owner,622000,7,0
Maruti,Wagon R VXI,Petrol,Manual,3261,998.0,5,1st Owner,523000,6,0
Maruti,Vitara Brezza VDi,Diesel,Manual,94088,1248.0,5,1st Owner,657000,9,0
Kia,Seltos HTK Plus AT D,Diesel,Automatic,27371,1493.0,5,1st Owner,1236000,7,0
Tata,New Safari XT Plus,Diesel,Manual,72558,1956.0,7,1st Owner,1794000,5,0
Hyundai,i20 1.4 CRDi Sportz,Diesel,Manual,133295,1396.0,5,2nd Owner,200000,15,0
Maruti,Ciaz Sigma BSIV,Petrol,Manual,17221,1462.0,5,1st Owner,717000,7,0
Maruti,Swift VDI BSIV,Diesel,Manual,28654,1248.0,5,1st Owner,513999,9,0
Renault,Duster 85PS Diesel RxL Optional,Diesel,Manual,119202,1461.0,5,2nd Owner,350000,12,0
Hyundai,i10 Magna 1.2,Petrol,Manual,55077,1197.0,5,2nd Owner,152000,17,0
Maruti,Ertiga SHVS VDI Limited Edition,Diesel,Manual,74022,1248.0,7,2nd Owner,614000,9,0
Tata,Zest Revotron 1.2T XE,Petrol,Manual,22065,1248.0,5,1st Owner,153000,12,0
Skoda,Rapid 1.5 TDI AT Ambition Plus,Diesel,Automatic,104656,1498.0,5,1st Owner,450000,11,0
Hyundai,i20 Asta 1.4 CRDi,Diesel,Manual,163925,1396.0,5,1st Owner,438000,11,0
Honda,Jazz 1.2 V i VTEC,Petrol,Manual,23947,1199.0,5,1st Owner,536000,8,0
Maruti,Ignis 1.2 Delta BSIV,Petrol,Manual,44230,1197.0,5,1st Owner,433000,9,0
Honda,City 1.5 V MT,Petrol,Manual,66131,1497.0,5,2nd Owner,315000,15,0
Mahindra,XUV500 AT W10 FWD,Diesel,Automatic,124551,2179.0,7,1st Owner,976000,9,0
Maruti,Swift Dzire LDi,Diesel,Manual,100271,1248.0,5,1st Owner,179000,17,0
Renault,Duster 85PS Diesel RxL,Diesel,Manual,72403,1461.0,5,2nd Owner,379000,13,0
Maruti,Wagon R LXI BS IV,Petrol,Manual,81422,998.0,5,1st Owner,171000,15,0
Maruti,Swift Dzire VDI,Diesel,Manual,58889,1248.0,5,1st Owner,200000,12,0
Volvo,XC60 Inscription D5 BSIV,Diesel,Automatic,13000,1086.0,5,1st Owner,5675000,7,0
Honda,Brio S MT,Petrol,Manual,20410,1199.0,5,1st Owner,300000,11,0
Maruti,Swift Dzire VDI,Diesel,Manual,60000,1248.0,5,1st Owner,409999,13,0
Mahindra,XUV500 W11 Option AWD,Diesel,Manual,30000,2179.0,7,1st Owner,1550000,7,0
Hyundai,Santro Xing GLS,Petrol,Manual,80000,1086.0,7,1st Owner,170000,18,0
Chevrolet,Beat LT,Petrol,Manual,80000,999.0,5,3rd Owner,165000,11,0
Hyundai,i10 Sportz 1.1L,Petrol,Manual,60000,1197.0,5,1st Owner,310000,12,0
Hyundai,Santro Xing GL,Petrol,Manual,80000,1086.0,5,1st Owner,85000,18,0
Hyundai,i10 Sportz,Petrol,Manual,90000,1197.0,5,1st Owner,229999,14,0
Toyota,Etios Cross 1.4L GD,Diesel,Manual,130000,1364.0,5,1st Owner,420000,12,0
Maruti,Alto K10 VXI,Petrol,Manual,100000,998.0,5,1st Owner,200000,11,0
Honda,Jazz 1.2 SV i VTEC,Petrol,Manual,138000,1199.0,5,1st Owner,370000,11,0
Hyundai,Santro Xing XO,Petrol,Manual,25000,1086.0,5,1st Owner,100000,19,0
Ford,Fiesta 1.6 Duratec EXI Ltd,Petrol,Manual,70000,1591.0,5,2nd Owner,250000,15,0
Hyundai,Venue S Plus,Petrol,Manual,10000,1197.0,5,1st Owner,800000,5,0
Maruti,Wagon R Stingray VXI,Petrol,Manual,50000,998.0,5,3rd Owner,310000,13,0
Ford,Figo Petrol Titanium,Petrol,Manual,30000,1194.0,5,2nd Owner,145000,16,0
Maruti,Swift ZDi,Diesel,Manual,100000,1248.0,5,2nd Owner,310000,14,0
Mahindra,XUV500 AT W10 AWD,Diesel,Automatic,76000,2179.0,7,2nd Owner,825000,11,0
Maruti,Wagon R VXI BS IV,Petrol,Manual,70000,998.0,5,1st Owner,397000,12,0
Jeep,Compass 2.0 Limited,Diesel,Manual,55000,1956.0,5,1st Owner,1400000,8,0
Tata,New Safari XTA Plus,Diesel,Automatic,20000,1956.0,7,1st Owner,2000000,4,0
Maruti,SX4 S Cross Zeta DDiS 200 SH,Diesel,Manual,60000,1197.0,5,1st Owner,950000,7,0
Honda,City ZX MT,Petrol,Manual,70000,1497.0,5,1st Owner,1100000,6,0
Maruti,Swift VDI,Diesel,Manual,120000,1248.0,5,1st Owner,280000,14,0
Chevrolet,Sail Hatchback Petrol LT ABS,Petrol,Manual,43727,814.0,5,1st Owner,229999,14,0
Maruti,Swift VVT VXI,Petrol,Manual,25000,1197.0,5,1st Owner,450000,12,0
Hyundai,Xcent 1.2 VTVT SX,Petrol,Manual,20000,1197.0,5,1st Owner,564000,7,0
Maruti,Ciaz ZXi,Petrol,Manual,85000,1462.0,5,1st Owner,600000,11,0
Renault,KWID 1.0 RXT,Petrol,Manual,35000,999.0,5,1st Owner,350000,7,0
Honda,City 1.5 V MT,Petrol,Manual,60000,1497.0,5,2nd Owner,275000,16,0
Maruti,Wagon R LXI BS IV,Petrol,Manual,70000,998.0,5,1st Owner,350000,13,0
Hyundai,Santro Sportz BSIV,Petrol,Manual,25000,1086.0,5,1st Owner,401999,7,0
Maruti,Swift Dzire VDI,Diesel,Manual,93000,1248.0,5,2nd Owner,299000,11,0
Chevrolet,Aveo U-VA 1.2 LS,Petrol,Manual,15000,1198.0,5,1st Owner,75000,18,0
Maruti,Swift RS VXI,Petrol,Manual,50000,1197.0,5,1st Owner,375000,12,0
Hyundai,Xcent Prime T Plus,Petrol,Manual,70000,1197.0,5,1st Owner,600000,7,0
Maruti,Ciaz ZXi,Petrol,Manual,80000,1462.0,5,1st Owner,525000,11,0
Maruti,Swift Dzire VDi,Diesel,Manual,87000,1248.0,5,5th Owner,229999,14,0
Maruti,Wagon R LXI Avnace Edition,Petrol,Manual,60000,998.0,5,1st Owner,250000,11,0
Volkswagen,Polo Diesel Highline 1.2L,Diesel,Manual,120000,1498.0,5,3rd Owner,180000,15,0
Hyundai,Santro Sportz AMT BSIV,Petrol,Automatic,30000,1086.0,5,1st Owner,470000,7,0
Mahindra,XUV500 W4,Diesel,Manual,70000,2179.0,7,1st Owner,1000000,12,0
Hyundai,i20 Sportz 1.2,Petrol,Manual,56000,1197.0,5,1st Owner,600000,9,0
Ford,Figo 1.5P Titanium AT,Petrol,Automatic,110000,1194.0,5,1st Owner,400000,7,0
Tata,Manza Aqua Quadrajet BS IV,Diesel,Manual,70000,1197.0,5,1st Owner,350000,13,0
Hyundai,Aura SX Plus AMT,Petrol,Automatic,35000,1197.0,5,1st Owner,800000,6,0
Maruti,Ciaz Delta AT,Petrol,Automatic,50000,1462.0,5,1st Owner,900000,6,0
Ford,Ecosport 1.5 Diesel Trend BSIV,Diesel,Manual,80000,1498.0,5,1st Owner,650000,9,0
Toyota,Etios V,Petrol,Manual,67000,1197.0,5,2nd Owner,290000,13,0
Tata,Altroz XZ,Petrol,Manual,15000,1199.0,5,1st Owner,775000,5,0
Renault,KWID RXT,Petrol,Manual,110000,799.0,5,2nd Owner,191000,10,0
Hyundai,Venue S,Petrol,Manual,10000,1197.0,5,1st Owner,780000,5,0
Mahindra,XUV300 W8,Petrol,Manual,25000,1197.0,5,1st Owner,900000,7,0
Mahindra,Thar LX 4-Str Hard Top,Petrol,Manual,7700,1997.0,5,1st Owner,1400000,5,0
Maruti,Baleno 1.2 Delta,Petrol,Manual,110000,1197.0,5,1st Owner,550000,10,0
Renault,Kiger RXT,Petrol,Manual,14000,999.0,5,1st Owner,720000,4,0
Fiat,Linea Active,Petrol,Manual,60000,1197.0,5,1st Owner,160000,14,0
Renault,Duster 85PS Diesel RxL,Diesel,Manual,120000,1461.0,5,1st Owner,380000,12,0
Tata,Indica Lei,Petrol,Manual,180977,998.0,5,1st Owner,120000,15,0
Mitsubishi,Pajero 2.8 SFX,Diesel,Manual,120000,2755.0,7,1st Owner,500000,16,0
Hyundai,Grand i10 Nios Sportz,Petrol,Manual,2000,1197.0,5,1st Owner,680000,5,0
Maruti,Alto LXi,Petrol,Manual,60000,796.0,5,3rd Owner,100000,18,0
Hyundai,Elite i20 2018 Diesel Asta Option,Diesel,Manual,40000,1396.0,5,1st Owner,600000,8,0
Maruti,Wagon R ZXI Plus,Petrol,Manual,17000,998.0,5,1st Owner,650000,4,0
Mahindra,TUV 300 T6 Plus,Diesel,Manual,88000,998.0,5,1st Owner,520000,10,0
Maruti,S-Presso VXI Opt AT 2019-2022,Petrol,Automatic,35000,1493.0,5,1st Owner,480000,6,0
Hyundai,i20 Sportz Option 1.2,Petrol,Manual,30000,1197.0,5,1st Owner,484999,11,0
Hyundai,Grand i10 1.2 CRDi Asta,Diesel,Manual,80000,1197.0,5,2nd Owner,420000,8,0
Maruti,Swift ZDi,Diesel,Manual,120000,1248.0,5,1st Owner,379000,12,0
Tata,Indica DLS BSIII,Diesel,Manual,120000,1197.0,5,3rd Owner,100000,16,0
Maruti,Ertiga VXI,Petrol,Manual,70000,1462.0,7,1st Owner,875000,5,0
Honda,Amaze E i-DTEC,Diesel,Manual,110000,1498.0,5,1st Owner,350000,9,0
Mahindra,TUV 300 T8,Diesel,Manual,80000,814.0,5,2nd Owner,620000,8,0
Jeep,Compass 2.0 Longitude BSIV,Diesel,Manual,90000,1956.0,5,1st Owner,1000000,9,0
Renault,Duster RXS,Petrol,Manual,17000,1498.0,5,1st Owner,750000,6,0
Renault,Duster 110PS Diesel RxZ AWD,Diesel,Manual,120000,1461.0,5,1st Owner,640000,9,0
Maruti,Ignis Sigma,Petrol,Manual,12000,1197.0,5,1st Owner,469000,5,0
Tata,Safari Storme LX,Diesel,Manual,120000,1956.0,7,1st Owner,305000,14,0
Maruti,Alto LX BSIII,Petrol,Manual,60000,796.0,5,2nd Owner,140000,16,0
Hyundai,Accent GLE 2,Petrol,Manual,80000,1999.0,5,2nd Owner,150000,16,0
Maruti,Swift Dzire VXI AT Optional,Petrol,Automatic,110000,1197.0,5,1st Owner,550000,10,0
Maruti,Ignis 1.2 Delta BSIV,Petrol,Manual,80000,1197.0,5,1st Owner,440000,8,0
Maruti,Swift Dzire VXI,Petrol,Manual,80000,1197.0,5,1st Owner,470000,11,0
Hyundai,Grand i10 Nios Sportz Dual Tone,Petrol,Manual,23000,1197.0,5,1st Owner,625000,6,0
Maruti,Wagon R LXI Minor,Petrol,Manual,80000,998.0,5,3rd Owner,130000,17,0
Honda,Amaze S i-VTEC,Petrol,Manual,30000,1199.0,5,1st Owner,420000,10,0
Hyundai,Elantra 2.0 SX,Petrol,Manual,18100,1998.0,5,1st Owner,1200000,8,0
Maruti,S-Presso VXI Opt 2019-2022,Petrol,Manual,35000,1396.0,5,1st Owner,459999,6,0
Maruti,Alto LXi BSIII,Petrol,Manual,120000,796.0,5,3rd Owner,100000,17,0
Hyundai,Santro Era,Petrol,Manual,15000,1086.0,5,1st Owner,400000,7,0
Maruti,Swift VVT VXI,Petrol,Manual,120000,1197.0,5,2nd Owner,310000,12,0
Hyundai,i20 Sportz Plus BSIV,Petrol,Manual,35000,1197.0,5,2nd Owner,565000,7,0
Mahindra,Scorpio VLS AT 2.2 mHAWK,Diesel,Automatic,40000,2179.0,7,2nd Owner,400000,14,0
Mahindra,Scorpio S5 BSIV,Diesel,Manual,120000,2179.0,7,2nd Owner,875000,8,0
Hyundai,i20 Magna 1.4 CRDi (Diesel),Diesel,Manual,110000,1396.0,5,2nd Owner,195000,14,0
Tata,Nano Lx BSIII,Petrol,Manual,15000,624.0,4,1st Owner,50500,14,0
Hyundai,i20 1.4 CRDi Magna,Diesel,Manual,110000,1396.0,5,2nd Owner,195000,14,0
Maruti,Swift VXI,Petrol,Manual,30000,1197.0,5,1st Owner,550000,6,0
Hyundai,Verna 1.6 SX VTVT,Petrol,Manual,70000,1591.0,5,3rd Owner,409999,12,0
Tata,Indigo LX,Diesel,Manual,80000,998.0,5,2nd Owner,110000,17,0
Volkswagen,Vento Petrol Highline,Petrol,Manual,110000,1598.0,5,2nd Owner,250000,15,0
Maruti,Alto K10 VXI,Petrol,Manual,43500,998.0,5,1st Owner,220000,12,0
Maruti,Ritz VDi,Diesel,Manual,61367,1248.0,5,2nd Owner,165000,15,0
Maruti,Swift VXI,Petrol,Manual,61560,1197.0,5,2nd Owner,360000,11,0
Hyundai,i20 Sportz Option 1.2,Petrol,Manual,29258,1197.0,5,2nd Owner,509999,11,0
Hyundai,i20 1.2 Magna,Petrol,Manual,63538,1197.0,5,3rd Owner,180000,16,0
Ford,Fiesta 1.6 SXi ABS,Petrol,Manual,126700,1591.0,5,1st Owner,125000,17,0
Toyota,Innova 2.5 V Diesel 7-seater,Diesel,Manual,197770,2494.0,7,1st Owner,440000,16,0
Hyundai,i10 Magna 1.2,Petrol,Manual,36049,1197.0,5,1st Owner,179000,16,0
Maruti,Swift Dzire VXI 1.2,Petrol,Manual,18740,1197.0,5,1st Owner,611000,7,0
Hyundai,i20 Active 1.4 SX,Diesel,Manual,26981,1396.0,5,1st Owner,574000,10,0
Maruti,Swift ZXi BSIV,Petrol,Manual,67910,1197.0,5,1st Owner,219000,16,0
Maruti,Ciaz 1.4 Alpha,Petrol,Manual,43016,1368.0,5,1st Owner,767000,9,0
Ford,Freestyle Titanium Petrol BSIV,Petrol,Manual,53106,1194.0,5,1st Owner,463999,8,0
Hyundai,Verna 1.6 SX CRDi (O),Diesel,Manual,135298,1582.0,5,2nd Owner,367000,13,0
Honda,City 1.5 E MT,Petrol,Manual,75525,1497.0,5,2nd Owner,236000,16,0
Volkswagen,Polo 1.0 MPI Comfortline,Petrol,Manual,57392,999.0,5,1st Owner,468000,8,0
Mahindra,XUV500 W6 2WD,Diesel,Manual,121645,2179.0,7,2nd Owner,606000,10,0
Hyundai,Elantra 1.6 SX Option,Diesel,Manual,46595,1582.0,5,2nd Owner,925000,8,0
Toyota,Glanza V,Petrol,Manual,38848,1197.0,5,1st Owner,610000,7,0
Maruti,Swift VDI,Diesel,Manual,119970,1248.0,5,1st Owner,292000,13,0
Hyundai,Creta SX Diesel,Diesel,Manual,60478,1582.0,5,1st Owner,1019000,6,0
Hyundai,Xcent 1.2 Kappa S,Petrol,Manual,134163,1197.0,5,1st Owner,317000,11,0
Audi,A3 35 TDI Premium Plus,Diesel,Automatic,67301,1968.0,5,2nd Owner,1309000,11,0
Maruti,Swift Dzire AMT ZXI Plus,Petrol,Automatic,15546,1197.0,5,1st Owner,624000,9,0
Honda,City 1.5 S MT,Petrol,Manual,67713,1497.0,5,1st Owner,305000,15,0
Hyundai,Aura S Diesel,Diesel,Manual,29833,998.0,5,1st Owner,741000,5,0
Hyundai,Creta 1.6 VTVT E Plus,Petrol,Manual,84414,1591.0,5,1st Owner,634000,10,0
Fiat,Linea Classic 1.4 Petrol,Petrol,Manual,12179,1368.0,5,1st Owner,332000,11,0
Hyundai,i20 1.2 Magna Opt,Petrol,Manual,116623,1197.0,5,2nd Owner,206000,14,0
Skoda,Rapid 1.0 TSI Rider,Petrol,Manual,6233,999.0,5,1st Owner,708000,5,0
Hyundai,i20 Active 1.2 S,Petrol,Manual,73891,1197.0,5,1st Owner,513999,9,0
Hyundai,i10 Sportz,Petrol,Manual,16428,1197.0,5,1st Owner,297000,13,0
Maruti,Wagon R VXi BSII,Petrol,Manual,40831,998.0,5,1st Owner,164000,15,0
Maruti,Swift Dzire VDI,Diesel,Manual,84261,1248.0,5,1st Owner,538000,9,0
Hyundai,Venue SX Opt Turbo BSIV,Petrol,Manual,37938,1197.0,5,1st Owner,852999,7,0
Hyundai,EON Magna Plus,Petrol,Manual,55025,814.0,5,1st Owner,239000,10,0
Maruti,Swift VXI BSIV,Petrol,Manual,44888,1197.0,5,1st Owner,476999,8,0
Chevrolet,Beat Diesel LT,Diesel,Manual,55308,1248.0,5,1st Owner,118000,15,0
Tata,Harrier XZ BSIV,Diesel,Manual,19669,1956.0,5,1st Owner,1457000,7,0
Maruti,Alto 800 VXI,Petrol,Manual,4757,796.0,5,1st Owner,409999,4,0
Maruti,Swift VXI,Petrol,Manual,74337,1197.0,5,1st Owner,208000,15,0
Hyundai,i10 Magna,Petrol,Manual,26693,1197.0,5,2nd Owner,176000,16,0
Maruti,Wagon R VXI BS IV,Petrol,Manual,73549,998.0,5,1st Owner,311000,10,0
Nissan,Sunny XV D,Diesel,Manual,61894,1461.0,5,1st Owner,551000,8,0
Mahindra,XUV500 W9 2WD,Diesel,Manual,94165,2179.0,7,1st Owner,974000,9,0
Chevrolet,Sail Hatchback Petrol LT ABS,Petrol,Manual,50448,814.0,5,1st Owner,192000,14,0
Maruti,Swift ZXI,Petrol,Manual,78828,1197.0,5,1st Owner,324000,12,0
Hyundai,i10 Asta,Petrol,Manual,17725,1197.0,5,1st Owner,303000,13,0
Ford,Ecosport 1.5 DV5 MT Titanium,Diesel,Manual,126639,1498.0,5,2nd Owner,336000,13,0
Maruti,Baleno 1.2 Delta,Petrol,Manual,59026,1197.0,5,1st Owner,461000,10,0
Hyundai,Creta 1.6 CRDi SX Option,Diesel,Manual,122966,1582.0,5,1st Owner,711000,11,0
Toyota,Fortuner 4x2 AT,Diesel,Automatic,86024,2755.0,7,3rd Owner,1260000,12,0
Hyundai,EON Magna Optional,Petrol,Manual,11231,814.0,5,1st Owner,309000,11,0
Maruti,Swift VXI,Petrol,Manual,30639,1197.0,5,1st Owner,280000,13,0
Nissan,Micra Diesel XV Premium,Diesel,Manual,61258,1461.0,5,1st Owner,229999,15,0
Toyota,Corolla Altis GL MT,Petrol,Manual,13392,1798.0,5,1st Owner,924000,9,0
Renault,Duster 85PS Diesel RxS,Diesel,Manual,65885,1461.0,5,1st Owner,742000,7,0
Maruti,Wagon R VXI BS IV,Petrol,Manual,77989,998.0,5,1st Owner,175000,15,0
Maruti,Alto K10 2010-2014 VXI,Petrol,Manual,67110,998.0,5,1st Owner,144000,15,0
Mitsubishi,Pajero Sport 4X4,Diesel,Manual,112912,998.0,7,1st Owner,980000,12,0
Maruti,Swift Dzire VDI,Diesel,Manual,123040,1248.0,5,1st Owner,334000,13,0
Hyundai,i10 Sportz 1.1L,Petrol,Manual,25842,1197.0,5,1st Owner,338000,10,0
Maruti,Ignis Delta,Petrol,Manual,9453,1197.0,5,1st Owner,577000,4,0
MG,Hector Plus Sharp Diesel MT,Diesel,Manual,53449,1956.0,7,1st Owner,1787000,5,0
Hyundai,Grand i10 Nios AMT Sportz,Petrol,Automatic,20688,1197.0,5,1st Owner,614000,7,0
Maruti,Ciaz ZXi Plus,Petrol,Manual,64535,1462.0,5,1st Owner,592000,9,0
Tata,Indigo LX BSIV,Diesel,Manual,140277,998.0,5,1st Owner,127000,15,0
Maruti,Swift LXI,Petrol,Manual,35430,1197.0,5,1st Owner,422000,8,0
Maruti,Swift VXI,Petrol,Manual,134059,1197.0,5,2nd Owner,225000,13,0
Hyundai,i10 Era,Petrol,Manual,118858,1197.0,5,1st Owner,126000,18,0
Honda,Jazz VX,Petrol,Manual,91449,1199.0,5,1st Owner,578000,7,0
Honda,City VX MT,Petrol,Manual,31901,1497.0,5,1st Owner,980000,7,0
Hyundai,Verna 1.6 CRDI AT SX Option,Diesel,Automatic,170290,1582.0,5,1st Owner,560000,10,0
Maruti,S-Presso VXI Plus 2019-2022,Petrol,Manual,29371,796.0,5,1st Owner,422000,5,0
Hyundai,i20 Active 1.2 SX,Petrol,Manual,29723,1197.0,5,1st Owner,584000,10,0
Maruti,Swift Dzire VXI 1.2,Petrol,Manual,97679,1197.0,5,2nd Owner,445000,9,0
Tata,Tiago XZA Plus,Petrol,Automatic,25175,1199.0,5,1st Owner,580000,6,0
Maruti,Ertiga VDI,Diesel,Manual,72875,1248.0,7,1st Owner,499000,12,0
Maruti,Vitara Brezza VDi,Diesel,Manual,77493,1248.0,5,1st Owner,675000,9,0
Maruti,Ertiga VDI,Diesel,Manual,216228,1248.0,7,1st Owner,428000,13,0
Maruti,Ertiga BSIV VXI,Petrol,Manual,57407,1462.0,7,1st Owner,696000,8,0
Skoda,Fabia 1.2 MPI Elegance,Petrol,Manual,42989,1198.0,5,1st Owner,173000,15,0
Maruti,Baleno 1.2 Alpha,Petrol,Manual,98193,1197.0,5,1st Owner,569000,8,0
Maruti,Alto K10 2010-2014 VXI,Petrol,Manual,44557,998.0,5,2nd Owner,173000,13,0
Tata,Hexa XTA,Diesel,Automatic,25331,2179.0,5,1st Owner,1113000,9,0
Maruti,Swift Dzire AMT ZXI Plus,Petrol,Automatic,32459,1197.0,5,1st Owner,653000,8,0
Ford,Ecosport 1.5 Diesel Titanium Plus BSIV,Diesel,Manual,19272,1498.0,5,1st Owner,760000,8,0
Toyota,Innova 2.5 VX (Diesel) 7 Seater BS IV,Diesel,Manual,195346,2494.0,7,1st Owner,563000,13,0
Tata,Nexon 1.2 Revotron XZ Plus,Petrol,Manual,8635,1199.0,5,1st Owner,754000,7,0
Maruti,Swift Dzire ZXI Plus AT,Petrol,Automatic,13499,1197.0,5,1st Owner,750000,6,0
Maruti,Baleno Zeta,Petrol,Manual,21094,1197.0,5,1st Owner,691000,5,0
BMW,3 Series 320d,Diesel,Automatic,54206,1995.0,5,1st Owner,691000,15,0
Maruti,Zen Estilo VXI BSIV,Petrol,Manual,59807,993.0,5,2nd Owner,144000,16,0
Skoda,Fabia 1.2L Diesel Elegance,Diesel,Manual,96874,814.0,5,1st Owner,240000,14,0
Mahindra,XUV500 W10 2WD,Diesel,Manual,100746,2179.0,7,1st Owner,975000,9,0
Maruti,Swift Dzire VXI 1.2,Petrol,Manual,24117,1197.0,5,1st Owner,573000,8,0
Ford,Aspire 1.5 TDCi Titanium,Diesel,Manual,70611,1498.0,5,1st Owner,465000,9,0
Maruti,Baleno Zeta,Petrol,Manual,17771,1197.0,5,1st Owner,717000,5,0
Maruti,Vitara Brezza ZDi,Diesel,Manual,57231,1248.0,5,1st Owner,824000,7,0
Maruti,SX4 S Cross DDiS 200 Alpha,Diesel,Manual,171931,1197.0,5,1st Owner,521000,10,0
Hyundai,EON Magna Plus,Petrol,Manual,19311,814.0,5,1st Owner,239000,11,0
Maruti,SX4 S Cross Alpha DDiS 200 SH,Diesel,Manual,86226,1198.0,5,1st Owner,616000,9,0
Ford,Freestyle Titanium Plus Petrol BSIV,Petrol,Manual,26404,1194.0,5,1st Owner,562000,8,0
Tata,Indigo LX TDI BSIII,Diesel,Manual,272610,1197.0,5,1st Owner,183000,11,0
Hyundai,Venue SX Plus Turbo DCT BSIV,Petrol,Automatic,59215,1197.0,5,1st Owner,1019000,7,0
Mahindra,XUV500 W9 2WD,Diesel,Manual,47839,2179.0,7,1st Owner,991000,9,0
Maruti,Ertiga VXI,Petrol,Manual,22718,1462.0,7,1st Owner,472000,11,0
Tata,Harrier XZ BSIV,Diesel,Manual,38807,1956.0,5,1st Owner,1419000,7,0
Mahindra,KUV 100 mFALCON D75 K4,Diesel,Manual,48995,1197.0,5,1st Owner,325000,9,0
Maruti,Ignis Sigma,Petrol,Manual,15536,1197.0,5,1st Owner,492000,5,0
Mahindra,Scorpio VLX 2WD 7 Str BSIII,Diesel,Manual,159581,2179.0,7,1st Owner,326000,17,0
Hyundai,Creta 1.6 VTVT E Plus,Petrol,Manual,112955,1591.0,5,1st Owner,702000,8,0
Hyundai,i20 Sportz 1.2,Petrol,Manual,47654,1197.0,5,2nd Owner,418000,11,0
Honda,City 1.5 V MT,Petrol,Manual,72616,1497.0,5,2nd Owner,292000,16,0
Maruti,Alto K10 VXI,Petrol,Manual,70524,998.0,5,2nd Owner,227999,11,0
Maruti,Swift VXI,Petrol,Manual,71962,1197.0,5,1st Owner,383000,11,0
Hyundai,Verna 1.6 SX VTVT,Petrol,Manual,42078,1591.0,5,3rd Owner,345000,14,0
Maruti,Alto K10 VXI,Petrol,Manual,21285,998.0,5,2nd Owner,278000,9,0
Tata,Indigo LX TDI BSIII,Diesel,Manual,188395,1197.0,5,1st Owner,139000,13,0
Tata,Indigo LX BSIV,Diesel,Manual,121908,998.0,5,1st Owner,127000,14,0
Hyundai,i20 Active 1.2 SX,Petrol,Manual,85181,1197.0,5,1st Owner,517000,10,0
Maruti,Swift VDI BSIV,Diesel,Manual,69264,1248.0,5,1st Owner,380000,12,0
Mahindra,XUV500 W10 2WD,Diesel,Manual,120838,2179.0,7,3rd Owner,717000,11,0
Hyundai,Grand i10 Magna,Petrol,Manual,99065,1197.0,5,1st Owner,312000,11,0
Mahindra,Bolero SLX,Diesel,Manual,51482,2523.0,6,1st Owner,400000,13,0
Maruti,Swift VXI,Petrol,Manual,6546,1197.0,5,1st Owner,651000,5,0
Maruti,Alto K10 VXI,Petrol,Manual,37331,998.0,5,2nd Owner,254999,10,0
Hyundai,Verna VTVT 1.6 SX Option,Petrol,Manual,88650,1591.0,5,2nd Owner,769000,8,0
Volkswagen,Jetta 1.4 TSI Comfortline,Petrol,Manual,32291,1368.0,5,1st Owner,531000,12,0
Maruti,Ignis 1.2 Alpha BSIV,Petrol,Manual,110069,1197.0,5,1st Owner,426999,8,0
Hyundai,EON Era Plus,Petrol,Manual,45039,814.0,5,1st Owner,221000,11,0
Renault,Triber RXT BSIV,Petrol,Manual,21506,999.0,7,1st Owner,553000,6,0
Maruti,Ertiga VDI,Diesel,Manual,111930,1248.0,7,1st Owner,508000,11,0
Renault,Triber RXE,Petrol,Manual,47993,999.0,7,1st Owner,544000,5,0
Mahindra,KUV 100 mFALCON G80 K8 AW,Petrol,Manual,24318,1199.0,5,1st Owner,352000,9,0
Hyundai,Aura S CNG,Cng,Manual,67085,998.0,5,1st Owner,724000,6,0
Maruti,Wagon R VXI BS IV,Petrol,Manual,87158,998.0,5,1st Owner,311000,10,0
Kia,Sonet HTK Plus Turbo DCT,Petrol,Automatic,13633,1197.0,5,1st Owner,793000,6,0
Honda,City i-DTEC V,Diesel,Manual,83027,1498.0,5,1st Owner,801000,8,0
Maruti,Swift Dzire VXI 1.2,Petrol,Manual,20582,1197.0,5,1st Owner,520000,9,0
Maruti,Baleno RS 1.0 Petrol,Petrol,Manual,34302,998.0,5,1st Owner,569000,9,0
Honda,WR-V i-VTEC VX,Petrol,Manual,25943,1199.0,5,2nd Owner,646000,8,0
Hyundai,Venue SX Turbo,Petrol,Manual,9902,1197.0,5,1st Owner,991000,5,0
Toyota,Fortuner 2.8 4WD AT BSIV,Diesel,Automatic,132566,2755.0,7,1st Owner,2225000,9,0
Maruti,Alto 800 LXI,Petrol,Manual,89096,796.0,5,1st Owner,500000,10,0
Maruti,S-Presso VXI 2019-2022,Petrol,Manual,21538,1197.0,5,1st Owner,451000,7,0
Maruti,Alto 800 LXI,Petrol,Manual,21325,796.0,5,2nd Owner,199000,11,0
Maruti,Vitara Brezza VXI,Petrol,Manual,15145,1462.0,5,1st Owner,849000,5,0
Hyundai,Venue S Plus,Petrol,Manual,16591,1197.0,5,1st Owner,788000,5,0
Maruti,Alto LXi BSIII,Petrol,Manual,72380,796.0,5,2nd Owner,150000,16,0
Hyundai,Xcent 1.1 CRDi SX,Diesel,Manual,105563,1086.0,5,2nd Owner,350000,11,0
Hyundai,Verna VTVT 1.6 EX,Petrol,Manual,53092,1591.0,5,1st Owner,690000,8,0
Toyota,Etios Liva GD,Diesel,Manual,149852,1364.0,5,1st Owner,220000,15,0
Honda,Jazz 1.2 V i VTEC,Petrol,Manual,29587,1199.0,5,1st Owner,425000,11,0
Honda,Accord V6 AT,Petrol,Automatic,60585,1991.0,5,1st Owner,3000000,9,0
Maruti,Alto 800 LXI,Petrol,Manual,72962,796.0,5,1st Owner,185000,13,0
Maruti,Wagon R VXI,Petrol,Manual,75506,998.0,5,2nd Owner,340000,10,0
Maruti,Alto K10 VXI,Petrol,Manual,35420,998.0,5,1st Owner,295000,9,0
Honda,Brio E MT,Petrol,Manual,86882,1199.0,5,1st Owner,270000,11,0
Mercedes-Benz,GLC 220d 4MATIC,Diesel,Automatic,24000,2143.0,5,1st Owner,5650000,6,0
Mercedes-Benz,GLE 300d,Diesel,Automatic,13000,1968.0,5,1st Owner,8900000,5,0
Mercedes-Benz,GLC 200,Petrol,Automatic,15000,1991.0,5,1st Owner,6100000,5,0
Jaguar,F-Pace 2.0 R-Dynamic S Diesel,Diesel,Automatic,9900,1998.0,5,1st Owner,7400000,5,0
Land,Rover Range Rover 4.4 Diesel LWB Autobiography,Diesel,Automatic,68500,1497.0,5,1st Owner,19000000,7,0
BMW,X4 xDrive30i M Sport Silver Shadow Edition,Petrol,Automatic,7600,1998.0,5,1st Owner,7450000,4,0
Maruti,XL6 Zeta,Petrol,Manual,8349,1461.0,5,1st Owner,990000,5,0
Maruti,Alto K10 VXI AGS Optional,Petrol,Automatic,8804,998.0,5,1st Owner,335000,8,0
Maruti,Swift Dzire VXI,Petrol,Manual,39592,1197.0,5,1st Owner,459000,9,0
Tata,Nexon XZA Plus (O) AMT,Petrol,Automatic,11251,1199.0,5,1st Owner,973000,6,0
Audi,A3 35 TDI Premium Plus,Diesel,Automatic,39000,1968.0,5,1st Owner,2580000,6,0
Audi,Q3 35 TDI Quattro Premium Plus,Diesel,Automatic,76000,1968.0,5,2nd Owner,1475000,10,0
BMW,5 Series 520d Sedan,Diesel,Automatic,60000,1995.0,5,1st Owner,1000000,14,0
Renault,Duster RXZ AWD,Diesel,Manual,96000,1461.0,5,2nd Owner,325000,13,0
Volkswagen,Polo 1.5 TDI Trendline,Diesel,Manual,115000,1498.0,5,1st Owner,409999,10,0
BMW,X3 xDrive20d,Diesel,Automatic,82000,1995.0,5,1st Owner,1300000,14,0
Honda,Jazz 1.2 S i VTEC,Petrol,Manual,91000,1199.0,5,1st Owner,450000,11,0
Hyundai,i10 Era,Petrol,Manual,93000,1197.0,5,2nd Owner,190000,15,0
Volvo,S 80 D5,Diesel,Automatic,81000,1399.0,5,2nd Owner,1300000,10,0
Land,Rover Range Rover Evoque 2.0 TD4 SE,Diesel,Automatic,81000,1998.0,5,2nd Owner,1300000,10,0
Honda,Amaze S Petrol,Petrol,Manual,25102,1199.0,5,1st Owner,640000,7,0
Toyota,Fortuner 2.8 4WD AT BSIV,Diesel,Automatic,79000,2755.0,7,1st Owner,2700000,9,0
Tata,Safari Storme EX,Diesel,Manual,120000,1956.0,7,3rd Owner,400000,13,0
BMW,X7 xDrive 40i,Petrol,Automatic,39000,2998.0,5,1st Owner,11500000,7,0
Tata,Tiago 1.2 Revotron XT,Petrol,Manual,50000,1199.0,5,2nd Owner,325000,8,0
Ford,Figo Diesel LXI,Diesel,Manual,90000,1498.0,5,1st Owner,160000,14,0
Ford,Ecosport 1.5 DV5 MT Titanium,Diesel,Manual,50000,1498.0,5,1st Owner,549000,12,0
Toyota,Camry Hybrid 2.5,Petrol,Automatic,20000,2494.0,5,1st Owner,4090000,7,0
Maruti,Wagon R VXI BSIII,Petrol,Manual,70000,998.0,5,2nd Owner,300000,13,0
Renault,Duster 85PS Diesel RxL Optional,Diesel,Manual,100000,1461.0,5,1st Owner,450000,14,0
Renault,KWID RXL,Petrol,Manual,20000,799.0,5,2nd Owner,270000,8,0
Mercedes-Benz,GLE 250d,Diesel,Automatic,49000,2143.0,5,1st Owner,4400000,9,0
Nissan,Terrano XL Plus 85 PS,Diesel,Manual,100000,1461.0,5,3rd Owner,434999,11,0
Volkswagen,Vento Petrol Highline,Petrol,Manual,35000,1598.0,5,3rd Owner,275000,14,0
Maruti,Swift ZXI ABS,Petrol,Manual,61560,1197.0,5,3rd Owner,160000,19,0
Mercedes-Benz,E-Class Expression E 220 d BSIV,Diesel,Automatic,17000,2143.0,5,1st Owner,5800000,6,0
Maruti,Swift VXI,Petrol,Manual,15000,1197.0,5,1st Owner,680000,5,0
Maruti,Ritz VDi,Diesel,Manual,162000,1248.0,5,4th Owner,114999,17,0
Maruti,Swift Dzire Tour S CNG,Cng,Manual,35000,1197.0,5,1st Owner,650000,4,0
BMW,X3 xDrive 20d Luxury Line,Diesel,Automatic,19000,1995.0,5,1st Owner,6000000,5,0
Mahindra,Bolero Pik Up Extra Long CBC 1.7T,Diesel,Manual,80000,2523.0,7,1st Owner,610000,7,0
Hyundai,Santro Xing XG eRLX Euro II,Petrol,Manual,110000,1086.0,5,5th Owner,60000,22,0
Maruti,Alto 800 VXI,Petrol,Manual,35000,796.0,5,1st Owner,400000,5,0
Mercedes-Benz,GLC Coupe 300d 4MATIC,Diesel,Automatic,24900,1199.0,5,1st Owner,7150000,5,0
Tata,Safari Storme VX,Diesel,Manual,70000,1956.0,7,2nd Owner,520000,12,0
Mahindra,Xylo D2,Diesel,Manual,70000,2179.0,5,1st Owner,300000,16,0
Mercedes-Benz,E-Class 220 CDI,Diesel,Automatic,180000,1396.0,5,1st Owner,989000,14,0
Jaguar,XF 2.0 Petrol Prestige,Petrol,Automatic,7500,1998.0,5,1st Owner,4700000,6,0
Tata,Tiago 1.2 Revotron XZ,Petrol,Manual,90000,1199.0,5,1st Owner,283000,10,0
Honda,CR-V 2.4L 2WD AT,Petrol,Automatic,120000,1997.0,5,3rd Owner,200000,21,0
Maruti,SX4 VDI,Diesel,Manual,110000,1047.0,5,2nd Owner,180000,15,0
Toyota,Land Cruiser VX,Diesel,Automatic,56000,1199.0,5,1st Owner,15800000,8,0
Mercedes-Benz,E-Class E250 CDI Avantgrade,Diesel,Automatic,90000,2143.0,5,1st Owner,2600000,11,0
Hyundai,i20 Asta Option 1.4 CRDi,Diesel,Manual,90000,1396.0,5,3rd Owner,500000,11,0
Maruti,Alto LX,Petrol,Manual,50000,796.0,5,2nd Owner,55000,24,0
Mercedes-Benz,C-Class C 220d,Diesel,Automatic,4000,2143.0,5,1st Owner,6200000,4,0
MG,Hector Plus Select Diesel MT 7 STR,Diesel,Manual,10000,1956.0,7,1st Owner,2100000,4,0
Hyundai,Grand i10 Nios Magna,Petrol,Manual,50000,1197.0,5,1st Owner,550000,6,0
Mahindra,Thar CRDe,Diesel,Manual,70000,2184.0,5,2nd Owner,550000,10,0
Mercedes-Benz,S-Class S 350 d,Diesel,Automatic,13000,2987.0,5,2nd Owner,4775000,12,0
Mahindra,XUV500 W8 FWD,Diesel,Manual,41480,2179.0,7,1st Owner,644000,12,0
Honda,City i VTEC S,Petrol,Manual,69088,1497.0,5,2nd Owner,505000,11,0
Skoda,Rapid 1.6 TDI Elegance,Diesel,Manual,105633,1582.0,5,1st Owner,286000,14,0
Mercedes-Benz,GLS 400d 4MATIC,Diesel,Automatic,15000,999.0,7,2nd Owner,11700000,6,0
Hyundai,Santro Xing GL Plus LPG,Lpg,Manual,136154,1086.0,5,2nd Owner,164000,14,0
Maruti,Wagon R VXI BS IV,Petrol,Manual,50340,998.0,5,1st Owner,293000,11,0
Maruti,Baleno 1.2 Delta,Petrol,Manual,26320,1197.0,5,1st Owner,491000,9,0
BMW,X5 xDrive 30d xLine,Diesel,Automatic,25000,2993.0,5,1st Owner,8300000,6,0
Hyundai,i20 Sportz 1.4 CRDi,Diesel,Manual,31202,1396.0,5,3rd Owner,461000,10,0
Maruti,Swift VXi BSIV,Petrol,Manual,87263,1197.0,5,2nd Owner,186000,16,0
Toyota,Fortuner 4x2 Manual,Diesel,Manual,94505,2755.0,7,2nd Owner,1414000,11,0
Audi,Q7 45 TDI Quattro Technology,Diesel,Automatic,65000,2967.0,7,1st Owner,4600000,9,0
Mahindra,XUV500 W8 FWD,Diesel,Manual,81153,2179.0,7,2nd Owner,462000,13,0
Tata,Tiago 1.2 Revotron XT,Petrol,Manual,95034,1199.0,5,1st Owner,369000,8,0
Maruti,Alto 800 VXI,Petrol,Manual,5550,796.0,5,1st Owner,409000,4,0
Mercedes-Benz,GLS 350d Grand Edition,Diesel,Automatic,45000,2987.0,7,2nd Owner,5950000,10,0
Hyundai,i20 Sportz Plus CVT BSIV,Petrol,Automatic,33013,1197.0,5,1st Owner,689000,7,0
Tata,Harrier Camo XZ Plus,Diesel,Manual,7585,1956.0,5,1st Owner,1561000,5,0
Toyota,Fortuner 3.0 Diesel,Diesel,Manual,89611,2982.0,7,4th Owner,703000,16,0
BMW,5 Series 520d Luxury Line,Diesel,Automatic,29000,1995.0,5,1st Owner,4800000,7,0
Renault,KWID RXT Optional,Petrol,Manual,21732,799.0,5,1st Owner,269000,10,0
Hyundai,Verna 1.6 SX CRDI (O) AT,Diesel,Automatic,74750,1582.0,5,1st Owner,508000,12,0
Maruti,Zen Estilo VXI BSIV,Petrol,Manual,58282,993.0,5,2nd Owner,159000,15,0
Mercedes-Benz,GLE 250d,Diesel,Automatic,45000,2143.0,5,1st Owner,5600000,7,0
Hyundai,Grand i10 1.2 Kappa Sportz BSIV,Petrol,Manual,32126,1197.0,5,1st Owner,495000,7,0
Honda,City i VTEC V,Petrol,Manual,79927,1497.0,5,1st Owner,640000,10,0
Renault,KWID 1.0 RXL,Petrol,Manual,10879,999.0,5,1st Owner,386000,6,0
Land,Rover Range Rover 3.0 Petrol LWB Vogue BSIV,Petrol,Automatic,40000,2982.0,5,1st Owner,19200000,7,0
Jeep,Compass 2.0 Limited Plus,Diesel,Manual,42446,1956.0,5,1st Owner,1721000,6,0
Hyundai,i10 Magna 1.1L,Petrol,Manual,63363,1197.0,5,3rd Owner,178000,15,0
Mahindra,Thar LX 4-Str Hard Top Diesel AT,Diesel,Automatic,17280,2184.0,5,2nd Owner,1558000,6,0
Volvo,XC60 B5 Inscripition,Petrol,Automatic,7000,1462.0,5,1st Owner,6850000,4,0
Hyundai,Grand i10 1.2 Kappa Magna BSIV,Petrol,Manual,24623,1197.0,5,2nd Owner,468000,7,0
Volkswagen,Polo Diesel Comfortline 1.2L,Diesel,Manual,56141,1498.0,5,2nd Owner,206999,15,0
Maruti,Swift Dzire VDI,Diesel,Manual,172476,1248.0,5,1st Owner,323000,13,0
BMW,X1 sDrive 20d xLine,Diesel,Automatic,25000,1995.0,5,1st Owner,3000000,7,0
Hyundai,EON Era Plus,Petrol,Manual,67062,814.0,5,2nd Owner,200999,11,0
Tata,Nano Twist XT,Petrol,Manual,27388,624.0,4,2nd Owner,98414,11,0
Toyota,Urban cruiser High,Petrol,Manual,4928,1462.0,5,1st Owner,938000,5,0
Maserati,Ghibli Diesel BSIV,Diesel,Automatic,12000,796.0,5,1st Owner,6600000,10,0
Hyundai,EON Magna Plus,Petrol,Manual,57607,814.0,5,3rd Owner,175000,13,0
Maruti,Vitara Brezza ZDi Plus,Diesel,Manual,82110,1248.0,5,2nd Owner,617000,10,0
Mahindra,XUV500 W10 2WD,Diesel,Manual,86964,2179.0,7,2nd Owner,775000,11,0
Mercedes-Benz,C-Class C 220 CDI Avantgarde,Diesel,Automatic,37000,2143.0,5,2nd Owner,2150000,11,0
Volkswagen,Polo Petrol Highline 1.2L,Petrol,Manual,39971,1198.0,5,1st Owner,324000,13,0
Volkswagen,Polo 1.2 MPI Highline,Petrol,Manual,55783,1198.0,5,2nd Owner,364000,12,0
Maruti,Alto 800 LXI,Petrol,Manual,52654,796.0,5,1st Owner,171000,13,0
Porsche,Cayenne Diesel Platinum Edition,Diesel,Automatic,50000,1197.0,5,1st Owner,5800000,10,0
Maruti,Swift VXI,Petrol,Manual,17331,1197.0,5,1st Owner,598000,5,0
Ford,Figo Diesel ZXI,Diesel,Manual,76438,1498.0,5,1st Owner,153000,15,0
Hyundai,i10 Magna 1.1L,Petrol,Manual,85035,1197.0,5,3rd Owner,103000,18,0
Mercedes-Benz,E-Class Exclusive E 200,Petrol,Automatic,8900,1991.0,5,1st Owner,6700000,5,0
Honda,City i VTEC V,Petrol,Manual,85004,1497.0,5,2nd Owner,461000,12,0
Hyundai,Verna SX CRDi AT,Diesel,Automatic,72229,1582.0,5,1st Owner,518000,12,0
Nissan,Terrano XL 85 PS,Diesel,Manual,97972,1461.0,5,2nd Owner,392000,12,0
Land,Rover Range Rover Sport 2.0 Petrol HSE,Petrol,Automatic,19500,1998.0,5,1st Owner,11399999,6,0
Tata,Harrier XT,Diesel,Manual,19230,1956.0,5,1st Owner,1629000,5,0
Maruti,Celerio ZXI Optional AMT BSIV,Petrol,Automatic,68911,998.0,5,1st Owner,438999,8,0
Honda,City i DTEC SV,Diesel,Manual,105767,1498.0,5,3rd Owner,438999,11,0
Mercedes-Benz,C-Class Progressive C 200,Petrol,Automatic,28000,1991.0,5,1st Owner,4250000,7,0
Renault,Duster 85PS Diesel RxL Optional,Diesel,Manual,159511,1461.0,5,2nd Owner,266000,13,0
Maruti,Swift Dzire LDI Optional,Diesel,Manual,81325,1248.0,5,2nd Owner,434999,10,0
Ford,Aspire Titanium Plus,Petrol,Manual,19904,1194.0,5,1st Owner,646000,6,0
Toyota,Land Cruiser VX,Diesel,Automatic,27000,1199.0,5,1st Owner,16900000,7,0
Mahindra,XUV500 W8 2WD,Diesel,Manual,110986,2179.0,7,2nd Owner,541000,12,0
Hyundai,EON D Lite Plus,Petrol,Manual,43421,814.0,5,2nd Owner,176000,13,0
Chevrolet,Beat LT,Petrol,Manual,37275,999.0,5,1st Owner,254999,12,0
BMW,X1 sDrive20i xLine,Petrol,Automatic,10000,1995.0,5,1st Owner,4000000,5,0
Maruti,Wagon R VXI BS IV,Petrol,Manual,12936,998.0,5,1st Owner,324000,10,0
Maruti,Vitara Brezza LDi Option,Diesel,Manual,76535,1248.0,5,2nd Owner,535000,9,0
Toyota,Etios Cross 1.4L VD,Diesel,Manual,51260,1364.0,5,1st Owner,378000,12,0
Mini,3 DOOR John Cooper Works 2019-2020,Petrol,Automatic,40000,1197.0,5,2nd Owner,3450000,9,0
Maruti,Swift VDI,Diesel,Manual,53297,1248.0,5,1st Owner,564000,8,0
Hyundai,Xcent 1.1 CRDi SX Option,Diesel,Manual,104304,1086.0,5,1st Owner,312000,12,0
Ford,Ecosport 1.5 DV5 MT Titanium,Diesel,Manual,50141,1498.0,5,2nd Owner,451999,12,0
Volvo,XC60 D5 Inscription,Diesel,Automatic,34000,1968.0,5,1st Owner,5450000,7,0
Hyundai,Xcent 1.2 Kappa SX,Petrol,Manual,83608,1197.0,5,2nd Owner,392000,10,0
Chevrolet,Sail LS ABS,Diesel,Manual,64000,999.0,5,1st Owner,245000,12,0
Honda,Amaze V Diesel BSIV,Diesel,Manual,72000,1498.0,5,1st Owner,725000,7,0
Land,Rover Discovery Sport TD4 HSE 7S,Diesel,Automatic,38000,1197.0,5,1st Owner,4875000,6,0
Audi,RS7 4.0 TFSI,Petrol,Automatic,7100,3993.0,5,1st Owner,17500000,5,0
Volkswagen,Polo 1.0 MPI Comfortline,Petrol,Manual,48141,999.0,5,1st Owner,572000,7,0
Hyundai,i20 Magna,Petrol,Manual,84947,1197.0,5,3rd Owner,250000,13,0
Mercedes-Benz,S-Class S 350d,Diesel,Automatic,1400,2987.0,5,1st Owner,17700000,4,0
Hyundai,i10 Era 1.1,Petrol,Manual,79857,1086.0,5,1st Owner,145000,17,0
Hyundai,Alcazar Platinum 7-Seater Diesel AT,Diesel,Automatic,12081,1498.0,7,1st Owner,1854000,5,0
Hyundai,Grand i10 Sportz,Petrol,Manual,56384,1197.0,5,1st Owner,347000,11,0
Audi,RS7 4.0 TFSI,Petrol,Automatic,11500,3993.0,5,1st Owner,17500000,6,0
Audi,Q3 2.0 TDI Quattro Premium Plus,Diesel,Automatic,72000,1968.0,5,2nd Owner,1300000,12,0
Maruti,Baleno 1.3 Alpha,Diesel,Manual,77000,1248.0,5,2nd Owner,450000,10,0
Land,Rover Range Rover 3.0 Vogue,Diesel,Automatic,60000,2982.0,5,2nd Owner,1800000,14,0
Audi,Q5 40 TDI Premium Plus,Diesel,Automatic,27000,1968.0,5,2nd Owner,4475000,6,0
Honda,Jazz 1.5 S i DTEC,Diesel,Manual,91000,1498.0,5,1st Owner,450000,11,0
Volkswagen,Polo GT TDI,Diesel,Manual,77000,1498.0,5,2nd Owner,200000,14,0
Land,Rover Freelander 2 HSE,Diesel,Automatic,71000,2487.0,5,1st Owner,1390000,12,0
Hyundai,Venue SX Plus Turbo DCT BSIV,Petrol,Automatic,58499,1197.0,5,1st Owner,1019999,7,0
Hyundai,i10 Asta Sunroof AT,Petrol,Automatic,123445,1197.0,5,1st Owner,265000,14,0
Hyundai,EON Magna Plus,Petrol,Manual,47651,814.0,5,2nd Owner,189000,13,0
Hyundai,Grand i10 Magna,Petrol,Manual,42907,1197.0,5,1st Owner,396000,9,0
Audi,A4 30 TFSI Premium Plus,Petrol,Automatic,99125,1395.0,5,1st Owner,2175000,9,0
BMW,5 Series 530i M Sport,Petrol,Automatic,46000,1998.0,5,1st Owner,5175000,7,0
Lexus,ES 300h,Petrol,Automatic,68000,1493.0,5,1st Owner,3975000,9,0
BMW,5 Series 520d Luxury Line,Diesel,Automatic,40500,1995.0,5,1st Owner,5475000,5,0
Mercedes-Benz,GLC 300 4MATIC,Petrol,Automatic,27000,1950.0,5,1st Owner,4375000,8,0
Maruti,Ciaz 1.4 Delta,Petrol,Manual,33877,1368.0,5,1st Owner,648000,8,0
Toyota,Fortuner 4x4 MT,Diesel,Manual,180396,2755.0,7,1st Owner,1365000,12,0
Ford,Aspire 1.2 Ti-VCT Trend,Petrol,Manual,100135,1198.0,5,1st Owner,365000,10,0
Maruti,Wagon R VXI BS IV,Petrol,Manual,40955,998.0,5,2nd Owner,365000,8,0
Kia,Seltos X-Line AT D,Diesel,Automatic,8357,1493.0,5,1st Owner,1757999,4,0
Maruti,Swift VXI,Petrol,Manual,71234,1197.0,5,1st Owner,430999,10,0
Mercedes-Benz,GLC 220d 4MATIC,Diesel,Automatic,18000,2143.0,5,1st Owner,5875000,6,0
Hyundai,Accent Executive,Petrol,Manual,43308,998.0,5,1st Owner,212000,14,0
Audi,A4 Technology,Petrol,Automatic,16000,1968.0,5,1st Owner,4179999,5,0
Mercedes-Benz,E-Class Exclusive E 220d,Diesel,Automatic,32000,2143.0,5,1st Owner,5475000,7,0
Maruti,Swift Dzire VDI,Diesel,Manual,111298,1248.0,5,2nd Owner,428000,11,0
Hyundai,i20 Magna Plus BSIV,Petrol,Manual,5240,1197.0,5,1st Owner,578000,7,0
Tata,Harrier XZ BSIV,Diesel,Manual,66773,1956.0,5,1st Owner,1383000,7,0
Hyundai,i20 Magna 1.2,Petrol,Manual,72009,1197.0,5,1st Owner,458000,10,0
Mahindra,Thar LX 4-Str Hard Top,Petrol,Manual,5500,1997.0,5,1st Owner,1680000,4,0
Audi,Q5 30 TDI quattro Premium Plus,Diesel,Automatic,56500,1395.0,5,1st Owner,2390000,10,0
Mercedes-Benz,C-Class Progressive C 220d,Diesel,Automatic,40200,2143.0,5,1st Owner,4375000,6,0
Mini,3 DOOR Cooper S,Petrol,Automatic,4200,1197.0,5,2nd Owner,4375000,8,0
Hyundai,i20 Asta Opt Diesel,Diesel,Manual,13980,1396.0,5,2nd Owner,1059000,6,0
Mahindra,TUV 300 T6 Plus,Diesel,Manual,39563,998.0,5,1st Owner,507000,10,0
Tata,Harrier XZ Plus,Diesel,Manual,20499,1956.0,5,1st Owner,1922000,6,0
Maruti,Ciaz VXi Plus,Petrol,Manual,39967,1462.0,5,1st Owner,539000,10,0
Honda,Amaze V CVT Diesel BSIV,Diesel,Automatic,87593,1498.0,5,2nd Owner,597000,8,0
Ford,Aspire 1.2 Ti-VCT Trend,Petrol,Manual,41717,1198.0,5,1st Owner,392000,11,0
Maruti,Swift VXI,Petrol,Manual,18946,1197.0,5,1st Owner,598000,5,0
Maruti,Baleno 1.2 Delta,Petrol,Manual,93428,1197.0,5,1st Owner,491000,9,0
Volkswagen,Polo 1.2 MPI Comfortline,Petrol,Manual,44000,1198.0,5,1st Owner,390000,12,0
Hyundai,EON Magna Plus,Petrol,Manual,37646,814.0,5,2nd Owner,217000,12,0
Mahindra,XUV500 W6 2WD,Diesel,Manual,31188,2179.0,7,1st Owner,659000,11,0
Hyundai,Verna 1.6 CRDi EX MT,Diesel,Manual,78960,1582.0,5,2nd Owner,450000,12,0
Audi,A4 35 TDI Technology Edition,Diesel,Automatic,45500,1968.0,5,1st Owner,1480000,12,0
Hyundai,Verna S Plus Diesel,Diesel,Manual,7622,1582.0,5,1st Owner,1066000,4,0
Chevrolet,Enjoy TCDi LTZ 7 Seater,Diesel,Manual,87365,1498.0,7,1st Owner,327000,12,0
Maruti,Ertiga ZXI AT,Petrol,Automatic,13672,1462.0,7,1st Owner,1059000,5,0
Audi,A4 Technology,Petrol,Automatic,12000,1968.0,5,1st Owner,4590000,5,0
Jaguar,XF 2.0 Diesel Prestige,Diesel,Automatic,59000,1998.0,5,1st Owner,2980000,8,0
Audi,A4 30 TFSI Technology,Petrol,Automatic,41000,1395.0,5,1st Owner,3379999,8,0
Audi,Q3 35 TDI Quattro Premium,Diesel,Automatic,44600,1968.0,5,1st Owner,2390000,9,0
Audi,Q3 35 TDI Quattro Premium Plus,Diesel,Automatic,38500,1968.0,5,2nd Owner,1280000,13,0
Renault,Duster 1.5 Petrol RXL,Petrol,Manual,33809,1493.0,5,1st Owner,615000,10,0
Audi,A6 35 TDI Technology,Diesel,Automatic,60100,1968.0,5,2nd Owner,1975000,11,0
Ford,Aspire Titanium Automatic,Petrol,Automatic,62168,1194.0,5,1st Owner,484999,11,0
Hyundai,Grand i10 1.2 CRDi Sportz,Diesel,Manual,79500,1197.0,5,1st Owner,330000,10,0
Nissan,Micra XL,Petrol,Manual,43732,1198.0,5,1st Owner,180000,14,0
Honda,Amaze V CVT Petrol,Petrol,Automatic,82200,1199.0,5,1st Owner,570000,8,0
Ford,Ecosport 1.5 DV5 MT Trend,Diesel,Manual,66001,1498.0,5,2nd Owner,455000,12,0
Hyundai,i20 Sportz 1.4 CRDi,Diesel,Manual,83204,1396.0,5,2nd Owner,335000,13,0
Maruti,Baleno 1.2 Delta,Petrol,Manual,58516,1197.0,5,1st Owner,575000,8,0
Maruti,Ciaz ZDi Plus SHVS,Diesel,Manual,93000,1248.0,5,1st Owner,535000,11,0
Hyundai,Grand i10 Sportz,Petrol,Manual,73000,1197.0,5,1st Owner,445000,10,0
Honda,City 1.5 S MT,Petrol,Manual,47864,1497.0,5,1st Owner,245000,17,0
Maruti,Baleno 1.2 Zeta,Petrol,Manual,29000,1197.0,5,2nd Owner,688000,7,0
Hyundai,i20 Magna 1.2,Petrol,Manual,81000,1197.0,5,1st Owner,535000,9,0
Hyundai,i20 Asta Option 1.2,Petrol,Manual,69000,1197.0,5,2nd Owner,505000,11,0
Hyundai,Grand i10 AT Sportz,Petrol,Automatic,29000,1197.0,5,1st Owner,434999,12,0
Hyundai,Grand i10 Sportz,Petrol,Manual,64000,1197.0,5,1st Owner,385000,12,0
Mercedes-Benz,C-Class C 220 CDI Avantgarde,Diesel,Automatic,71000,2143.0,5,2nd Owner,2975000,8,0
Audi,A4 1.8 TFSI,Petrol,Automatic,57500,1799.0,5,3rd Owner,1480000,13,0
Hyundai,i20 Sportz 1.4 CRDi,Diesel,Manual,83000,1396.0,5,2nd Owner,335000,13,0
Audi,A6 35 TFSI Matrix,Petrol,Automatic,12000,1395.0,5,1st Owner,3379999,10,0
Maruti,Baleno Zeta,Petrol,Manual,29000,1197.0,5,2nd Owner,688000,7,0
Volkswagen,Vento 1.5 TDI Comfortline,Diesel,Manual,93000,1498.0,5,1st Owner,345000,13,0
Ford,Figo Diesel LXI,Diesel,Manual,90300,1498.0,5,1st Owner,210000,13,0
Hyundai,Grand i10 Sportz,Petrol,Manual,73000,1197.0,5,1st Owner,445000,10,0
Maruti,Baleno 1.2 Delta,Petrol,Manual,58000,1197.0,5,1st Owner,575000,8,0
Renault,KWID RXT,Petrol,Manual,65292,799.0,5,1st Owner,270000,9,0
Mahindra,Xylo E4,Diesel,Manual,112341,2179.0,5,1st Owner,182000,17,0
Nissan,Sunny Diesel XL,Diesel,Manual,92540,1461.0,5,2nd Owner,196000,14,0
Hyundai,Grand i10 Sportz,Petrol,Manual,69470,1197.0,5,1st Owner,359000,11,0
Renault,Duster 110PS Diesel RxZ,Diesel,Manual,45590,1461.0,5,2nd Owner,354000,14,0
Mahindra,KUV 100 NXT D75 K2,Diesel,Manual,54137,1197.0,5,1st Owner,381000,8,0
Toyota,Innova 2.5 G (Diesel) 8 Seater,Diesel,Manual,60130,2494.0,8,2nd Owner,465000,14,0
Hyundai,i10 Era,Petrol,Manual,54858,1197.0,5,2nd Owner,200999,14,0
Tata,Altroz XZ,Petrol,Manual,11939,1199.0,5,1st Owner,780000,6,0
Maruti,Wagon R VXI Minor,Petrol,Manual,41149,998.0,5,1st Owner,130000,17,0
Hyundai,Verna 1.6 SX CRDi (O),Diesel,Manual,239199,1582.0,5,1st Owner,336000,14,0
Mercedes-Benz,GLE 250d,Diesel,Automatic,46100,2143.0,5,1st Owner,4575000,9,0
BMW,X3 xDrive 30i Luxury Line,Petrol,Automatic,18000,1998.0,5,1st Owner,6175000,5,0
Maruti,Swift VDI,Diesel,Manual,103992,1248.0,5,1st Owner,288000,14,0
Maruti,Brezza VXi,Petrol,Manual,1026,1462.0,5,1st Owner,909000,4,0
Hyundai,Grand i10 1.2 Kappa Sportz BSIV,Petrol,Manual,14748,1197.0,5,1st Owner,467000,8,0
Tata,Altroz XZ,Petrol,Manual,9789,1199.0,5,1st Owner,798000,6,0
Mercedes-Benz,CLA 200 CDI Style,Diesel,Automatic,56000,2143.0,5,2nd Owner,1600000,11,0
Hyundai,EON Era Plus,Petrol,Manual,7779,814.0,5,1st Owner,231000,11,0
Hyundai,i20 Magna 1.4 CRDi,Diesel,Manual,81867,1396.0,5,4th Owner,385000,11,0
Maruti,Wagon R LXI BS IV,Petrol,Manual,85232,998.0,5,2nd Owner,276000,11,0
Hyundai,Verna 1.6 SX CRDi (O),Diesel,Manual,53416,1582.0,5,2nd Owner,361000,14,0
Jeep,Compass 1.4 Longitude Plus AT,Petrol,Automatic,78000,1368.0,5,1st Owner,1689999,8,0
Mahindra,XUV500 W8 FWD,Diesel,Manual,91480,2179.0,7,1st Owner,446000,14,0
Maruti,Swift Dzire VDI,Diesel,Manual,55385,1248.0,5,1st Owner,570000,9,0
Honda,City i VTEC V,Petrol,Manual,57264,1497.0,5,1st Owner,675000,9,0
Mahindra,XUV300 W4 Diesel,Diesel,Manual,15220,1497.0,5,1st Owner,923000,5,0
Maruti,Wagon R VXI BS IV,Petrol,Manual,34438,998.0,5,2nd Owner,262000,12,0
Hyundai,Grand i10 Sportz,Petrol,Manual,23931,1197.0,5,1st Owner,417000,9,0
Hyundai,Xcent 1.2 Kappa S,Petrol,Manual,32423,1197.0,5,2nd Owner,355000,12,0
Maruti,Ignis Sigma,Petrol,Manual,6944,1197.0,5,1st Owner,516000,5,0
Maruti,Baleno 1.2 Delta,Petrol,Manual,51906,1197.0,5,1st Owner,532000,8,0
Hyundai,Xcent 1.1 CRDi S Option,Diesel,Manual,55975,1086.0,5,2nd Owner,371000,11,0
Maruti,Wagon R AMT VXI,Petrol,Automatic,46491,998.0,5,1st Owner,358000,10,0
Toyota,Platinum Etios 1.4 GXD,Diesel,Manual,25330,1368.0,5,1st Owner,641000,8,0
Maruti,Swift VDI,Diesel,Manual,86593,1248.0,5,2nd Owner,288000,14,0
Hyundai,i20 Asta,Petrol,Manual,76634,1197.0,5,2nd Owner,204999,16,0
Renault,KWID RXT,Petrol,Manual,37094,799.0,5,2nd Owner,282000,8,0
Honda,Amaze S i-Dtech,Diesel,Manual,94817,1498.0,5,2nd Owner,307000,12,0
Hyundai,i10 Magna 1.2,Petrol,Manual,78841,1197.0,5,4th Owner,137000,17,0
Tata,Harrier XZ Plus,Diesel,Manual,30193,1956.0,5,1st Owner,1855000,5,0
Audi,A4 35 TDI Technology,Diesel,Automatic,43900,1968.0,5,1st Owner,3279999,7,0
Maruti,Swift VXI,Petrol,Manual,60548,1197.0,5,1st Owner,501999,8,0
Maruti,Alto 800 VXI Optional,Petrol,Manual,7517,796.0,5,1st Owner,317000,7,0
Nissan,Terrano XV 110 PS,Diesel,Manual,99348,1461.0,5,2nd Owner,413999,12,0
Tata,Nano Cx BSII,Petrol,Manual,48977,624.0,4,1st Owner,53250,15,0
Ford,Aspire 1.2 Ti-VCT Titanium,Petrol,Manual,86754,1198.0,5,1st Owner,365000,11,0
Mahindra,TUV 300 T8,Diesel,Manual,86418,814.0,5,1st Owner,554000,9,0
Hyundai,Venue SX Opt Diesel BSIV,Diesel,Manual,19540,1493.0,5,1st Owner,1002000,7,0
Chevrolet,Beat Diesel LT,Diesel,Manual,76529,1248.0,5,1st Owner,126000,13,0
Maruti,Swift Dzire VXI 1.2,Petrol,Manual,43334,1197.0,5,1st Owner,541000,9,0
Maruti,Swift Dzire VDI,Diesel,Manual,99515,1248.0,5,2nd Owner,428000,11,0
Maruti,Vitara Brezza VDi,Diesel,Manual,47264,1248.0,5,1st Owner,682000,8,0
BMW,6 Series GT 630i Luxury Line 2018-2021,Petrol,Automatic,20800,1998.0,5,1st Owner,5580000,7,0
Audi,A4 35 TFSi Premium,Petrol,Automatic,32000,1395.0,5,1st Owner,2080000,10,0
Hyundai,Elantra CRDi SX,Diesel,Manual,87995,1582.0,5,2nd Owner,533000,13,0
Honda,WR-V i-VTEC S,Petrol,Manual,39283,1199.0,5,1st Owner,570000,9,0
Maruti,Ciaz VDi Plus SHVS,Diesel,Manual,76239,1248.0,5,2nd Owner,548000,10,0
Hyundai,i20 Sportz,Petrol,Manual,1040,1197.0,5,1st Owner,767000,4,0
Honda,City i-VTEC CVT V,Petrol,Automatic,22307,1497.0,5,1st Owner,915000,7,0
Hyundai,Elantra CRDi SX,Diesel,Manual,55538,1582.0,5,2nd Owner,533000,13,0
Hyundai,Verna 1.6 SX,Diesel,Manual,90867,1582.0,5,1st Owner,413999,13,0
Maruti,Ignis Sigma,Petrol,Manual,23302,1197.0,5,1st Owner,491000,5,0
Hyundai,Verna VTVT 1.6 SX,Petrol,Manual,38990,1591.0,5,2nd Owner,748000,8,0
Maruti,A-Star Vxi,Petrol,Manual,65641,998.0,5,1st Owner,144000,16,0
Audi,A4 30 TFSI Technology,Petrol,Automatic,27000,1395.0,5,2nd Owner,3279999,8,0
Volkswagen,Vento 1.5 TDI Comfortline,Diesel,Manual,95129,1498.0,5,1st Owner,345000,13,0
Maruti,Swift Dzire ZDI,Diesel,Manual,135969,1248.0,5,1st Owner,346000,14,0
Maruti,Wagon R VXI,Petrol,Manual,23400,998.0,5,3rd Owner,511000,6,0
Mahindra,Scorpio S7 140 BSIV,Diesel,Manual,55461,2179.0,7,1st Owner,1064000,8,0
Mahindra,Scorpio SLE BSIV,Diesel,Manual,72299,2179.0,7,1st Owner,370000,16,0
Honda,Amaze VX,Petrol,Manual,5362,1199.0,5,1st Owner,816000,4,0
Honda,City GXi,Petrol,Manual,122758,1497.0,5,5th Owner,105000,21,0
Maruti,Wagon R LXI BS IV,Petrol,Manual,66081,998.0,5,1st Owner,215000,14,0
Audi,A6 35 TDI,Diesel,Automatic,85000,1968.0,5,1st Owner,1980000,11,0
Maruti,Wagon R Stingray VXI,Petrol,Manual,131022,998.0,5,1st Owner,282000,11,0
Maruti,Swift VXI,Petrol,Manual,52580,1197.0,5,1st Owner,286000,13,0
Kia,Seltos GTX Plus DCT,Petrol,Automatic,41714,1497.0,5,1st Owner,1695000,6,0
Mahindra,XUV500 W8 FWD,Diesel,Manual,121446,2179.0,7,1st Owner,429000,14,0
Honda,City VX MT,Petrol,Manual,17262,1497.0,5,1st Owner,1212000,6,0
Maruti,Swift Dzire VXI 1.2,Petrol,Manual,65908,1197.0,5,1st Owner,541000,9,0
Maruti,Swift VXI,Petrol,Manual,7282,1197.0,5,1st Owner,598000,6,0
Mahindra,KUV 100 mFALCON G80 K4,Petrol,Manual,69404,1086.0,5,2nd Owner,287000,10,0
Maruti,Swift Dzire VXI,Petrol,Manual,29265,1197.0,5,1st Owner,408000,11,0
Mahindra,XUV500 R W10 FWD,Diesel,Manual,50179,2179.0,7,2nd Owner,795000,11,0
Mercedes-Benz,GLA Class Urban Edition 200,Petrol,Automatic,29774,1991.0,5,1st Owner,2646000,7,0
Hyundai,EON D Lite Plus,Petrol,Manual,77896,814.0,5,2nd Owner,161000,14,0
Honda,City VX CVT,Petrol,Automatic,6144,1497.0,5,1st Owner,1347000,5,0
Maruti,Swift VDI BSIV,Diesel,Manual,88559,1248.0,5,2nd Owner,422000,11,0
Hyundai,Grand i10 Sportz,Petrol,Manual,51927,1197.0,5,2nd Owner,359000,10,0
BMW,3 Series 320d Luxury Line,Diesel,Automatic,99000,1995.0,5,1st Owner,1350000,11,0
Renault,KWID RXL,Petrol,Manual,47000,799.0,5,1st Owner,275000,8,0
Maruti,Baleno 1.3 Sigma,Diesel,Manual,35000,1248.0,5,1st Owner,550000,8,0
Mercedes-Benz,C-Class C 220 CDI BE COR,Diesel,Automatic,58000,2143.0,5,1st Owner,975000,13,0
Honda,City S,Petrol,Manual,48000,1497.0,5,1st Owner,400000,14,0
Honda,Amaze VX AT i-Vtech,Petrol,Automatic,45000,1199.0,5,1st Owner,475000,12,0
Hyundai,EON D Lite,Petrol,Manual,60000,814.0,5,2nd Owner,190000,14,0
Hyundai,i20 Magna Optional 1.2,Petrol,Manual,23000,1197.0,5,1st Owner,465000,12,0
Hyundai,Grand i10 1.2 Kappa Era,Petrol,Manual,45000,1197.0,5,1st Owner,459999,7,0
Hyundai,i10 Magna 1.1L,Petrol,Manual,45000,1197.0,5,1st Owner,325000,12,0
Maruti,Ertiga VDI,Diesel,Manual,58000,1248.0,7,1st Owner,525000,13,0
Hyundai,i20 1.2 Spotz,Petrol,Manual,48000,1197.0,5,1st Owner,625000,8,0
BMW,2 Series 220i M Sport,Petrol,Automatic,18000,1998.0,5,1st Owner,4000000,5,0
Skoda,Kushaq 1.0 TSI Style 6 Airbags AT,Petrol,Automatic,16000,999.0,5,1st Owner,1675000,4,0
Hyundai,i20 Asta 1.4 CRDi,Diesel,Manual,90000,1396.0,5,2nd Owner,465000,11,0
Hyundai,Accent GLE,Petrol,Manual,80000,1197.0,5,2nd Owner,250000,20,0
Tata,Nexon 1.2 Revotron XZ Plus Dual Tone,Petrol,Manual,140000,1199.0,5,1st Owner,830000,8,0
Hyundai,Grand i10 1.2 CRDi Asta,Diesel,Manual,60000,1197.0,5,2nd Owner,400000,7,0
Honda,WR-V i-VTEC VX,Petrol,Manual,17000,1199.0,5,1st Owner,900000,7,0
Lexus,NX 300h,Petrol,Automatic,111000,1061.0,5,1st Owner,4200000,8,0
Mercedes-Benz,M-Class ML 250 CDI,Diesel,Automatic,38000,2993.0,5,2nd Owner,2850000,11,0
Maruti,Swift VXI,Petrol,Manual,80000,1197.0,5,2nd Owner,385000,13,0
Honda,Amaze V Petrol BSIV,Petrol,Manual,36500,1199.0,5,1st Owner,600000,9,0
Nissan,Sunny XE D,Diesel,Manual,55000,1461.0,5,2nd Owner,425000,8,0
Maruti,Wagon R VXI Optional,Petrol,Manual,80000,998.0,5,2nd Owner,300000,10,0
Mercedes-Benz,C-Class C 220 CDI Elegance AT,Diesel,Automatic,98000,2143.0,5,2nd Owner,620000,16,0
Maruti,Wagon R LXI Minor,Petrol,Manual,200000,998.0,5,3rd Owner,198000,19,0
Maruti,Swift VDI,Diesel,Manual,140000,1248.0,5,2nd Owner,325000,14,0
Volkswagen,Vento 1.5 TDI Highline,Diesel,Manual,100000,1498.0,5,2nd Owner,360000,12,0
Maruti,Eeco 5 Seater AC BSIV,Petrol,Manual,168000,1196.0,5,3rd Owner,229999,14,0
Kia,Seltos HTX IVT G,Petrol,Automatic,25000,1497.0,5,1st Owner,1500000,5,0
Maruti,Alto LX BSIII,Petrol,Manual,120000,796.0,5,4th Owner,110000,17,0
Honda,Amaze E i-VTEC,Petrol,Manual,30000,1199.0,5,2nd Owner,445000,9,0
Maruti,Alto LX,Petrol,Manual,100000,796.0,5,1st Owner,136000,15,0
Nissan,Micra Active XL Petrol,Petrol,Manual,80000,1198.0,5,1st Owner,250000,10,0
Honda,City i VTEC VX Option,Petrol,Manual,50000,1497.0,5,1st Owner,1000000,10,0
Maruti,Eeco CNG 5 Seater AC,Cng,Manual,40000,1196.0,5,1st Owner,290000,5,0
Chevrolet,Spark 1.0 LS,Petrol,Manual,100000,999.0,5,4th Owner,55000,17,0
Maruti,Wagon R VXI Optional,Petrol,Manual,166000,998.0,5,1st Owner,300000,11,0
Maruti,Alto 800 LXI,Petrol,Manual,74000,796.0,5,1st Owner,185000,12,0
Honda,BR-V i-VTEC E MT,Petrol,Manual,80000,1497.0,7,1st Owner,700000,9,0
Renault,Duster 85PS Diesel RxS,Diesel,Manual,60000,1461.0,5,2nd Owner,650000,7,0
Maruti,Eeco 7 Seater STD 2020-2022,Petrol,Manual,50000,1196.0,5,2nd Owner,409999,6,0
Mercedes-Benz,E-Class E 200 CGI Elegance,Petrol,Automatic,70000,1991.0,5,2nd Owner,1000000,15,0
Maruti,Wagon R LXI Minor,Petrol,Manual,73000,998.0,5,2nd Owner,220000,16,0
Hyundai,i20 1.2 Asta Option,Petrol,Manual,70000,1197.0,5,1st Owner,650000,8,0
Maruti,Ertiga LXI CNG,Cng,Manual,120000,1462.0,7,3rd Owner,385000,12,0
MG,Hector Sharp DCT,Petrol,Automatic,40000,1451.0,5,1st Owner,1700000,5,0
Hyundai,i20 1.2 Asta,Petrol,Manual,50000,1197.0,5,1st Owner,675000,8,0
Honda,Amaze SX i-DTEC,Diesel,Manual,70000,1498.0,5,2nd Owner,470000,11,0
Maruti,Ciaz ZDi Plus SHVS,Diesel,Manual,70000,1248.0,5,2nd Owner,590000,11,0
Honda,City 1.5 V AT,Petrol,Automatic,92000,1497.0,5,2nd Owner,350000,16,0
Hyundai,Grand i10 Magna,Petrol,Manual,60000,1197.0,5,1st Owner,411000,11,0
Skoda,Superb Petrol Ambition,Petrol,Manual,45000,1798.0,5,3rd Owner,400000,14,0
Tata,Manza Aura (ABS) Quadrajet,Diesel,Manual,58000,1197.0,5,3rd Owner,135000,17,0
Maruti,Wagon R VXI BS IV,Petrol,Manual,90000,998.0,5,1st Owner,311000,13,0
Tata,Hexa XM Plus,Diesel,Manual,35000,2179.0,5,2nd Owner,1350000,7,0
Audi,A6 3.0 TDI quattro,Diesel,Automatic,80000,2967.0,5,4th Owner,550000,16,0
Hyundai,Grand i10 Sportz,Petrol,Manual,80000,1197.0,5,2nd Owner,289000,12,0
Hyundai,Elantra SX,Petrol,Manual,200000,1999.0,5,2nd Owner,341000,14,0
Hyundai,Grand i10 Sportz,Petrol,Manual,80000,1197.0,5,2nd Owner,350000,11,0
Chevrolet,Beat LT,Petrol,Manual,40000,999.0,5,1st Owner,170000,15,0
Hyundai,Verna SX Opt AT Diesel,Diesel,Automatic,32000,1582.0,5,1st Owner,1550000,5,0
Maruti,Wagon R LXI Minor,Petrol,Manual,70000,998.0,5,2nd Owner,175000,17,0
Mahindra,KUV 100 NXT D75 K8 5Str,Diesel,Manual,80000,1197.0,5,2nd Owner,320000,9,0
Maruti,Swift Dzire VXI,Petrol,Manual,60000,1197.0,5,1st Owner,700000,5,0
Maruti,Swift 1.3 VXi,Petrol,Manual,130000,1248.0,5,4th Owner,160000,18,0
Maruti,Eeco 5 STR With AC Plus HTR CNG,Cng,Manual,100000,1196.0,5,4th Owner,130000,16,0
Maruti,Swift Dzire VXi,Petrol,Manual,80000,1197.0,5,2nd Owner,250000,17,0
Nissan,Micra XV CVT,Petrol,Automatic,80000,1198.0,5,3rd Owner,308000,9,0
Hyundai,i20 Sportz,Petrol,Manual,30000,1197.0,5,1st Owner,750000,6,0
Hyundai,i20 1.2 Spotz,Petrol,Manual,30000,1197.0,5,1st Owner,600000,8,0
Maruti,Wagon R VXI Minor,Petrol,Manual,90000,998.0,5,2nd Owner,250000,15,0
Toyota,Corolla Altis 1.8 J,Petrol,Manual,120000,1798.0,5,4th Owner,145000,18,0
Maruti,Ertiga SHVS VDI,Diesel,Manual,157000,1248.0,7,1st Owner,700000,9,0
Maruti,Wagon R VXI 1.2,Petrol,Manual,50000,1197.0,5,3rd Owner,425000,6,0
Tata,Nano LX SE,Petrol,Manual,15000,624.0,4,2nd Owner,60000,14,0
Maruti,Ertiga VXI,Petrol,Manual,90000,1462.0,7,4th Owner,425000,13,0
Renault,Pulse RxL,Diesel,Manual,111000,1197.0,5,2nd Owner,190000,13,0
Tata,Indica Aqua 1.3 Quadrajet,Diesel,Manual,120000,1248.0,5,1st Owner,150000,15,0
Maruti,Eeco CNG HTR 5-STR,Cng,Manual,90000,1196.0,5,4th Owner,351000,10,0
Toyota,Fortuner 4x2 AT,Diesel,Automatic,40000,2755.0,7,2nd Owner,1500000,12,0
Tata,Tiago 1.2 Revotron XZ,Petrol,Manual,110000,1199.0,5,1st Owner,425000,8,0
Ford,Endeavour 3.0 4x4 Thunder Plus,Diesel,Manual,210000,2982.0,7,1st Owner,580000,18,0
Hyundai,Grand i10 1.2 Kappa Magna CNG BSIV,Cng,Manual,80000,1197.0,5,2nd Owner,575000,7,0
Maruti,Swift Dzire VXI,Petrol,Manual,100000,1197.0,5,3rd Owner,399000,13,0
Maruti,Swift Dzire VDi,Diesel,Manual,198000,1248.0,5,2nd Owner,325000,15,0
Maruti,Alto K10 VXI,Petrol,Manual,70000,998.0,5,1st Owner,350000,7,0
Tata,Nexon 1.2 Revotron XZ Plus,Petrol,Manual,100000,1199.0,5,1st Owner,750000,6,0
Maruti,Alto 800 CNG LXI,Cng,Manual,50000,796.0,5,2nd Owner,235000,10,0
Hyundai,i20 Era 1.2,Petrol,Manual,90000,1197.0,5,1st Owner,380000,12,0
Honda,City 1.5 V MT,Petrol,Manual,120000,1497.0,5,4th Owner,275000,15,0
Maruti,Alto LXi,Petrol,Manual,90000,796.0,5,3rd Owner,151000,14,0
Hyundai,Santro AT,Petrol,Automatic,68000,1086.0,5,2nd Owner,100000,24,0
Maruti,A-Star Vxi,Petrol,Manual,100000,998.0,5,2nd Owner,165000,16,0
Mercedes-Benz,C-Class 220 CDI AT,Diesel,Automatic,68551,1248.0,5,1st Owner,1200000,13,0
Renault,KWID RXT,Petrol,Manual,20000,799.0,5,1st Owner,450000,5,0
Hyundai,Santro Xing GL Plus,Petrol,Manual,100000,1086.0,5,2nd Owner,250000,12,0
Hyundai,Santro Xing GLS,Petrol,Manual,90000,1086.0,7,3rd Owner,160000,18,0
Maruti,Wagon R LXI CNG,Cng,Manual,90000,998.0,5,2nd Owner,180000,16,0
Hyundai,Verna 1.6 Xi ABS,Petrol,Manual,100000,1591.0,5,1st Owner,200000,17,0
Maruti,Wagon R VXI BS IV,Petrol,Manual,83000,998.0,5,2nd Owner,350000,11,0
Maruti,Ertiga VDI,Diesel,Manual,120000,1248.0,7,2nd Owner,450000,12,0
Volvo,V40 Cross Country D3,Diesel,Automatic,50000,1997.0,5,2nd Owner,1300000,12,0
Hyundai,Grand i10 1.2 Kappa Sportz Option,Petrol,Manual,80000,1197.0,5,3rd Owner,450000,8,0
Toyota,Qualis FS B1,Diesel,Manual,120000,998.0,5,3rd Owner,175000,25,0
Maruti,Wagon R LX Minor,Petrol,Manual,60000,998.0,5,2nd Owner,125000,19,0
Toyota,Fortuner 2.8 2WD MT BSIV,Diesel,Manual,114000,2755.0,7,1st Owner,2701000,9,0
Maruti,Swift VXI,Petrol,Manual,17000,1197.0,5,1st Owner,680000,5,0
Maruti,Vitara Brezza ZDi Plus Dual Tone,Diesel,Manual,72000,1248.0,5,1st Owner,775000,10,0
Mahindra,Scorpio 1.99 S10,Diesel,Manual,75000,2179.0,7,2nd Owner,1000000,10,0
Hyundai,i20 Asta Option CVT,Petrol,Automatic,30000,1197.0,5,1st Owner,819999,6,0
Hyundai,Creta SX Opt Diesel AT,Diesel,Automatic,60000,1582.0,5,1st Owner,1775000,6,0
Honda,Amaze V CVT Diesel BSIV,Diesel,Automatic,50000,1498.0,5,1st Owner,875000,7,0
Honda,Amaze VX CVT,Petrol,Automatic,12000,1199.0,5,1st Owner,925000,4,0
Maruti,Swift VXI Optional,Petrol,Manual,67000,1197.0,5,1st Owner,575000,9,0
Ford,Ecosport 1.5 Diesel Titanium Plus,Diesel,Manual,50000,1498.0,5,1st Owner,1050000,6,0
Maruti,Ciaz ZDi Plus SHVS,Diesel,Manual,97000,1248.0,5,1st Owner,675000,10,0
Mahindra,Thar LX 4-Str Hard Top Diesel AT,Diesel,Automatic,17000,2184.0,5,1st Owner,1650000,5,0
Mahindra,XUV300 W8 Option Diesel,Diesel,Manual,65000,1497.0,5,1st Owner,1050000,6,0
Toyota,Innova 2.5 GX (Diesel) 8 Seater,Diesel,Manual,137000,2494.0,7,2nd Owner,825000,11,0
Mahindra,Bolero Power Plus ZLX,Diesel,Manual,48000,2523.0,7,1st Owner,750000,9,0
Maruti,Swift Dzire VXI,Petrol,Manual,13000,1197.0,5,1st Owner,675000,6,0
MG,Hector Sharp Diesel MT,Diesel,Manual,52000,1956.0,5,1st Owner,1775000,5,0
Hyundai,Creta 1.6 CRDi SX Plus,Diesel,Manual,68000,1582.0,5,2nd Owner,975000,9,0
Mahindra,XUV300 W8 Option Diesel BSIV,Diesel,Manual,82000,1497.0,5,1st Owner,1025000,7,0
Renault,Koleos 4X4 MT,Diesel,Manual,120000,1396.0,5,1st Owner,620000,10,0
Honda,City EXi,Petrol,Manual,120000,1497.0,5,2nd Owner,290000,18,0
Hyundai,i20 Asta Option Diesel,Diesel,Manual,65000,1396.0,5,1st Owner,690000,9,0
Toyota,Fortuner 2.8 4WD AT,Diesel,Automatic,67000,2755.0,7,1st Owner,3700000,7,0
Maruti,Ciaz ZDi Plus SHVS,Diesel,Manual,79000,1248.0,5,1st Owner,725000,9,0
Hyundai,Creta SX Opt Diesel,Diesel,Manual,9000,1582.0,5,1st Owner,1850000,5,0
Maruti,Swift Dzire VDI,Diesel,Manual,64000,1248.0,5,1st Owner,730000,8,0
BMW,X1 sDrive20d Expedition,Diesel,Automatic,18000,1995.0,5,1st Owner,3200000,6,0
Kia,Seltos HTX Plus D,Diesel,Manual,38000,1493.0,5,1st Owner,1825000,4,0
Hyundai,Verna CRDi 1.6 SX,Diesel,Manual,84000,1582.0,5,1st Owner,890000,8,0
Toyota,Fortuner 2.8 2WD AT BSIV,Diesel,Automatic,95000,2755.0,7,1st Owner,2900000,9,0
Honda,Amaze VX i DTEC,Diesel,Manual,51000,1498.0,5,1st Owner,790000,8,0
Toyota,Innova Crysta 2.4 ZX MT BSIV,Diesel,Manual,90000,2393.0,7,2nd Owner,2100000,7,0
Maruti,Swift DDiS LDI,Diesel,Manual,65000,1248.0,5,1st Owner,600000,7,0
Hyundai,i20 Asta Option 1.4 CRDi,Diesel,Manual,69000,1396.0,5,1st Owner,700000,10,0
Tata,Harrier XZA Plus Dark Edition AT,Diesel,Automatic,40000,1956.0,5,1st Owner,2100000,6,0
Hyundai,Verna 1.6 CRDI AT SX Option,Diesel,Automatic,75000,1582.0,5,1st Owner,975000,9,0
Hyundai,Grand i10 1.2 Kappa Sportz BSIV,Petrol,Manual,65000,1197.0,5,1st Owner,550000,8,0
Honda,City i-VTEC V,Petrol,Manual,43000,1497.0,5,1st Owner,950000,7,0
Hyundai,Creta SX Opt Diesel,Diesel,Manual,23000,1582.0,5,1st Owner,1800000,5,0
Honda,Amaze VX i-VTEC,Petrol,Manual,27000,1199.0,5,1st Owner,740000,7,0
Ford,Endeavour 3.2 Titanium AT 4X4,Diesel,Automatic,86000,3198.0,7,1st Owner,2350000,10,0
Maruti,Ertiga ZXI,Petrol,Manual,83000,1462.0,7,1st Owner,1040000,7,0
Hyundai,Verna 1.6 SX VTVT AT,Petrol,Automatic,44000,1591.0,5,2nd Owner,650000,12,0
Ford,Endeavour 2.2 Titanium AT 4X2 Sunroof,Diesel,Automatic,110000,2179.0,7,1st Owner,2750000,8,0
Tata,Harrier XZA Plus Dark Edition AT,Diesel,Automatic,39000,1956.0,5,1st Owner,2100000,6,0
Maruti,Alto 800 LXI Opt BSIV,Petrol,Manual,18000,796.0,5,1st Owner,365000,7,0
Hyundai,Creta 1.6 CRDi AT SX Plus,Diesel,Automatic,91000,1582.0,5,1st Owner,1190000,9,0
Maruti,Eeco 5 Seater AC BSIV,Petrol,Manual,104911,1196.0,5,1st Owner,358000,7,0
Hyundai,Grand i10 1.2 Kappa Sportz Option,Petrol,Manual,127509,1197.0,5,1st Owner,455000,9,0
Maruti,Alto 800 LXI,Petrol,Manual,29353,796.0,5,1st Owner,328000,7,0
Renault,Kiger RXZ Turbo,Petrol,Manual,42859,999.0,5,1st Owner,810000,5,0
Maruti,Ertiga VXI CNG,Cng,Manual,106785,1462.0,7,1st Owner,652000,9,0
Maruti,Ertiga ZXI,Petrol,Manual,93703,1462.0,7,4th Owner,409000,13,0
Honda,City i DTEC VX,Diesel,Manual,111474,1498.0,5,2nd Owner,529000,11,0
Honda,Jazz 1.2 S AT i VTEC,Petrol,Automatic,77038,1199.0,5,2nd Owner,488000,11,0
Maruti,Ignis Sigma,Petrol,Manual,13945,1197.0,5,1st Owner,483000,5,0
MG,Hector Sharp DCT,Petrol,Automatic,30106,1451.0,5,1st Owner,1614999,7,0
Maruti,Swift Dzire VXI 1.2,Petrol,Manual,84798,1197.0,5,1st Owner,615000,6,0
Honda,City i DTec VX,Diesel,Manual,92696,1498.0,5,2nd Owner,680000,9,0
Ford,Ikon 1.3 Flair,Petrol,Manual,80044,1248.0,5,1st Owner,87256,17,0
Hyundai,Santro Xing GL Plus,Petrol,Manual,51974,1086.0,5,1st Owner,239000,12,0
Renault,Fluence Diesel E4,Diesel,Manual,152000,2179.0,5,2nd Owner,363000,13,0
Hyundai,Santro Xing GLS,Petrol,Manual,84508,1086.0,7,3rd Owner,184000,12,0
BMW,X1 sDrive20d,Diesel,Automatic,100265,1995.0,5,2nd Owner,1050000,12,0
Hyundai,i20 1.2 Asta,Petrol,Manual,69475,1197.0,5,2nd Owner,568000,8,0
Honda,City i VTEC CVT VX,Petrol,Automatic,79165,1497.0,5,2nd Owner,657000,11,0
Toyota,Etios Liva G,Petrol,Manual,138094,1197.0,5,2nd Owner,214000,15,0
Hyundai,i20 1.2 Magna Executive,Petrol,Manual,43993,1197.0,5,2nd Owner,518000,8,0
Mahindra,XUV500 W8 2WD,Diesel,Manual,77494,2179.0,7,2nd Owner,491000,14,0
Maruti,Alto 800 LXI,Petrol,Manual,33880,796.0,5,1st Owner,299000,7,0
Hyundai,i10 Magna 1.1L,Petrol,Manual,98223,1197.0,5,2nd Owner,223000,14,0
Hyundai,Verna 1.6 SX,Diesel,Manual,90387,1582.0,5,1st Owner,416000,14,0
Tata,Tiago 1.2 Revotron XZ,Petrol,Manual,80176,1199.0,5,1st Owner,404000,8,0
Renault,KWID RXL,Petrol,Manual,72685,799.0,5,1st Owner,237000,10,0
Maruti,Wagon R LXI BS IV,Petrol,Manual,42090,998.0,5,1st Owner,239000,13,0
Renault,Duster 110PS Diesel RxL,Diesel,Manual,111332,1461.0,5,2nd Owner,350000,13,0
MG,Hector Sharp Diesel MT BSIV,Diesel,Manual,32744,1956.0,5,2nd Owner,1568000,7,0
Nissan,Micra XL,Petrol,Manual,47910,1198.0,5,3rd Owner,206999,15,0
Maruti,Wagon R VXI BS IV,Petrol,Manual,98466,998.0,5,1st Owner,273000,12,0
Maruti,Wagon R VXI BS IV,Petrol,Manual,81929,998.0,5,3rd Owner,166000,15,0
Hyundai,Verna 1.6 SX,Diesel,Manual,56538,1582.0,5,2nd Owner,381000,15,0
Renault,KWID 1.0 RXL,Petrol,Manual,61432,999.0,5,1st Owner,269000,8,0
Hyundai,Santro Xing GL Plus,Petrol,Manual,87733,1086.0,5,3rd Owner,174000,14,0
Tata,Zest Revotron 1.2T XMS,Petrol,Manual,112991,1197.0,5,3rd Owner,241000,11,0
Maruti,Swift Dzire VDI,Diesel,Manual,124628,1248.0,5,2nd Owner,298000,14,0
Toyota,Innova 2.5 VX (Diesel) 7 Seater,Diesel,Manual,83233,2494.0,7,1st Owner,957000,11,0
Maruti,Ignis 1.2 Zeta BSIV,Petrol,Manual,73140,1197.0,5,1st Owner,483000,9,0
Hyundai,i20 1.2 Magna Opt,Petrol,Manual,111437,1197.0,5,2nd Owner,244000,14,0
Nissan,Sunny Diesel XV,Diesel,Manual,174529,1461.0,5,2nd Owner,258000,13,0
Hyundai,i10 Era,Petrol,Manual,78755,1197.0,5,4th Owner,174000,15,0
Hyundai,Verna VTVT 1.4 E,Petrol,Manual,35336,1396.0,5,1st Owner,675000,8,0
Renault,KWID Climber 1.0 AMT,Petrol,Automatic,11755,999.0,5,1st Owner,429000,7,0
Maruti,Wagon R LXI BS IV,Petrol,Manual,95891,998.0,5,3rd Owner,134000,16,0
Maruti,Baleno 1.3 Zeta,Diesel,Manual,76502,1248.0,5,2nd Owner,599000,8,0
Maruti,Swift Dzire VXI,Petrol,Manual,29526,1197.0,5,2nd Owner,658000,5,0
Hyundai,i20 Magna,Petrol,Manual,59650,1197.0,5,2nd Owner,277000,14,0
Hyundai,Getz 1.1 GVS,Petrol,Manual,122236,1086.0,5,5th Owner,95157,17,0
Maruti,SX4 S Cross Zeta DDiS 200 SH,Diesel,Manual,44641,1197.0,5,1st Owner,758000,8,0
Skoda,Superb Elegance 1.8 TSI AT,Petrol,Automatic,77613,1798.0,5,3rd Owner,308000,16,0
Honda,City i VTEC CVT VX,Petrol,Automatic,61687,1497.0,5,2nd Owner,683000,11,0
Mercedes-Benz,CLA 200 CDI Sport,Diesel,Automatic,144496,2143.0,5,1st Owner,1636000,10,0
Honda,Brio EX MT,Petrol,Manual,149636,1199.0,5,3rd Owner,211000,13,0
Maruti,Alto 800 LXI,Petrol,Manual,95489,796.0,5,1st Owner,199000,11,0
Hyundai,Accent Executive,Petrol,Manual,155835,998.0,5,4th Owner,138000,15,0
Maruti,Swift VXI,Petrol,Manual,51371,1197.0,5,1st Owner,548000,7,0
Jeep,Compass 2.0 Limited 4X4,Diesel,Manual,57400,1956.0,5,1st Owner,1287000,8,0
Ford,Figo Diesel Titanium,Diesel,Manual,146439,1498.0,5,1st Owner,156000,15,0
Honda,City 1.5 V MT,Petrol,Manual,69733,1497.0,5,1st Owner,401000,15,0
Hyundai,Xcent Prime T Plus CNG,Cng,Manual,92124,1197.0,5,2nd Owner,419000,8,0
Maruti,Wagon R LXI Minor,Petrol,Manual,85191,998.0,5,3rd Owner,90698,18,0
Volkswagen,Polo 1.2 MPI Highline,Petrol,Manual,157151,1198.0,5,2nd Owner,297000,12,0
Renault,KWID RXT Optional,Petrol,Manual,28691,799.0,5,1st Owner,335000,8,0
Fiat,Linea T Jet Active,Petrol,Manual,81350,1998.0,5,3rd Owner,120000,15,0
Volvo,XC60 D5 Summum,Diesel,Automatic,126553,999.0,5,1st Owner,1556000,13,0
Nissan,Terrano XL Plus 85 PS,Diesel,Manual,86019,1461.0,5,2nd Owner,416000,12,0
Maruti,Swift VXI,Petrol,Manual,22511,1197.0,5,1st Owner,568000,6,0
Hyundai,Grand i10 CRDi Sportz,Diesel,Manual,61893,1120.0,5,2nd Owner,424000,9,0
Maruti,Ertiga ZDI,Diesel,Manual,114892,1248.0,7,2nd Owner,555000,11,0
Hyundai,Verna VTVT 1.6 SX,Petrol,Manual,50720,1591.0,5,1st Owner,771000,7,0
BMW,2 Series 220i M Sport,Petrol,Automatic,18000,1998.0,5,1st Owner,4000000,5,0
Skoda,Kushaq 1.0 TSI Style 6 Airbags AT,Petrol,Automatic,16000,999.0,5,1st Owner,1675000,4,0
Maruti,Eeco 5 Seater AC 2020-2022,Petrol,Manual,80000,1196.0,5,2nd Owner,415000,6,0
Honda,WR-V i-VTEC VX,Petrol,Manual,17000,1199.0,5,1st Owner,900000,7,0
Lexus,NX 300h,Petrol,Automatic,111000,1061.0,5,1st Owner,4200000,8,0
Mercedes-Benz,M-Class ML 250 CDI,Diesel,Automatic,38000,2993.0,5,2nd Owner,2850000,11,0
Maruti,Ertiga SHVS VDI,Diesel,Manual,71000,1248.0,7,1st Owner,771000,9,0
Honda,Amaze V Petrol BSIV,Petrol,Manual,36500,1199.0,5,1st Owner,600000,9,0
Mahindra,XUV500 W8 AWD,Diesel,Manual,77000,2179.0,7,1st Owner,590000,13,0
Hyundai,i20 1.4 Asta Option,Diesel,Manual,68000,1396.0,5,1st Owner,711000,9,0
Maruti,Swift Dzire VDi,Diesel,Manual,110000,1248.0,5,2nd Owner,229999,16,0
Hyundai,Xcent 1.2 CRDi SX,Diesel,Manual,65000,1197.0,5,1st Owner,550000,8,0
Honda,BR-V i-DTEC V MT,Diesel,Manual,77000,1498.0,7,2nd Owner,750000,9,0
Hyundai,Grand i10 Asta Option,Petrol,Manual,60000,1197.0,5,1st Owner,450000,11,0
Tata,Tiago XTA AMT,Petrol,Automatic,2640,1199.0,5,1st Owner,610000,24,0
Ford,Fiesta Petrol Titanium,Petrol,Manual,60000,1493.0,5,3rd Owner,229999,15,0
Fiat,Punto 1.2 Active,Petrol,Manual,80000,1198.0,5,1st Owner,160000,12,0
Skoda,Octavia 2.0 TDI AT Style Plus,Diesel,Automatic,120000,1968.0,5,3rd Owner,930000,10,0
Chevrolet,Spark 1.0 LT,Petrol,Manual,80000,999.0,5,2nd Owner,56000,17,0
Hyundai,Santro Xing XE,Petrol,Manual,25000,1086.0,5,1st Owner,100000,19,0
Honda,Amaze SX i-DTEC,Diesel,Manual,90000,1498.0,5,2nd Owner,320000,12,0
Maruti,Swift 1.3 LXI,Petrol,Manual,30130,1248.0,5,2nd Owner,215000,20,0
Hyundai,Verna SX Opt AT Diesel,Diesel,Automatic,32000,1582.0,5,1st Owner,1550000,5,0
Maruti,Swift VXI,Petrol,Manual,13000,1197.0,5,1st Owner,675000,4,0
Hyundai,Getz GLS,Petrol,Manual,40000,799.0,7,2nd Owner,110000,21,0
Hyundai,Creta SX Opt IVT,Petrol,Automatic,20000,1591.0,5,1st Owner,1550000,5,0
Kia,Seltos GTX Plus DCT,Petrol,Automatic,16000,1497.0,5,1st Owner,1651000,5,0
Hyundai,Grand i10 CRDi Magna,Diesel,Manual,60000,1120.0,5,2nd Owner,370000,12,0
Maruti,Swift Dzire ZDi,Diesel,Manual,120000,1248.0,5,3rd Owner,250000,16,0
BMW,X1 sDrive20d,Diesel,Automatic,120000,1995.0,5,2nd Owner,740000,14,0
Skoda,Fabia 1.2L Diesel Elegance,Diesel,Manual,70000,814.0,5,2nd Owner,210000,14,0
Datsun,RediGO T Option,Petrol,Manual,40000,799.0,5,1st Owner,180000,9,0
Maruti,Swift Dzire VXi,Petrol,Manual,120000,1197.0,5,2nd Owner,300000,16,0
Tata,Hexa XTA,Diesel,Automatic,90000,2179.0,5,1st Owner,1051000,9,0
Nissan,Micra Diesel XV,Diesel,Manual,90000,1461.0,5,1st Owner,195000,15,0
Hyundai,Santro Xing XG AT eRLX Euro II,Petrol,Automatic,110000,1086.0,5,3rd Owner,100000,20,0
Tata,Zest Revotron 1.2T XM,Petrol,Manual,110000,1399.0,5,2nd Owner,280000,11,0
Maruti,Eeco 5 Seater Standard BSIV,Petrol,Manual,89511,1196.0,5,1st Owner,225000,15,0
Hyundai,Accent Executive CNG,Cng,Manual,120000,1248.0,5,2nd Owner,150000,14,0
Skoda,Rapid 1.5 TDI AT Style Plus,Diesel,Automatic,70000,1498.0,5,2nd Owner,600000,10,0
Skoda,Rapid 1.6 MPI AT Elegance Black Package,Petrol,Automatic,90000,1591.0,5,2nd Owner,390000,12,0
Honda,Brio EX MT,Petrol,Manual,50000,1199.0,5,1st Owner,300000,13,0
Maruti,Ritz LXI,Petrol,Manual,132000,1197.0,5,2nd Owner,160000,15,0
Maruti,SX4 Vxi BSIII,Petrol,Manual,80000,998.0,5,3rd Owner,175000,18,0
Mahindra,Bolero Neo N10,Diesel,Manual,30000,2523.0,7,1st Owner,1019999,5,0
Maruti,Swift RS VDI,Diesel,Manual,100000,1248.0,5,1st Owner,400000,12,0
Hyundai,Grand i10 1.2 Kappa Magna BSIV,Petrol,Manual,15000,1197.0,5,1st Owner,535000,7,0
Hyundai,Santro Xing GL Plus,Petrol,Manual,120000,1086.0,5,2nd Owner,220000,11,0
Maruti,Ertiga VDI,Diesel,Manual,120000,1248.0,7,3rd Owner,400000,13,0
Tata,Nano Lx,Petrol,Manual,50000,624.0,4,2nd Owner,35000,15,0
Honda,Amaze SX i-VTEC,Petrol,Manual,70000,1199.0,5,2nd Owner,440000,12,0
Maruti,Alto 800 LXI,Petrol,Manual,35000,796.0,5,1st Owner,260000,10,0
Nissan,Terrano XL Plus 85 PS,Diesel,Manual,70000,1461.0,5,1st Owner,500000,11,0
Skoda,Superb 1.8 TSI,Petrol,Automatic,80000,1798.0,5,1st Owner,250000,17,0
Hyundai,Creta 1.6 CRDi SX Option,Diesel,Manual,120000,1582.0,5,1st Owner,900000,10,0
Hyundai,Verna CRDi,Diesel,Manual,100000,1582.0,5,2nd Owner,190000,18,0
Mahindra,Renault Logan 1.4 GLX,Petrol,Manual,90000,1368.0,5,3rd Owner,100000,18,0
Honda,Accord 2.4 A/T,Petrol,Automatic,100000,2354.0,5,1st Owner,509999,14,0
Volkswagen,Vento Diesel Comfortline,Diesel,Manual,110000,1498.0,5,3rd Owner,190000,15,0
Maruti,Baleno LXI - BSIII,Petrol,Manual,90000,1197.0,5,2nd Owner,130000,20,0
BMW,X1 sDrive 20d xLine,Diesel,Automatic,50000,1995.0,5,3rd Owner,2100000,10,0
Hyundai,Grand i10 Magna,Petrol,Manual,90000,1197.0,5,2nd Owner,355000,9,0
Maruti,Baleno LXI,Petrol,Manual,90000,1197.0,5,2nd Owner,130000,20,0
Hyundai,Verna 1.6 SX CRDI (O) AT,Diesel,Automatic,88777,1582.0,5,2nd Owner,549000,11,0
Hyundai,EON Sportz,Petrol,Manual,65239,814.0,5,2nd Owner,183000,14,0
Chevrolet,Beat Diesel LS,Diesel,Manual,88741,1497.0,5,2nd Owner,152000,12,0
Maruti,Eeco 5 Seater AC BSIV,Petrol,Manual,58017,1196.0,5,1st Owner,315000,10,0
Maruti,Ciaz VDi Plus SHVS,Diesel,Manual,70076,1248.0,5,3rd Owner,513999,10,0
Maruti,Alto K10 VXI,Petrol,Manual,55202,998.0,5,1st Owner,336000,8,0
Hyundai,Verna 1.6 CRDi EX MT,Diesel,Manual,99681,1582.0,5,2nd Owner,344000,14,0
Renault,Duster 110PS Diesel RxZ,Diesel,Manual,88189,1461.0,5,2nd Owner,396000,13,0
Tata,Indica Quadrajet LS,Diesel,Manual,273257,1086.0,5,4th Owner,84602,15,0
Honda,City i VTEC V,Petrol,Manual,104062,1497.0,5,2nd Owner,509000,12,0
Mahindra,XUV500 W8 2WD,Diesel,Manual,103448,2179.0,7,2nd Owner,581000,12,0
Chevrolet,Spark 1.0 LS,Petrol,Manual,73672,999.0,5,2nd Owner,134000,13,0
Maruti,Eeco 5 Seater AC BSIV,Petrol,Manual,93009,1196.0,5,1st Owner,315000,9,0
Renault,Kiger RXT,Petrol,Manual,13244,999.0,5,1st Owner,749000,5,0
Maruti,Swift Dzire VDi,Diesel,Manual,128999,1248.0,5,2nd Owner,233000,16,0
Hyundai,i10 Magna 1.1,Petrol,Manual,75722,1086.0,5,3rd Owner,165000,16,0
Honda,Jazz VX CVT,Petrol,Automatic,94834,1199.0,5,1st Owner,623000,8,0
Mahindra,XUV500 AT W10 FWD,Diesel,Automatic,93453,2179.0,7,2nd Owner,991000,9,0
Honda,City i-VTEC VX,Petrol,Manual,26352,1497.0,5,1st Owner,921000,8,0
Volkswagen,Vento 1.5 TDI Highline AT,Diesel,Automatic,80746,1498.0,5,3rd Owner,492000,10,0
Nissan,Magnite XL,Petrol,Manual,5973,999.0,5,1st Owner,527000,5,0
Volkswagen,Vento Diesel Highline,Diesel,Manual,118137,1498.0,5,3rd Owner,227000,15,0
Toyota,Etios G,Petrol,Manual,85560,1197.0,5,1st Owner,268000,15,0
Ford,Figo 1.5P Titanium AT,Petrol,Automatic,69693,1194.0,5,2nd Owner,411000,10,0
Hyundai,Creta 1.6 CRDi SX Option,Diesel,Manual,91879,1582.0,5,2nd Owner,814000,10,0
Hyundai,i20 Sportz Petrol,Petrol,Manual,125403,1197.0,5,3rd Owner,202000,16,0
Honda,City i VTEC VX,Petrol,Manual,71434,1497.0,5,1st Owner,638000,10,0
Tata,Tiago 1.2 Revotron XZ,Petrol,Manual,52328,1199.0,5,2nd Owner,352000,10,0
Honda,Amaze S i-Dtech,Diesel,Manual,65027,1498.0,5,2nd Owner,371000,12,0
Tata,Altroz XE Diesel,Diesel,Manual,4553,1497.0,5,1st Owner,707000,4,0
Hyundai,Grand i10 Sportz,Petrol,Manual,50185,1197.0,5,1st Owner,385000,11,0
Hyundai,i20 Petrol CVT Asta,Petrol,Automatic,48953,1197.0,5,2nd Owner,682000,8,0
Honda,City 1.5 S MT,Petrol,Manual,161875,1497.0,5,1st Owner,326000,15,0
Hyundai,Creta 1.6 CRDi SX,Diesel,Manual,101585,1582.0,5,1st Owner,828999,10,0
Mahindra,Scorpio S5,Diesel,Manual,27924,2179.0,7,1st Owner,1236000,6,0
Volkswagen,Polo Diesel Comfortline 1.2L,Diesel,Manual,77863,1498.0,5,2nd Owner,279000,13,0
Skoda,Rapid 1.6 TDI Ambition,Diesel,Manual,140141,1582.0,5,1st Owner,275000,14,0
Honda,City 1.5 S MT,Petrol,Manual,116442,1497.0,5,1st Owner,289000,17,0
Hyundai,i20 Magna 1.2,Petrol,Manual,46329,1197.0,5,1st Owner,430999,11,0
Skoda,Rapid 1.5 TDI Elegance,Diesel,Manual,97702,1498.0,5,2nd Owner,434999,11,0
Hyundai,i20 Sportz 1.4 CRDi,Diesel,Manual,84533,1396.0,5,2nd Owner,388000,11,0
Mercedes-Benz,E-Class Exclusive E 220 d BSIV,Diesel,Automatic,115372,2143.0,5,1st Owner,4097999,8,0
Volkswagen,Vento 1.5 TDI Highline AT,Diesel,Automatic,79715,1498.0,5,2nd Owner,551000,10,0
Maruti,Alto 800 LXI,Petrol,Manual,269930,796.0,5,1st Owner,146000,12,0
Hyundai,i10 Magna,Petrol,Manual,84561,1197.0,5,2nd Owner,256999,13,0
Maruti,Swift Dzire VXI,Petrol,Manual,94479,1197.0,5,2nd Owner,398000,11,0
Hyundai,i20 Sportz 1.2,Petrol,Manual,65723,1197.0,5,1st Owner,371000,12,0
Hyundai,i20 1.2 Asta Option,Petrol,Manual,120707,1197.0,5,1st Owner,588000,8,0
Maruti,Ertiga SHVS VDI,Diesel,Manual,95873,1248.0,7,2nd Owner,627000,10,0
Volkswagen,Vento Diesel Highline,Diesel,Manual,98439,1498.0,5,3rd Owner,231000,15,0
Hyundai,EON Magna Optional,Petrol,Manual,80310,814.0,5,1st Owner,160000,15,0
Volkswagen,Polo 1.2 MPI Comfortline,Petrol,Manual,23677,1198.0,5,1st Owner,454000,10,0
Maruti,Swift Dzire VDI,Diesel,Manual,136782,1248.0,5,1st Owner,528000,9,0
Hyundai,Verna Transform Xi,Petrol,Manual,76491,1591.0,5,1st Owner,280000,16,0
Maruti,Ertiga SHVS ZDI Plus,Diesel,Manual,45991,1248.0,7,1st Owner,775000,9,0
Hyundai,Grand i10 1.2 Kappa Magna BSIV,Petrol,Manual,13481,1197.0,5,1st Owner,496000,7,0
Hyundai,Santro Xing GLS,Petrol,Manual,77414,1086.0,7,3rd Owner,128000,17,0
Maruti,Swift Dzire VDI,Diesel,Manual,48182,1248.0,5,1st Owner,420000,12,0
Hyundai,i10 Magna 1.2,Petrol,Manual,42262,1197.0,5,1st Owner,199000,16,0
Maruti,Eeco 5 Seater AC BSIV,Petrol,Manual,126761,1196.0,5,2nd Owner,193000,13,0
Maruti,Swift Dzire VXI,Petrol,Manual,84080,1197.0,5,2nd Owner,318000,13,0
Hyundai,i10 Sportz,Petrol,Manual,55961,1197.0,5,3rd Owner,217000,15,0
Maruti,Wagon R VXI,Petrol,Manual,46567,998.0,5,1st Owner,500000,6,0
Hyundai,Xcent 1.2 CRDi SX,Diesel,Manual,42000,1197.0,5,1st Owner,625000,8,0
Maruti,Ciaz ZDi,Diesel,Manual,79000,1248.0,5,1st Owner,611000,11,0
Maruti,Wagon R LXI BS IV,Petrol,Manual,114478,998.0,5,1st Owner,311000,9,0
Honda,WR-V i-DTEC VX,Diesel,Manual,104931,1498.0,5,1st Owner,713000,8,0
Hyundai,Grand i10 CRDi Magna,Diesel,Manual,63467,1120.0,5,1st Owner,368000,11,0
Mahindra,Scorpio 1.99 S10,Diesel,Manual,75000,2179.0,7,2nd Owner,1000000,10,0
Hyundai,i20 Asta Option CVT,Petrol,Automatic,30000,1197.0,5,1st Owner,819999,6,0
Tata,Nexon EV Prime XZ Plus Dark Edition,Electric,Automatic,8397,0.0,5,1st Owner,1339000,4,1
Renault,Duster 85PS Diesel RxL Optional,Diesel,Manual,137286,1461.0,5,1st Owner,407000,12,0
Skoda,Fabia 1.4 TDI Ambiente,Diesel,Manual,105768,1368.0,5,3rd Owner,115999,16,0
Hyundai,i20 Sportz Plus,Petrol,Manual,48000,1197.0,5,1st Owner,675000,7,0
Volkswagen,Vento 1.5 TDI Highline AT,Diesel,Automatic,74088,1498.0,5,1st Owner,850000,10,0
Maruti,Eeco 5 Seater AC,Petrol,Manual,38000,1196.0,5,1st Owner,535000,7,0
Mahindra,XUV500 W10 2WD,Diesel,Manual,66000,2179.0,7,1st Owner,850000,11,0
Hyundai,Grand i10 1.2 CRDi Sportz,Diesel,Manual,52000,1197.0,5,1st Owner,495000,8,0
Ford,Aspire Titanium Plus Diesel,Diesel,Manual,54000,1498.0,5,1st Owner,450000,11,0
Hyundai,Grand i10 CRDi Magna,Diesel,Manual,54000,1120.0,5,1st Owner,450000,10,0
Volkswagen,Vento 1.5 TDI Highline Plus,Diesel,Manual,55000,1498.0,5,1st Owner,875000,9,0
Volkswagen,Vento Diesel Highline,Diesel,Manual,68000,1498.0,5,1st Owner,495000,12,0
Ford,Ecosport 1.5 Petrol Ambiente BSIV,Petrol,Manual,26339,1498.0,5,3rd Owner,573000,8,0
Ford,Ecosport Sports Diesel,Diesel,Manual,50044,1498.0,5,1st Owner,1093000,5,0
Maruti,Eeco 5 Seater AC BSIV,Petrol,Manual,99569,1196.0,5,3rd Owner,256000,10,0
Hyundai,i20 Sportz Petrol,Petrol,Manual,77537,1197.0,5,2nd Owner,240000,16,0
Maruti,Wagon R LXI BS IV,Petrol,Manual,55026,998.0,5,1st Owner,239000,13,0
Renault,Pulse RxL,Diesel,Manual,73081,1197.0,5,1st Owner,299000,12,0
Honda,Accord 2.4 AT,Petrol,Automatic,123149,2354.0,5,2nd Owner,305000,16,0
Maruti,Swift Dzire VDI,Diesel,Manual,81759,1248.0,5,1st Owner,469000,11,0
Maruti,Swift LXI BSIV,Petrol,Manual,58766,1197.0,5,1st Owner,364000,11,0
Maruti,Swift Dzire VXI,Petrol,Manual,74886,1197.0,5,1st Owner,361000,12,0
Chevrolet,Spark 1.0 LT,Petrol,Manual,74008,999.0,5,4th Owner,73784,18,0
Maruti,Wagon R VXI,Petrol,Manual,3809,998.0,5,1st Owner,640000,4,0
Toyota,Innova 2.5 GX (Diesel) 8 Seater,Diesel,Manual,137000,2494.0,7,2nd Owner,825000,11,0
Maruti,Zen Estilo 1.1 LXI BSIII,Petrol,Manual,104817,1086.0,5,2nd Owner,105000,17,0
Maruti,Alto 800 LXI,Petrol,Manual,10666,796.0,5,1st Owner,345000,6,0
Maruti,Swift VDI,Diesel,Manual,74124,1248.0,5,2nd Owner,380000,13,0
Mahindra,Marazzo M8,Diesel,Manual,92167,1497.0,7,2nd Owner,897000,8,0
Honda,Brio 1.2 S MT,Petrol,Manual,32111,1199.0,5,1st Owner,411000,9,0
Hyundai,i10 Sportz,Petrol,Manual,111986,1197.0,5,1st Owner,185000,16,0
Maruti,Ritz VXI,Petrol,Manual,89451,1197.0,5,4th Owner,185000,16,0
Hyundai,Xcent 1.1 CRDi SX Option,Diesel,Manual,82990,1086.0,5,1st Owner,365000,12,0
Maruti,Ciaz ZXi,Petrol,Manual,88621,1462.0,5,1st Owner,511000,12,0
Tata,New Safari XZA Plus AT,Diesel,Automatic,13690,1956.0,6,1st Owner,2023000,4,0
Honda,Amaze S Petrol,Petrol,Manual,15712,1199.0,5,1st Owner,662000,6,0
Maruti,Vitara Brezza ZDi,Diesel,Manual,72500,1248.0,5,1st Owner,790000,9,0
Mahindra,XUV300 W8 Option Diesel BSIV,Diesel,Manual,82000,1497.0,5,1st Owner,1025000,7,0
Renault,Koleos 4X4 MT,Diesel,Manual,120000,1396.0,5,1st Owner,620000,10,0
Honda,City EXi,Petrol,Manual,120000,1497.0,5,2nd Owner,290000,18,0
Hyundai,i20 Asta Option Diesel,Diesel,Manual,65000,1396.0,5,1st Owner,690000,9,0
BMW,X1 sDrive20d Expedition,Diesel,Automatic,18000,1995.0,5,1st Owner,3200000,6,0
Volkswagen,Tiguan 2.0 TDI Highline,Diesel,Automatic,56500,1968.0,5,1st Owner,2100000,8,0
Tata,Tiago 1.05 Revotorq XZ,Diesel,Manual,80381,1047.0,5,2nd Owner,365000,9,0
Maruti,Eeco 5 Seater AC BSIV,Petrol,Manual,78220,1196.0,5,3rd Owner,242000,12,0
Hyundai,i20 Magna Plus Diesel,Diesel,Manual,91412,1396.0,5,1st Owner,646000,7,0
Maruti,XL6 Alpha,Petrol,Manual,97295,1598.0,5,1st Owner,793000,7,0
Honda,Mobilio S i-DTEC,Diesel,Manual,58300,1498.0,7,1st Owner,590000,10,0
Maruti,Swift Dzire VXI 1.2,Petrol,Manual,68031,1197.0,5,2nd Owner,526000,9,0
Skoda,Rapid 1.6 TDI Ambition,Diesel,Manual,94405,1582.0,5,3rd Owner,276000,14,0
Renault,Duster 85PS Diesel RxS,Diesel,Manual,58200,1461.0,5,1st Owner,675000,9,0
Tata,Tigor 1.05 Revotorq XT,Diesel,Manual,58000,1047.0,5,1st Owner,525000,8,0
Mahindra,KUV 100 NXT D75 K8 5Str,Diesel,Manual,62000,1197.0,5,1st Owner,465000,8,0
Mahindra,Alturas G4 4X4 AT,Diesel,Automatic,99000,1497.0,5,1st Owner,2525000,6,0
Renault,KWID 1.0 RXT Optional,Petrol,Manual,32875,999.0,5,1st Owner,344000,8,0
Renault,KWID RXT,Petrol,Manual,31951,799.0,5,2nd Owner,264000,10,0
Toyota,Fortuner 4x2 Manual,Diesel,Manual,74300,2755.0,7,1st Owner,1521000,12,0
Skoda,Rapid 1.5 TDI Style Plus,Diesel,Manual,91100,1498.0,5,1st Owner,690000,10,0
Tata,Nexon 1.2 Revotron XM,Petrol,Manual,15601,1199.0,5,1st Owner,651000,8,0
Volkswagen,Polo 1.5 TDI Highline,Diesel,Manual,64300,1498.0,5,1st Owner,495000,11,0
Honda,City i VTEC CVT VX,Petrol,Automatic,89772,1497.0,5,1st Owner,750000,10,0
Mahindra,KUV 100 mFALCON D75 K8 Dual Tone,Diesel,Manual,66078,814.0,5,1st Owner,384000,9,0
Hyundai,i20 Asta 1.2,Petrol,Manual,75317,1197.0,5,2nd Owner,434999,12,0
Skoda,Fabia 1.2 MPI Elegance,Petrol,Manual,73263,1198.0,5,2nd Owner,178000,15,0
Honda,City i DTEC SV,Diesel,Manual,121816,1498.0,5,1st Owner,445000,12,0
Volkswagen,Tiguan 2.0 TDI Highline,Diesel,Automatic,104000,1968.0,5,1st Owner,2225000,9,0
Maruti,Alto 800 LXI,Petrol,Manual,45877,796.0,5,1st Owner,227000,10,0
Maruti,Swift VXI,Petrol,Manual,38922,1197.0,5,1st Owner,494000,8,0
Hyundai,EON Era Plus,Petrol,Manual,51612,814.0,5,1st Owner,243000,11,0
Volkswagen,Vento 1.5 TDI Comfortline AT,Diesel,Automatic,101695,1498.0,5,3rd Owner,472000,11,0
Hyundai,Santa Fe 2WD AT,Diesel,Automatic,94786,1186.0,5,2nd Owner,1052000,11,0
Maruti,Swift VDI BSIV,Diesel,Manual,230510,1248.0,5,1st Owner,214000,15,0
Nissan,Magnite XV Premium,Petrol,Manual,10905,999.0,5,1st Owner,849000,5,0
Renault,Scala Diesel RxL,Diesel,Manual,71336,1199.0,5,2nd Owner,297000,12,0
Maruti,Swift VXI,Petrol,Manual,6356,1197.0,5,1st Owner,582000,5,0
Maruti,Wagon R LXI BS IV,Petrol,Manual,77065,998.0,5,1st Owner,272000,12,0
Hyundai,i10 Sportz 1.2 AT,Petrol,Automatic,54885,1197.0,5,3rd Owner,184000,17,0
Hyundai,Grand i10 1.2 CRDi Sportz Option,Diesel,Manual,82621,1197.0,5,1st Owner,429000,8,0
Hyundai,Creta 1.6 CRDi SX,Diesel,Manual,46095,1582.0,5,1st Owner,1109000,7,0
Honda,Brio S MT,Petrol,Manual,45162,1199.0,5,1st Owner,322000,11,0
Tata,Tiago 1.2 Revotron XT,Petrol,Manual,26680,1199.0,5,1st Owner,424000,8,0
Maruti,Swift Vdi BSIII,Diesel,Manual,150112,1248.0,5,5th Owner,152000,17,0
Hyundai,Grand i10 1.2 Kappa Sportz Dual Tone,Petrol,Manual,58386,1197.0,5,2nd Owner,509999,7,0
Maruti,Swift Dzire VXI,Petrol,Manual,75963,1197.0,5,3rd Owner,286000,14,0
Hyundai,Creta 1.6 SX Automatic,Petrol,Automatic,25099,1591.0,5,1st Owner,1263000,7,0
Maruti,Celerio VXI,Petrol,Manual,42101,998.0,5,1st Owner,310000,11,0
Tata,Harrier XZ Dual Tone,Diesel,Manual,23129,1956.0,5,1st Owner,1089000,5,0
Honda,Amaze VX i-DTEC,Diesel,Manual,62000,1498.0,5,1st Owner,475000,11,0
Maruti,Swift Dzire VXI,Petrol,Manual,67715,1197.0,5,1st Owner,420000,11,0
Maruti,Wagon R VXI,Petrol,Manual,59726,998.0,5,1st Owner,100000,24,0
Toyota,Innova 2.5 GX (Diesel) 8 Seater,Diesel,Manual,168292,2494.0,7,2nd Owner,760000,11,0
Mahindra,KUV 100 NXT G80 K2,Petrol,Manual,84825,999.0,5,1st Owner,330000,8,0
Skoda,Superb LK 2.0 TDI AT,Diesel,Automatic,140785,1968.0,5,1st Owner,1755000,9,0
Maruti,Wagon R VXI BS IV,Petrol,Manual,28037,998.0,5,1st Owner,216000,14,0
Maruti,Swift VDI,Diesel,Manual,80789,1248.0,5,3rd Owner,286000,14,0
Hyundai,Creta S,Petrol,Manual,16968,1591.0,5,1st Owner,1290000,6,0
Maruti,Swift Dzire AMT ZDI,Diesel,Automatic,23338,1248.0,5,1st Owner,594000,10,0
Ford,Ecosport 1.5 DV5 MT Titanium,Diesel,Manual,88993,1498.0,5,2nd Owner,413999,13,0
Renault,KWID 1.0 RXT Optional,Petrol,Manual,58342,999.0,5,1st Owner,375000,8,0
Hyundai,Verna CRDi 1.6 AT SX Plus,Diesel,Automatic,57000,1582.0,5,1st Owner,980000,8,0
Tata,Harrier XZ,Diesel,Manual,66000,1956.0,5,1st Owner,1390000,7,0
Maruti,Celerio VXI AT,Petrol,Automatic,58213,998.0,5,1st Owner,375000,12,0
Honda,City 1.5 V MT,Petrol,Manual,129760,1497.0,5,2nd Owner,276000,17,0
Honda,City i-DTEC ZX,Diesel,Manual,48100,1498.0,5,1st Owner,1025000,8,0
Tata,Tiago 1.2 Revotron XZ,Petrol,Manual,48554,1199.0,5,1st Owner,384000,10,0
Hyundai,Creta 1.6 CRDi SX Option,Diesel,Manual,19787,1582.0,5,1st Owner,1058000,9,0
Hyundai,Grand i10 Sportz,Petrol,Manual,39910,1197.0,5,1st Owner,449000,9,0
Chevrolet,Spark 1.0 LT,Petrol,Manual,63342,999.0,5,1st Owner,73784,17,0
Hyundai,i10 Era,Petrol,Manual,89000,1197.0,5,1st Owner,290000,15,0
Hyundai,i20 Magna 1.4 CRDi (Diesel),Diesel,Manual,89201,1396.0,5,2nd Owner,340000,13,0
Honda,Mobilio S i-DTEC,Diesel,Manual,130151,1498.0,7,1st Owner,423000,11,0
Skoda,Octavia Elegance 2.0 TDI AT,Diesel,Automatic,179308,1968.0,5,2nd Owner,578000,13,0
Tata,Hexa XT,Diesel,Manual,58000,2179.0,5,1st Owner,1050000,8,0
Maruti,Ciaz Alpha Automatic BSIV,Petrol,Automatic,24311,1462.0,5,1st Owner,902999,7,0
Toyota,Etios Liva G,Petrol,Manual,81899,1197.0,5,1st Owner,336000,12,0
Maruti,Vitara Brezza VDi Option,Diesel,Manual,45795,1248.0,5,1st Owner,668000,9,0
Skoda,New Laura Ambiente 2.0 TDI CR MT,Diesel,Manual,95884,1968.0,5,2nd Owner,341000,13,0
Maruti,Swift 1.3 VXi,Petrol,Manual,89657,1248.0,5,1st Owner,147000,18,0
Hyundai,Accent GLE,Petrol,Manual,116416,1197.0,5,3rd Owner,135000,16,0
Renault,Duster 85PS Diesel RxL Optional,Diesel,Manual,90198,1461.0,5,2nd Owner,314000,14,0
Mahindra,XUV500 W6 2WD,Diesel,Manual,73230,2179.0,7,1st Owner,773000,10,0
Hyundai,EON Era,Petrol,Manual,134279,814.0,5,1st Owner,138000,15,0
Maruti,Ciaz ZDi Plus SHVS,Diesel,Manual,64933,1248.0,5,2nd Owner,588000,11,0
Maruti,Ciaz VDi Plus SHVS,Diesel,Manual,81114,1248.0,5,4th Owner,505999,10,0
Honda,Jazz 1.2 VX i VTEC,Petrol,Manual,60923,1199.0,5,3rd Owner,444000,10,0
Hyundai,i20 Magna,Petrol,Manual,92573,1197.0,5,1st Owner,220000,16,0
Honda,Mobilio V i-DTEC,Diesel,Manual,65281,1498.0,8,2nd Owner,455999,11,0
Toyota,Innova 2.5 VX (Diesel) 8 Seater,Diesel,Manual,138448,2494.0,7,2nd Owner,857000,11,0
Jeep,Compass 2.0 Limited Option 4X4 Black,Diesel,Manual,86513,1956.0,5,2nd Owner,1258000,8,0
MG,Hector Plus Sharp Hybrid MT,Petrol,Manual,18697,1451.0,7,1st Owner,1657000,6,0
Honda,Brio S MT,Petrol,Manual,71735,1199.0,5,2nd Owner,368000,10,0
Maruti,Vitara Brezza VDi,Diesel,Manual,72316,1248.0,5,2nd Owner,595000,10,0
Hyundai,Verna 1.6 CRDi SX,Diesel,Manual,87770,1582.0,5,1st Owner,625000,10,0
Hyundai,i20 Magna Plus BSIV,Petrol,Manual,25890,1197.0,5,1st Owner,568000,7,0
Volkswagen,Vento Petrol Comfortline,Petrol,Manual,81426,1598.0,5,2nd Owner,320000,13,0
Hyundai,Grand i10 CRDi Sportz,Diesel,Manual,107868,1120.0,5,1st Owner,309000,12,0
Renault,KWID 1.0 RXT,Petrol,Manual,23434,999.0,5,1st Owner,340000,8,0
Maruti,Baleno 1.2 Zeta,Petrol,Manual,21099,1197.0,5,1st Owner,558000,9,0
Toyota,Innova 2.5 G (Diesel) 8 Seater BS IV,Diesel,Manual,196320,2494.0,7,2nd Owner,372000,16,0
Tata,Indica Aura 1.3 Quadrajet,Diesel,Manual,51650,1248.0,5,2nd Owner,141000,17,0
Volkswagen,Vento 1.6 Highline,Petrol,Manual,44091,1591.0,5,1st Owner,620000,10,0
Hyundai,Creta 1.6 VTVT SX Plus,Petrol,Manual,33231,1591.0,5,2nd Owner,916000,9,0
Tata,Altroz XM plus,Petrol,Manual,7027,1199.0,5,1st Owner,675000,5,0
Renault,Triber RXL,Petrol,Manual,5570,999.0,7,1st Owner,687000,5,0
Hyundai,Creta 1.6 CRDi SX,Diesel,Manual,72500,1582.0,5,1st Owner,940000,10,0
Maruti,Swift VDI,Diesel,Manual,114638,1248.0,5,2nd Owner,286000,14,0
Toyota,Etios GD SP,Diesel,Manual,72200,1364.0,5,1st Owner,350000,13,0
Jeep,Compass 2.0 Longitude Option,Diesel,Manual,61300,1956.0,5,1st Owner,1190000,8,0
Maruti,Ertiga VDI,Diesel,Manual,245456,1248.0,7,1st Owner,413000,13,0
Maruti,Ciaz Delta,Petrol,Manual,52200,1462.0,5,1st Owner,849000,7,0
Maruti,Ciaz ZDi Plus,Diesel,Manual,75000,1248.0,5,2nd Owner,590000,11,0
Chevrolet,Beat Diesel LT,Diesel,Manual,68669,1248.0,5,1st Owner,160000,15,0
Maruti,Celerio ZXI,Petrol,Manual,57313,998.0,5,1st Owner,450000,7,0
Maruti,Ciaz VXi Plus,Petrol,Manual,549999,1462.0,5,1st Owner,550000,11,0
Volkswagen,Polo 1.2 MPI Comfortline,Petrol,Manual,46328,1198.0,5,1st Owner,500000,10,0
Honda,City 1.5 S MT,Petrol,Manual,57407,1497.0,5,2nd Owner,375000,15,0
Datsun,RediGO 1.0 S,Petrol,Manual,87537,999.0,5,2nd Owner,225000,9,0
Maruti,Swift Dzire VXI,Petrol,Manual,80176,1197.0,5,1st Owner,434999,13,0
Maruti,Swift Dzire VDI,Diesel,Manual,62600,1248.0,5,1st Owner,665000,9,0
Hyundai,Santro Xing GL,Petrol,Manual,66737,1086.0,5,2nd Owner,211000,13,0
Toyota,Innova 2.5 V Diesel 7-seater,Diesel,Manual,124400,2494.0,7,2nd Owner,550000,15,0
Hyundai,i10 Sportz 1.2,Petrol,Manual,57480,1197.0,5,2nd Owner,191000,16,0
BMW,3 Series 320d Luxury Line,Diesel,Automatic,99000,1995.0,5,1st Owner,1350000,11,0
Renault,KWID RXL,Petrol,Manual,47000,799.0,5,1st Owner,275000,8,0
Maruti,Baleno 1.3 Sigma,Diesel,Manual,35000,1248.0,5,1st Owner,550000,8,0
Mercedes-Benz,C-Class C 220 CDI BE COR,Diesel,Automatic,58000,2143.0,5,1st Owner,975000,13,0
Honda,City S,Petrol,Manual,48000,1497.0,5,1st Owner,400000,14,0
Honda,Amaze VX AT i-Vtech,Petrol,Automatic,45000,1199.0,5,1st Owner,475000,12,0
Hyundai,EON D Lite,Petrol,Manual,60000,814.0,5,2nd Owner,190000,14,0
Hyundai,i20 Magna Optional 1.2,Petrol,Manual,23000,1197.0,5,1st Owner,465000,12,0
Hyundai,Grand i10 1.2 Kappa Era,Petrol,Manual,45000,1197.0,5,1st Owner,459999,7,0
Hyundai,i10 Magna 1.1L,Petrol,Manual,45000,1197.0,5,1st Owner,325000,12,0
Maruti,Ertiga VDI,Diesel,Manual,58000,1248.0,7,1st Owner,525000,13,0
Hyundai,i20 1.2 Spotz,Petrol,Manual,48000,1197.0,5,1st Owner,625000,8,0
BMW,2 Series 220i M Sport,Petrol,Automatic,18000,1998.0,5,1st Owner,4000000,5,0
Skoda,Kushaq 1.0 TSI Style 6 Airbags AT,Petrol,Automatic,16000,999.0,5,1st Owner,1675000,4,0
Honda,WR-V i-VTEC VX,Petrol,Manual,17000,1199.0,5,1st Owner,900000,7,0
Lexus,NX 300h,Petrol,Automatic,111000,1061.0,5,1st Owner,4200000,8,0
Mercedes-Benz,M-Class ML 250 CDI,Diesel,Automatic,38000,2993.0,5,2nd Owner,2850000,11,0
Honda,Amaze V Petrol BSIV,Petrol,Manual,36500,1199.0,5,1st Owner,600000,9,0
Maruti,Wagon R VXI Optional,Petrol,Manual,80000,998.0,5,2nd Owner,300000,10,0
Chevrolet,Cruze LTZ,Diesel,Manual,60000,1248.0,5,2nd Owner,350000,14,0
Ford,Fiesta 1.6 SXi ABS,Petrol,Manual,110000,1591.0,5,1st Owner,60000,20,0
Maruti,Wagon R LXI Minor,Petrol,Manual,40000,998.0,5,2nd Owner,130000,17,0
Maruti,Ciaz VDi Plus SHVS,Diesel,Manual,100000,1248.0,5,1st Owner,520000,10,0
Nissan,Kicks XV D BSIV,Diesel,Manual,20000,796.0,5,1st Owner,1160000,6,0
Chevrolet,Spark 1.0 LS,Petrol,Manual,90000,999.0,5,4th Owner,80000,17,0
Maruti,S-Presso VXI Plus 2019-2022,Petrol,Manual,60000,796.0,5,1st Owner,370000,6,0
Maruti,Swift Dzire VDI,Diesel,Manual,100000,1248.0,5,1st Owner,575000,11,0
Volkswagen,Polo Diesel Highline 1.2L,Diesel,Manual,100000,1498.0,5,2nd Owner,235000,13,0
Maruti,Alto 800 LXI,Petrol,Manual,80000,796.0,5,3rd Owner,180000,13,0
Hyundai,Verna SX Opt AT Diesel,Diesel,Automatic,32000,1582.0,5,1st Owner,1550000,5,0
Maruti,800 AC,Petrol,Manual,76000,796.0,5,3rd Owner,80000,20,0
Renault,Duster 110PS Diesel RxL,Diesel,Manual,165000,1461.0,5,2nd Owner,420000,12,0
Maruti,Swift Dzire VXI,Petrol,Manual,40000,1197.0,5,1st Owner,450000,11,0
Maruti,Celerio VXI CNG,Cng,Manual,40000,998.0,5,1st Owner,570000,6,0
Tata,Nano Lx BSIV,Petrol,Manual,100000,624.0,4,1st Owner,35000,14,0
Hyundai,Creta 1.6 Gamma SX Plus,Petrol,Manual,83775,1591.0,5,3rd Owner,727000,11,0
Maruti,Celerio VXI AT,Petrol,Automatic,6860,998.0,5,1st Owner,398000,9,0
Renault,Lodgy Stepway 110PS RXZ 7S,Diesel,Manual,122759,2494.0,7,1st Owner,455999,11,0
Volkswagen,Polo Petrol Highline 1.2L,Petrol,Manual,39818,1198.0,5,1st Owner,276000,16,0
Maruti,Wagon R LXI BS IV,Petrol,Manual,47635,998.0,5,2nd Owner,168000,16,0
Renault,Duster 110PS Diesel RxZ,Diesel,Manual,128383,1461.0,5,2nd Owner,357000,13,0
Tata,Hexa XE,Diesel,Manual,294967,2179.0,5,2nd Owner,622000,9,0
Skoda,Octavia 1.8 TSI AT L K,Petrol,Automatic,23377,1798.0,5,1st Owner,1967000,8,0
Hyundai,i10 Era 1.1,Petrol,Manual,56691,1086.0,5,1st Owner,156000,18,0
Toyota,Innova 2.5 V Diesel 8-seater,Diesel,Manual,144256,2494.0,7,2nd Owner,508000,15,0
Honda,City i VTEC V,Petrol,Manual,78688,1497.0,5,2nd Owner,529000,12,0
Skoda,Kushaq 1.0 TSI Style,Petrol,Manual,8267,999.0,5,1st Owner,1502000,4,0
Hyundai,Grand i10 CRDi Asta,Diesel,Manual,86857,1120.0,5,2nd Owner,394000,10,0
Hyundai,Verna 1.6 CRDi SX,Diesel,Manual,110613,1582.0,5,1st Owner,560000,10,0
Porsche,Cayenne Diesel Platinum Edition,Diesel,Automatic,88277,1197.0,5,2nd Owner,2671000,12,0
Maruti,Baleno 1.3 Zeta,Diesel,Manual,91498,1248.0,5,1st Owner,536000,11,0
Tata,Indica Terra 1.4 TDI,Diesel,Manual,40493,1368.0,5,1st Owner,150000,15,0
Mahindra,TUV 300 Plus P6 BSIV,Diesel,Manual,112299,1493.0,5,2nd Owner,399000,8,0
Ford,Ecosport 1.5 Petrol Titanium,Petrol,Manual,11988,1498.0,5,1st Owner,886000,6,0
Datsun,GO T BSIV,Petrol,Manual,71913,1198.0,5,1st Owner,217000,11,0
Maruti,Swift Dzire VXI,Petrol,Manual,92720,1197.0,5,2nd Owner,438999,10,0
Volkswagen,Polo 1.2 MPI Highline,Petrol,Manual,94167,1198.0,5,2nd Owner,368000,12,0
Hyundai,Grand i10 1.2 Kappa Magna BSIV,Petrol,Manual,35708,1197.0,5,1st Owner,470000,8,0
Renault,Duster 110PS Diesel RxZ,Diesel,Manual,123420,1461.0,5,1st Owner,357000,13,0
Kia,Seltos HTX Plus D,Diesel,Manual,50135,1493.0,5,2nd Owner,994999,6,0
Hyundai,i10 Era,Petrol,Manual,85876,1197.0,5,2nd Owner,195000,15,0
Hyundai,Xcent 1.2 Kappa SX,Petrol,Manual,8620,1197.0,5,1st Owner,515000,9,0
Maruti,Wagon R LXI CNG,Cng,Manual,116328,998.0,5,3rd Owner,148000,16,0
Maruti,Eeco 5 Seater AC BSIV,Petrol,Manual,56321,1196.0,5,1st Owner,315000,10,0
Maruti,Swift Dzire VDI,Diesel,Manual,160648,1248.0,5,1st Owner,381000,12,0
Hyundai,Grand i10 Magna,Petrol,Manual,50726,1197.0,5,1st Owner,323000,12,0
Mahindra,XUV500 W8 2WD,Diesel,Manual,127046,2179.0,7,2nd Owner,491000,13,0
Maruti,Ertiga VXI,Petrol,Manual,82158,1462.0,7,1st Owner,441000,11,0
Isuzu,MU-X 2WD,Diesel,Automatic,64000,998.0,5,1st Owner,1711000,8,0
Maruti,Celerio VXI CNG,Cng,Manual,74776,998.0,5,1st Owner,432000,6,0
Hyundai,Grand i10 CRDi Magna,Diesel,Manual,171065,1120.0,5,1st Owner,342000,10,0
Hyundai,i10 Magna 1.1,Petrol,Manual,46400,1086.0,5,1st Owner,209000,16,0
Maruti,Celerio ZXI AT,Petrol,Automatic,38156,998.0,5,1st Owner,363000,11,0
Maruti,Wagon R VXI BS IV,Petrol,Manual,49915,998.0,5,1st Owner,319000,11,0
Chevrolet,Beat LT,Petrol,Manual,10768,999.0,5,1st Owner,273000,11,0
Maruti,Wagon R LXI BS IV,Petrol,Manual,69843,998.0,5,2nd Owner,261000,12,0
Maruti,Baleno 1.2 Delta,Petrol,Manual,59176,1197.0,5,1st Owner,508000,9,0
Hyundai,Verna 1.6 SX,Diesel,Manual,46962,1582.0,5,3rd Owner,369000,15,0
Honda,Amaze VX i-Vtech,Petrol,Manual,125380,1199.0,5,1st Owner,326000,13,0
Mahindra,TUV 300 T8,Diesel,Manual,57616,814.0,5,1st Owner,553000,10,0
Maruti,Swift Dzire AMT VXI,Petrol,Automatic,126686,1197.0,5,1st Owner,566000,8,0
Toyota,Corolla Altis VL AT,Petrol,Automatic,125981,1798.0,5,1st Owner,759000,12,0
Hyundai,i20 Sportz Petrol,Petrol,Manual,26786,1197.0,5,1st Owner,252000,16,0
Maruti,Ciaz Sigma,Petrol,Manual,35135,1462.0,5,1st Owner,772000,6,0
Honda,City i VTEC CVT VX,Petrol,Automatic,99163,1497.0,5,1st Owner,648000,11,0
Maruti,Baleno 1.2 Delta,Petrol,Manual,48832,1197.0,5,1st Owner,508000,9,0
Hyundai,EON Era Plus,Petrol,Manual,38678,814.0,5,2nd Owner,256000,10,0
Maruti,Swift Dzire ZXI AT,Petrol,Automatic,5427,1197.0,5,1st Owner,791000,4,0
Toyota,Etios Liva G,Petrol,Manual,67357,1197.0,5,1st Owner,235000,15,0
Hyundai,i20 Magna,Petrol,Manual,81951,1197.0,5,1st Owner,220000,16,0
Maruti,Wagon R LXI CNG,Cng,Manual,70048,998.0,5,3rd Owner,192000,14,0
Mahindra,Marazzo M4,Diesel,Manual,117512,1497.0,7,1st Owner,746000,8,0
Chevrolet,Beat PS,Petrol,Manual,113652,1248.0,5,3rd Owner,156000,13,0
Maruti,Swift Dzire VXi,Petrol,Manual,141719,1197.0,5,3rd Owner,184000,16,0
Hyundai,i10 Magna,Petrol,Manual,71708,1197.0,5,2nd Owner,246000,14,0
Nissan,Micra XV,Petrol,Manual,45000,1198.0,5,1st Owner,275000,16,0
Maruti,Wagon R VXI BS IV,Petrol,Manual,60252,998.0,5,1st Owner,288000,12,0
Hyundai,Xcent 1.2 Kappa S Option,Petrol,Manual,40687,1197.0,5,1st Owner,421000,11,0
Toyota,Corolla Altis 1.8 VL AT,Petrol,Automatic,25075,1798.0,5,2nd Owner,612000,13,0
Maruti,Vitara Brezza VDi Option,Diesel,Manual,109863,1248.0,5,2nd Owner,631000,9,0
Hyundai,Grand i10 1.2 Kappa Sportz BSIV,Petrol,Manual,74334,1197.0,5,1st Owner,454000,8,0
Volkswagen,Polo Petrol Trendline 1.2L,Petrol,Manual,52186,1198.0,5,1st Owner,275000,14,0
Maruti,Alto K10 LXI,Petrol,Manual,49977,998.0,5,2nd Owner,138000,16,0
BMW,X3 xDrive20d,Diesel,Automatic,91000,1995.0,5,2nd Owner,1750000,14,0
Maruti,Ciaz VDi Plus SHVS,Diesel,Manual,124860,1248.0,5,1st Owner,544000,10,0
Maruti,Ciaz 1.4 S,Petrol,Manual,42681,1368.0,5,1st Owner,647000,9,0
Maruti,Celerio X ZXI BSIV,Petrol,Manual,22532,998.0,5,1st Owner,446000,7,0
Toyota,Etios GD SP,Diesel,Manual,212367,1364.0,5,1st Owner,273000,14,0
Maruti,Alto 800 LXI,Petrol,Manual,73505,796.0,5,1st Owner,267000,9,0
Maruti,Swift VDI BSIV,Diesel,Manual,146256,1248.0,5,1st Owner,419000,10,0
Hyundai,i20 1.2 Magna Opt,Petrol,Manual,33865,1197.0,5,1st Owner,293000,14,0
Skoda,Slavia 1.0 TSI Ambition AT,Petrol,Automatic,6090,999.0,5,1st Owner,1295000,4,0
Renault,Duster 85PS Diesel RxL Optional,Diesel,Manual,45691,1461.0,5,1st Owner,483000,12,0
Hyundai,Santro Sportz,Petrol,Manual,12471,1086.0,5,1st Owner,507000,5,0
Hyundai,i10 Sportz 1.1L,Petrol,Manual,56379,1197.0,5,2nd Owner,329000,11,0
Honda,Civic 1.8 S MT,Petrol,Manual,98446,1799.0,5,3rd Owner,247000,15,0
Maruti,Swift AMT ZXI,Petrol,Automatic,55519,1197.0,5,1st Owner,586000,8,0
Honda,City GXi,Petrol,Manual,112886,1497.0,5,1st Owner,174000,18,0
Maruti,SX4 S Cross Zeta DDiS 200 SH,Diesel,Manual,79989,1197.0,5,1st Owner,724000,8,0
Hyundai,Grand i10 AT Asta,Petrol,Automatic,46000,1197.0,5,1st Owner,525000,10,0
Chevrolet,Cruze LTZ AT,Diesel,Automatic,84000,1086.0,5,2nd Owner,450000,14,0
Honda,Civic 1.8 S MT,Petrol,Manual,45423,1799.0,5,1st Owner,334000,15,0
Tata,Nexon XM S,Petrol,Manual,4531,1199.0,5,1st Owner,884000,4,0
Toyota,Etios GD SP,Diesel,Manual,165260,1364.0,5,1st Owner,384000,12,0
Datsun,GO T BSIV,Petrol,Manual,34729,1198.0,5,1st Owner,287000,9,0
MG,Hector Plus Sharp Diesel MT,Diesel,Manual,58493,1956.0,7,1st Owner,1530000,6,0
Mahindra,XUV300 W8 Option Dual Tone Diesel,Diesel,Manual,40536,1497.0,5,1st Owner,803999,5,0
Maruti,Baleno Zeta,Petrol,Manual,57936,1197.0,5,1st Owner,612000,6,0
Hyundai,i10 Magna 1.1L,Petrol,Manual,83061,1197.0,5,3rd Owner,206000,14,0
MG,Hector Sharp DCT,Petrol,Automatic,31752,1451.0,5,1st Owner,1614999,7,0
Volkswagen,Polo Petrol Trendline 1.2L,Petrol,Manual,82770,1198.0,5,3rd Owner,225000,15,0
Maruti,Alto 800 LXI,Petrol,Manual,71596,796.0,5,3rd Owner,188000,11,0
Hyundai,Santro Sportz AMT,Petrol,Automatic,5273,1086.0,5,1st Owner,544000,4,0
Maruti,Swift Dzire LDI,Diesel,Manual,72134,1248.0,5,1st Owner,335000,12,0
Maruti,Baleno 1.2 Zeta,Petrol,Manual,33835,1197.0,5,1st Owner,571000,8,0
Mahindra,XUV500 W6 2WD,Diesel,Manual,42355,2179.0,7,1st Owner,877000,9,0
Maruti,Wagon R LXI Minor,Petrol,Manual,166155,998.0,5,2nd Owner,82642,18,0
Maruti,Celerio ZXI MT BSIV,Petrol,Manual,5246,998.0,5,1st Owner,461000,7,0
Maruti,Swift Dzire ZXI 1.2,Petrol,Manual,7376,1197.0,5,1st Owner,627000,8,0
Maruti,Swift VXI,Petrol,Manual,62195,1197.0,5,1st Owner,494000,8,0
Hyundai,Santro Xing GL,Petrol,Manual,84173,1086.0,5,3rd Owner,100000,18,0
Hyundai,EON Era Plus,Petrol,Manual,56016,814.0,5,1st Owner,269000,10,0
Tata,Manza Aura (ABS) Quadrajet,Diesel,Manual,103659,1197.0,5,1st Owner,143000,16,0
Hyundai,Grand i10 CRDi Magna,Diesel,Manual,73000,1120.0,5,2nd Owner,385000,12,0
Renault,Duster 85PS Diesel RxL,Diesel,Manual,42900,1461.0,5,3rd Owner,450000,12,0
Datsun,RediGO T Option,Petrol,Manual,84000,799.0,5,1st Owner,250000,10,0
Chevrolet,Cruze LTZ,Diesel,Manual,56000,1248.0,5,2nd Owner,490000,13,0
Volkswagen,Touareg 3.6 V6 FSI,Petrol,Automatic,92000,998.0,5,2nd Owner,1000000,19,0
Hyundai,Creta 1.6 CRDi AT SX Plus,Diesel,Automatic,79000,1582.0,5,1st Owner,950000,10,0
Maruti,Baleno 1.2 Delta,Petrol,Manual,59407,1197.0,5,1st Owner,508000,9,0
Maruti,Swift Dzire 1.2 Vxi BSIV,Petrol,Manual,57756,1197.0,5,1st Owner,249000,16,0
Fiat,Linea Emotion Pack (Diesel),Diesel,Manual,140148,1197.0,5,1st Owner,166000,16,0
Tata,Altroz XM plus,Petrol,Manual,3730,1199.0,5,1st Owner,684000,5,0
Maruti,Swift ZXI BSIV,Petrol,Manual,98890,1197.0,5,2nd Owner,364000,11,0
Tata,Tigor 1.05 Revotorq XZ Option,Diesel,Manual,134156,1047.0,5,1st Owner,408000,9,0
Maruti,Alto K10 VXI,Petrol,Manual,49446,998.0,5,1st Owner,309000,9,0
Maruti,Swift Dzire 1.2 Lxi BSIV,Petrol,Manual,146510,1197.0,5,3rd Owner,191000,15,0
Honda,Mobilio S i-DTEC,Diesel,Manual,81355,1498.0,7,3rd Owner,393000,12,0
Renault,Duster 110PS Diesel RxL,Diesel,Manual,100298,1461.0,5,2nd Owner,350000,13,0
Maruti,Swift Dzire ZXI Plus,Petrol,Manual,60892,1197.0,5,1st Owner,684000,8,0
Maruti,Alto K10 VXI,Petrol,Manual,48603,998.0,5,1st Owner,269000,11,0
Mercedes-Benz,GLC Progressive 220d,Diesel,Automatic,95472,2143.0,5,1st Owner,3219000,8,0
Mercedes-Benz,E-Class E250 CDI Blue Efficiency,Diesel,Automatic,63000,2143.0,5,2nd Owner,1775000,15,0
Maruti,Alto 800 LXI,Petrol,Manual,44000,796.0,5,1st Owner,325000,10,0
Hyundai,i20 1.4 CRDi Magna,Diesel,Manual,60000,1396.0,5,2nd Owner,390000,14,0
Maruti,Celerio LXI,Petrol,Manual,18674,998.0,5,1st Owner,259000,12,0
Maruti,Ciaz Alpha,Petrol,Manual,11689,1462.0,5,1st Owner,998000,5,0
Mahindra,Scorpio S11 BSIV,Diesel,Manual,55187,2179.0,7,1st Owner,1061000,9,0
Maruti,Baleno 1.2 Zeta,Petrol,Manual,59089,1197.0,5,1st Owner,557000,9,0
Hyundai,i10 Sportz 1.2,Petrol,Manual,86517,1197.0,5,2nd Owner,181000,16,0
Hyundai,Grand i10 Sportz,Petrol,Manual,19079,1197.0,5,1st Owner,385000,11,0
Fiat,Grande Punto 1.2 Emotion,Petrol,Manual,50502,1198.0,5,2nd Owner,176000,16,0
Maruti,Celerio ZXI MT BSIV,Petrol,Manual,33173,998.0,5,1st Owner,428000,8,0
Honda,Amaze S i-DTEC,Diesel,Manual,88227,1498.0,5,1st Owner,434000,10,0
Hyundai,i20 Magna Optional 1.2,Petrol,Manual,73914,1197.0,5,2nd Owner,314000,13,0
Hyundai,i20 Sportz Plus BSIV,Petrol,Manual,85906,1197.0,5,1st Owner,645000,7,0
Hyundai,i20 Sportz Petrol,Petrol,Manual,82818,1197.0,5,2nd Owner,240000,16,0
Honda,Amaze V CVT Petrol BSIV,Petrol,Automatic,13102,1199.0,5,1st Owner,721000,8,0
Maruti,Swift VXI,Petrol,Manual,18008,1197.0,5,1st Owner,617000,4,0
Ford,Ecosport 1.5 Petrol Ambiente,Petrol,Manual,12011,1498.0,5,1st Owner,742000,6,0
Chevrolet,Spark 1.0 PS,Petrol,Manual,89133,999.0,5,1st Owner,73582,17,0
Honda,City i VTEC CVT VX,Petrol,Automatic,57445,1497.0,5,1st Owner,698000,11,0
Hyundai,i20 Magna,Petrol,Manual,127936,1197.0,5,1st Owner,276000,13,0
Maruti,Celerio VDi,Diesel,Manual,77262,998.0,5,1st Owner,301000,11,0
Hyundai,i20 1.2 Asta,Petrol,Manual,52401,1197.0,5,1st Owner,592000,8,0
Maruti,Swift VXI,Petrol,Manual,44071,1197.0,5,1st Owner,548000,6,0
Mahindra,XUV500 W8 2WD,Diesel,Manual,153231,2179.0,7,1st Owner,596000,12,0
Mahindra,XUV500 W6 2WD,Diesel,Manual,132131,2179.0,7,1st Owner,622000,11,0
Honda,City V MT,Petrol,Manual,70132,1497.0,5,2nd Owner,417000,14,0
Hyundai,Grand i10 1.2 Kappa Sportz Option,Petrol,Manual,15321,1197.0,5,1st Owner,488999,9,0
Maruti,Ritz LXI,Petrol,Manual,74727,1197.0,5,1st Owner,179000,17,0
Tata,Punch Creative DT,Petrol,Manual,19959,1794.0,5,1st Owner,787000,5,0
Hyundai,i10 Sportz,Petrol,Manual,50596,1197.0,5,1st Owner,244000,15,0
Maruti,Baleno 1.2 Zeta,Petrol,Manual,56982,1197.0,5,1st Owner,512000,10,0
Maruti,Ertiga LXI,Petrol,Manual,52932,1462.0,7,1st Owner,592000,7,0
Mahindra,XUV700 AX3 AT,Petrol,Automatic,8655,1896.0,7,1st Owner,1476000,5,0
Maruti,Ritz VDi,Diesel,Manual,127763,1248.0,5,1st Owner,204000,15,0
Hyundai,Verna VTVT 1.6 SX,Petrol,Manual,20033,1591.0,5,2nd Owner,858000,7,0
Volkswagen,Polo 1.5 TDI Highline,Diesel,Manual,124908,1498.0,5,1st Owner,446000,10,0
Toyota,Corolla H2,Petrol,Manual,60000,1798.0,5,2nd Owner,215000,21,0
Mahindra,XUV500 W10 2WD,Diesel,Manual,140556,2179.0,7,1st Owner,917000,9,0
Tata,Bolt Quadrajet XE,Diesel,Manual,184618,998.0,5,2nd Owner,274000,10,0
Maruti,Alto K10 VXI,Petrol,Manual,73600,998.0,5,1st Owner,242000,12,0
Volkswagen,Jetta 1.9 Highline TDI,Diesel,Automatic,89000,814.0,5,2nd Owner,325000,17,0
Renault,Duster 85PS Diesel RxL,Diesel,Manual,57000,1461.0,5,4th Owner,400000,14,0
Skoda,Rapid 1.6 TDI Elegance,Diesel,Manual,65000,1582.0,5,2nd Owner,411000,15,0
Maruti,Swift LDI,Diesel,Manual,67000,1248.0,5,1st Owner,390000,14,0
Maruti,Swift 1.3 VXi,Petrol,Manual,59458,1248.0,5,3rd Owner,152000,17,0
Mahindra,XUV300 W8 Option Diesel,Diesel,Manual,67534,1497.0,5,1st Owner,968000,5,0
Maruti,Wagon R VXI BS IV,Petrol,Manual,37204,998.0,5,1st Owner,193000,15,0
Jeep,Compass 2.0 Longitude Option BSIV,Diesel,Manual,119444,1956.0,5,1st Owner,927000,9,0
Maruti,Ciaz 1.3 Delta,Diesel,Manual,25541,1248.0,5,1st Owner,672000,9,0
Maruti,Alto 800 LXI,Petrol,Manual,22999,796.0,5,1st Owner,275000,9,0
Maruti,Ciaz Alpha BSIV,Petrol,Manual,57270,1462.0,5,1st Owner,834000,7,0
Volkswagen,Polo 1.0 MPI Trendline,Petrol,Manual,29797,999.0,5,1st Owner,559000,6,0
Volkswagen,Vento 1.2 TSI Highline AT,Petrol,Automatic,92028,1198.0,5,2nd Owner,457000,11,0
Hyundai,i20 1.2 Sportz,Petrol,Manual,36550,1197.0,5,1st Owner,308000,14,0
Hyundai,Grand i10 Sportz Celebration Edition,Petrol,Manual,46407,1197.0,5,1st Owner,425000,10,0
Maruti,Baleno Zeta CVT,Petrol,Automatic,9598,1197.0,5,1st Owner,832000,5,0
Chevrolet,Spark 1.0 LT,Petrol,Manual,48616,999.0,5,1st Owner,115999,16,0
Honda,Amaze VX Petrol BSIV,Petrol,Manual,116560,1199.0,5,1st Owner,465000,7,0
Honda,Jazz 1.2 V i VTEC,Petrol,Manual,49625,1199.0,5,1st Owner,513999,10,0
Nissan,Micra XV CVT,Petrol,Automatic,56409,1198.0,5,1st Owner,338000,12,0
Mahindra,KUV 100 mFALCON D75 K4,Diesel,Manual,128847,1197.0,5,1st Owner,260000,10,0
Hyundai,i10 Era,Petrol,Manual,212598,1197.0,5,4th Owner,139000,16,0
Maruti,Ciaz ZDi Plus,Diesel,Manual,80444,1248.0,5,2nd Owner,513999,11,0
Datsun,GO Plus T BSIV,Petrol,Manual,30848,1198.0,5,1st Owner,321000,9,0
Maruti,Ciaz 1.4 Delta,Petrol,Manual,154027,1368.0,5,2nd Owner,569000,9,0
Honda,Amaze S i-VTEC,Petrol,Manual,71834,1199.0,5,1st Owner,358000,10,0
Chevrolet,Spark 1.0 LS,Petrol,Manual,74829,999.0,5,1st Owner,110000,15,0
Volkswagen,Polo 1.2 MPI Comfortline,Petrol,Manual,175705,1198.0,5,1st Owner,367000,9,0
Honda,Brio S MT,Petrol,Manual,38219,1199.0,5,1st Owner,254999,14,0
Maruti,Ciaz Sigma BSIV,Petrol,Manual,49391,1462.0,5,1st Owner,652000,8,0
Honda,City 1.5 V MT,Petrol,Manual,167457,1497.0,5,2nd Owner,305000,16,0
Hyundai,EON D Lite Plus,Petrol,Manual,50915,814.0,5,1st Owner,185000,14,0
Chevrolet,Spark 1.0 LS LPG,Lpg,Manual,192340,999.0,5,2nd Owner,59736,16,0
Maruti,Ertiga VXI CNG,Cng,Manual,77778,1462.0,7,1st Owner,705000,8,0
Maruti,Baleno 1.2 Delta,Petrol,Manual,30435,1197.0,5,1st Owner,508000,9,0
Renault,KWID RXT,Petrol,Manual,80478,799.0,5,1st Owner,276000,8,0
Mahindra,XUV300 W6 AMT Diesel BSIV,Diesel,Automatic,62805,1497.0,5,1st Owner,791000,6,0
Hyundai,Grand i10 Nios Sportz,Petrol,Manual,8683,1197.0,5,1st Owner,651000,5,0
Maruti,Ciaz Delta Diesel,Diesel,Manual,50251,1248.0,5,1st Owner,696000,7,0
Datsun,GO T BSIV,Petrol,Manual,32635,1198.0,5,1st Owner,237000,11,0
Volkswagen,Jetta 1.4 TSI Comfortline,Petrol,Manual,53003,1368.0,5,1st Owner,497000,14,0
Maruti,XL6 Zeta,Petrol,Manual,113006,1461.0,5,1st Owner,744000,7,0
Maruti,Swift Dzire Tour 1.3 S Diesel,Diesel,Manual,69036,1248.0,5,1st Owner,543000,8,0
Hyundai,EON Era Plus,Petrol,Manual,61235,814.0,5,1st Owner,192000,14,0
Hyundai,i20 1.2 Spotz,Petrol,Manual,29946,1197.0,5,1st Owner,547000,9,0
Maruti,Eeco 5 Seater AC 2020-2022,Petrol,Manual,21330,1196.0,5,1st Owner,478000,5,0
Tata,Harrier XZA Plus Dark Edition AT 2020-2022,Diesel,Automatic,42418,1956.0,5,1st Owner,1814000,6,0
Hyundai,i10 Era,Petrol,Manual,90605,1197.0,5,1st Owner,229999,13,0
Maruti,Alto Green LXi (CNG),Cng,Manual,127866,796.0,5,1st Owner,134000,16,0
Renault,Duster 110PS Diesel RxZ,Diesel,Manual,177697,1461.0,5,2nd Owner,268000,14,0
Volkswagen,Ameo 1.0 MPI Highline Plus,Petrol,Manual,13278,999.0,5,1st Owner,568000,8,0
Maruti,S-Presso VXI Plus AT 2019-2022,Petrol,Automatic,4343,998.0,5,1st Owner,494000,5,0
Mahindra,Scorpio LX 2.6 Turbo 9 Str,Diesel,Manual,123804,2179.0,7,3rd Owner,223000,17,0
Hyundai,Xcent 1.2 VTVT S,Petrol,Manual,22939,1197.0,5,1st Owner,515000,8,0
Honda,Amaze S i-Vtech,Petrol,Manual,22055,1199.0,5,1st Owner,454000,10,0
Maruti,SX4 Vxi BSIV,Petrol,Manual,62843,796.0,5,1st Owner,198000,16,0
MG,Astor Style,Petrol,Manual,4783,1498.0,5,1st Owner,977000,4,0
Tata,Nexon 1.2 Revotron XZA Plus,Petrol,Automatic,54441,1199.0,5,2nd Owner,794000,7,0
Tata,Hexa XTA,Diesel,Automatic,122735,2179.0,5,1st Owner,1008000,9,0
Honda,City Corporate Edition,Petrol,Manual,48096,1497.0,5,2nd Owner,407000,14,0
Tata,Indica TDI LS,Diesel,Manual,130265,1197.0,5,2nd Owner,95633,13,0
Maruti,Celerio ZXI AT,Petrol,Automatic,46005,998.0,5,1st Owner,386000,10,0
Datsun,RediGO T Option,Petrol,Manual,62876,799.0,5,1st Owner,219000,9,0
Hyundai,Xcent 1.2 Kappa SX Option,Petrol,Manual,21712,1197.0,5,1st Owner,433000,12,0
BMW,5 Series 520d Luxury Line,Diesel,Automatic,55525,1995.0,5,1st Owner,1971000,12,0
Toyota,Etios Liva GD,Diesel,Manual,154913,1364.0,5,1st Owner,292000,13,0
Mahindra,XUV500 W6 2WD,Diesel,Manual,75269,2179.0,7,1st Owner,622000,12,0
Hyundai,Verna XXi (Petrol),Petrol,Manual,158267,1591.0,5,2nd Owner,112000,18,0
Hyundai,i20 Magna Plus,Petrol,Manual,12355,1197.0,5,1st Owner,609000,6,0
Mahindra,XUV500 W8 2WD,Diesel,Manual,81631,2179.0,7,3rd Owner,447000,14,0
Maruti,Ertiga SHVS VDI,Diesel,Manual,88972,1248.0,7,2nd Owner,691000,9,0
Maruti,Wagon R LXI BS IV,Petrol,Manual,90509,998.0,5,1st Owner,189000,15,0
Hyundai,Santro Xing GLS LPG,Lpg,Manual,76154,1086.0,7,2nd Owner,132000,18,0
Maruti,Alto K10 VXI,Petrol,Manual,34851,998.0,5,2nd Owner,309000,9,0
Maruti,A-Star Vxi,Petrol,Manual,35354,998.0,5,1st Owner,180000,16,0
Hyundai,i10 Magna,Petrol,Manual,55226,1197.0,5,2nd Owner,214000,15,0
Maruti,Wagon R LXI BS IV,Petrol,Manual,83436,998.0,5,2nd Owner,211000,14,0
Maruti,Swift 1.3 VXi,Petrol,Manual,193593,1248.0,5,1st Owner,142000,17,0
Hyundai,Creta 1.6 VTVT SX Plus,Petrol,Manual,128782,1591.0,5,1st Owner,799000,9,0
Maruti,Celerio VXI Optional,Petrol,Manual,63636,998.0,5,2nd Owner,333000,9,0
Maruti,Swift Dzire ZXI,Petrol,Manual,79052,1197.0,5,3rd Owner,369000,12,0
Maruti,Zen Estilo LXI BSIII,Petrol,Manual,76800,993.0,5,1st Owner,300000,15,0
Hyundai,i10 Era,Petrol,Manual,58478,1197.0,5,1st Owner,500000,13,0
Kia,Seltos GTX Plus DCT,Petrol,Automatic,19667,1497.0,5,1st Owner,1498000,7,0
Hyundai,Verna 1.6 SX CRDI (O) AT,Diesel,Automatic,75386,1582.0,5,3rd Owner,469000,12,0
Volkswagen,Jetta 1.9 Highline TDI,Diesel,Automatic,85000,814.0,5,2nd Owner,551000,16,0
Renault,Duster 85PS Diesel RxZ,Diesel,Manual,28137,1461.0,5,1st Owner,852000,8,0
Tata,Indigo LS BSIV,Diesel,Manual,355444,998.0,5,2nd Owner,136000,15,0
Ford,Ecosport 1.5 DV5 MT Titanium,Diesel,Manual,82347,1498.0,5,2nd Owner,445000,12,0
Hyundai,Verna 1.6 SX VTVT,Petrol,Manual,130625,1591.0,5,2nd Owner,334000,15,0
Hyundai,Creta 1.6 VTVT E Plus,Petrol,Manual,44401,1591.0,5,3rd Owner,790000,9,0
Renault,KWID RXT,Petrol,Manual,11592,799.0,5,1st Owner,272000,10,0
Tata,Tiago 1.2 Revotron XT,Petrol,Manual,34121,1199.0,5,2nd Owner,423000,8,0
Hyundai,EON Magna Optional,Petrol,Manual,33611,814.0,5,1st Owner,177000,15,0
Maruti,Vitara Brezza VDi Option,Diesel,Manual,53000,1248.0,5,1st Owner,785000,9,0
Hyundai,Venue SX Dual Tone Turbo BSIV,Petrol,Manual,55000,1197.0,5,2nd Owner,950000,7,0
Hyundai,i10 Magna,Petrol,Manual,58000,1197.0,5,1st Owner,500000,15,0
Maruti,Wagon R LXI,Petrol,Manual,68000,998.0,5,1st Owner,500000,15,0
Chevrolet,Sail LS ABS,Diesel,Manual,76800,999.0,5,1st Owner,750000,13,0
Maruti,Swift Dzire AMT ZDI Plus,Diesel,Automatic,68477,1248.0,5,2nd Owner,757000,7,0
Honda,Amaze VX CVT Petrol BSIV,Petrol,Automatic,24370,1199.0,5,1st Owner,667000,7,0
Maruti,Swift Dzire VXi AT,Petrol,Automatic,64071,1197.0,5,1st Owner,598000,9,0
Honda,Amaze S Diesel,Diesel,Manual,94403,1498.0,5,1st Owner,600000,11,0
Tata,Harrier XZ Plus Dual Tone,Diesel,Manual,14519,1956.0,5,1st Owner,2206000,4,0
Honda,City i VTEC CVT VX,Petrol,Automatic,31938,1497.0,5,1st Owner,555000,12,0
Maruti,Alto K10 LXI,Petrol,Manual,39873,998.0,5,2nd Owner,282000,9,0
Volkswagen,Vento 1.0 TSI Comfortline,Petrol,Manual,22649,999.0,5,1st Owner,864000,5,0
MG,Hector Sharp DCT Dualtone,Petrol,Automatic,27710,796.0,5,1st Owner,1576000,6,0
Tata,Harrier XZA Plus Dual Tone AT,Diesel,Automatic,35575,1956.0,5,1st Owner,2014000,6,0
Honda,WR-V i-VTEC S,Petrol,Manual,65062,1199.0,5,1st Owner,696000,7,0
Honda,City i VTEC CVT VX,Petrol,Automatic,87144,1497.0,5,2nd Owner,540000,12,0
Hyundai,i20 Asta IVT,Petrol,Automatic,24561,1197.0,5,1st Owner,928999,5,0
Maruti,Alto K10 LXI,Petrol,Manual,40000,998.0,5,1st Owner,325000,10,0
Mercedes-Benz,GLC 220d 4MATIC,Diesel,Automatic,24000,2143.0,5,1st Owner,5650000,6,0
Mercedes-Benz,GLE 300d,Diesel,Automatic,13000,1968.0,5,1st Owner,8900000,5,0
Mercedes-Benz,S-Class S 350 CDI,Diesel,Automatic,18000,2987.0,5,1st Owner,7150000,9,0
Mercedes-Benz,C-Class 220 CDI AT,Diesel,Automatic,40000,1248.0,5,1st Owner,1375000,13,0
Audi,A6 35 TDI,Diesel,Automatic,68000,1968.0,5,1st Owner,2450000,10,0
BMW,5 Series 520d Sport Line,Diesel,Automatic,55000,1995.0,5,2nd Owner,4050000,8,0
Tata,Indigo LX,Diesel,Manual,80000,998.0,5,3rd Owner,150000,14,0
BMW,3 Series 320d GT Luxury Line,Diesel,Automatic,64593,1995.0,5,3rd Owner,1850000,12,0
Mercedes-Benz,E-Class E250 CDI Avantgarde,Diesel,Automatic,63203,2143.0,5,2nd Owner,2200000,11,0
BMW,X6 xDrive 40d M Sport,Diesel,Automatic,75000,2143.0,5,2nd Owner,3790000,11,0
Audi,Q5 2.0 TDI Premium Plus,Diesel,Automatic,94002,1968.0,5,2nd Owner,1600000,12,0
Mercedes-Benz,C-Class C 220 CDI Avantgarde,Diesel,Automatic,90004,2143.0,5,3rd Owner,1190000,12,0
BMW,X5 xDrive 30d M Sport,Diesel,Automatic,83005,2993.0,5,2nd Owner,2900000,12,0
Ford,Ecosport 1.5 Diesel Titanium,Diesel,Manual,62500,1498.0,5,1st Owner,475000,11,0
Mercedes-Benz,B Class B180 Sports,Petrol,Automatic,67000,1197.0,5,2nd Owner,1290000,13,0
Audi,A8 L 50 TDI Quattro Premium Plus,Diesel,Automatic,81250,2967.0,5,1st Owner,4200000,11,0
Jaguar,XJ 3.0L LWB Ultimate,Diesel,Automatic,79004,2982.0,5,2nd Owner,2290000,14,0
Mercedes-Benz,M-Class ML 250 CDI,Diesel,Automatic,80000,2993.0,5,2nd Owner,2190000,12,0
Land,Rover Range Rover Vogue SE 4.4 SDV8,Diesel,Automatic,87002,1968.0,5,2nd Owner,3525000,13,0
Audi,Q5 2.0 TDI Premium Plus,Diesel,Automatic,94002,1968.0,5,2nd Owner,1425000,13,0
Audi,A6 2.0 TDI Premium Plus,Diesel,Automatic,82005,1968.0,5,2nd Owner,1425000,13,0
Land,Rover Range Rover Vogue SE 4.4 SDV8,Diesel,Automatic,95004,1968.0,5,1st Owner,3975000,13,0
BMW,X1 sDrive20i xLine,Petrol,Automatic,68753,1995.0,5,2nd Owner,2810000,7,0
Audi,Q5 30 TDI quattro Premium,Diesel,Automatic,80000,1197.0,5,3rd Owner,1475000,11,0
Ford,Ecosport 1.5 DV5 MT Titanium,Diesel,Manual,62500,1498.0,5,1st Owner,475000,11,0
Hyundai,Creta 1.6 CRDi AT S Plus,Diesel,Automatic,85000,1582.0,5,1st Owner,894999,9,0
Maruti,Baleno 1.3 Zeta,Diesel,Manual,55500,1248.0,5,1st Owner,620000,8,0
Hyundai,Venue SX Opt iMT,Petrol,Manual,10000,1197.0,5,1st Owner,1150000,5,0
Maruti,Baleno 1.3 Zeta,Diesel,Manual,54000,1248.0,5,1st Owner,625000,8,0
Tata,Harrier XM,Diesel,Manual,32500,1956.0,5,1st Owner,1250000,7,0
Tata,Harrier XM,Diesel,Manual,33500,1956.0,5,1st Owner,1260000,7,0
Audi,Q5 3.0 TDI Quattro Technology,Diesel,Automatic,35000,2967.0,5,1st Owner,2100000,11,0
MG,ZS EV Exclusive,Electric,Automatic,38000,0.0,5,1st Owner,2110000,6,1
Mercedes-Benz,C-Class Progressive C 200,Petrol,Automatic,16500,1991.0,5,1st Owner,3650000,8,0
Audi,A6 35 TFSI Matrix,Petrol,Automatic,30000,1395.0,5,1st Owner,3675000,8,0
Mini,Cooper D,Diesel,Automatic,29000,1197.0,5,2nd Owner,1889999,12,0
Mercedes-Benz,C-Class Progressive C 220d,Diesel,Automatic,24000,2143.0,5,2nd Owner,3900000,6,0
Audi,A3 35 TDI Premium Plus,Diesel,Automatic,39000,1968.0,5,1st Owner,2580000,6,0
Mercedes-Benz,E-Class Expression E 200 BSIV,Petrol,Automatic,65000,1991.0,5,1st Owner,4400000,8,0
Renault,Duster Petrol RxL,Petrol,Manual,49000,1498.0,5,2nd Owner,575000,9,0
Toyota,Innova Crysta 2.8 GX AT BSIV,Diesel,Automatic,26000,2755.0,7,1st Owner,1875000,8,0
Audi,Q3 35 TDI Quattro Premium Plus,Diesel,Automatic,76000,1968.0,5,2nd Owner,1475000,10,0
BMW,6 Series GT 620d Luxury Line 2019-2021,Diesel,Automatic,50000,1995.0,5,1st Owner,6050000,6,0
Lexus,NX 300h Luxury,Petrol,Automatic,49000,796.0,5,1st Owner,4800000,7,0
Volkswagen,Polo 1.5 TDI Trendline,Diesel,Manual,115000,1498.0,5,1st Owner,409999,10,0
BMW,5 Series 530i M Sport,Petrol,Automatic,6000,1998.0,5,1st Owner,6600000,4,0
Toyota,Camry 2.5 Hybrid,Petrol,Automatic,47000,2494.0,5,1st Owner,2350000,9,0
Mercedes-Benz,C-Class Progressive C 200,Petrol,Automatic,17000,1991.0,5,1st Owner,3600000,8,0
Honda,Amaze S Petrol,Petrol,Manual,25102,1199.0,5,1st Owner,640000,7,0
Tata,Tiago 1.2 Revotron XT,Petrol,Manual,10000,1199.0,5,2nd Owner,490000,8,0
Mercedes-Benz,GLC 200,Petrol,Automatic,15000,1991.0,5,1st Owner,6100000,5,0
Maruti,Alto 800 LXI,Petrol,Manual,60000,796.0,5,2nd Owner,220000,10,0
Mercedes-Benz,GLC 300 4MATIC Sport,Petrol,Automatic,29000,1248.0,5,1st Owner,4810000,7,0
BMW,X3 xDrive 30i Luxury Line,Petrol,Automatic,25500,1998.0,5,1st Owner,4500000,8,0
Jaguar,F-Pace 2.0 R-Dynamic S Diesel,Diesel,Automatic,9900,1998.0,5,1st Owner,7400000,5,0
Honda,Civic 1.8 V AT,Petrol,Automatic,90000,1799.0,5,1st Owner,200000,18,0
Lexus,NX 300h Luxury,Petrol,Automatic,48000,796.0,5,1st Owner,4825000,7,0
Mahindra,Thar 4X4,Diesel,Manual,59000,2184.0,5,2nd Owner,590000,12,0
Land,Rover Range Rover 4.4 Diesel LWB Autobiography,Diesel,Automatic,68500,1497.0,5,1st Owner,19000000,7,0
Land,Rover Range Rover Evoque 2.2L Prestige,Diesel,Automatic,69000,2987.0,5,2nd Owner,2590000,12,0
Land,Rover Range Rover Evoque 2.2L Prestige,Diesel,Automatic,69000,2987.0,5,1st Owner,2990000,11,0
Mercedes-Benz,GL-Class 350 CDI Blue Efficiency,Diesel,Automatic,79000,2987.0,5,3rd Owner,3490000,11,0
BMW,X4 xDrive30i M Sport Silver Shadow Edition,Petrol,Automatic,7600,1998.0,5,1st Owner,7450000,4,0
Mercedes-Benz,GLC 220d 4MATIC Sport,Diesel,Automatic,69000,2143.0,5,1st Owner,3890000,9,0
Chevrolet,Beat LS,Petrol,Manual,80000,1197.0,5,1st Owner,107000,15,0
Toyota,Fortuner 2.8 2WD MT BSIV,Diesel,Manual,60000,2755.0,7,1st Owner,3100000,7,0
BMW,X7 xDrive 40i,Petrol,Automatic,39000,2998.0,5,1st Owner,11500000,7,0
Hyundai,Tucson 2.0 e-VGT 2WD AT GL,Diesel,Automatic,60000,1998.0,5,1st Owner,1550000,9,0
Mercedes-Benz,S-Class S 350 CDI,Diesel,Automatic,40000,2987.0,5,1st Owner,5100000,11,0
BMW,X5 xDrive 30d Expedition,Diesel,Automatic,34000,2993.0,5,1st Owner,5650000,7,0
Hyundai,Creta 1.6 CRDi SX,Diesel,Manual,80000,1582.0,5,1st Owner,1000000,9,0
Mercedes-Benz,E-Class E250 CDI Avantgarde,Diesel,Automatic,60625,2143.0,5,2nd Owner,2590000,10,0
Toyota,Camry Hybrid 2.5,Petrol,Automatic,20000,2494.0,5,1st Owner,4090000,7,0
Mercedes-Benz,A Class A180 Sport,Petrol,Automatic,68000,1461.0,5,1st Owner,1700000,9,0
Hyundai,i20 1.4 CRDi Sportz,Diesel,Manual,82000,1396.0,5,1st Owner,300000,15,0
Honda,City V MT,Petrol,Manual,67000,1497.0,5,2nd Owner,350000,15,0
Jeep,Compass 2.0 Sport Plus BSIV,Diesel,Manual,62000,1956.0,5,1st Owner,1575000,7,0
Chevrolet,Beat LT Option,Petrol,Manual,60000,936.0,5,2nd Owner,150000,15,0
Maruti,Swift Dzire VXI 1.2,Petrol,Manual,80000,1197.0,5,2nd Owner,560000,9,0
Maruti,Baleno 1.2 CVT Delta,Petrol,Automatic,75000,1197.0,5,1st Owner,525000,10,0
Mercedes-Benz,GLE 250d,Diesel,Automatic,49000,2143.0,5,1st Owner,4400000,9,0
Renault,Duster 110PS Diesel RxL,Diesel,Manual,100000,1461.0,5,1st Owner,325000,13,0
Skoda,Yeti Ambition 4X2,Diesel,Manual,103000,998.0,5,1st Owner,325000,13,0
Mercedes-Benz,GLC 300 4MATIC Sport,Petrol,Automatic,28500,1248.0,5,1st Owner,4800000,7,0
Mercedes-Benz,E-Class Expression E 220 d BSIV,Diesel,Automatic,17000,2143.0,5,1st Owner,5800000,6,0
Chevrolet,Beat Diesel,Diesel,Manual,80000,1582.0,5,1st Owner,120000,13,0
Renault,Triber RXT,Petrol,Manual,22000,999.0,7,1st Owner,625000,6,0
Maruti,Alto LXi,Petrol,Manual,25000,796.0,5,1st Owner,190000,15,0
Mercedes-Benz,E-Class Exclusive E 220d,Diesel,Automatic,2000,2143.0,5,1st Owner,7625000,4,0
Audi,A4 2.0 TDI Technology Edition,Diesel,Automatic,138000,1968.0,5,3rd Owner,750000,14,0
Tata,Tiago 1.2 Revotron XZ WO Alloy,Petrol,Manual,120000,1199.0,5,1st Owner,350000,10,0
Toyota,Etios Liva GD,Diesel,Manual,165000,1364.0,5,3rd Owner,325000,14,0
BMW,X3 xDrive 20d Luxury Line,Diesel,Automatic,19000,1995.0,5,1st Owner,6000000,5,0
Hyundai,Creta 1.6 SX Automatic Diesel,Diesel,Automatic,40000,1582.0,5,1st Owner,1300000,8,0
Volvo,XC 90 D5 Inscription BSIV,Diesel,Automatic,100000,1248.0,5,2nd Owner,3700000,10,0
Mahindra,Scorpio S11,Diesel,Manual,35000,2179.0,7,2nd Owner,1850000,5,0
Mercedes-Benz,C-Class Progressive C 200,Petrol,Automatic,12000,1991.0,5,1st Owner,4790000,5,0
Chevrolet,Cruze LTZ AT,Diesel,Automatic,80000,1086.0,5,3rd Owner,409999,14,0
Maruti,Ertiga VXI,Petrol,Manual,20000,1462.0,7,1st Owner,400000,13,0
Mercedes-Benz,S-Class S 350 CDI,Diesel,Automatic,61000,2987.0,5,2nd Owner,8300000,9,0
Land,Rover Range Rover Velar R-Dynamic S Petrol MY21,Petrol,Automatic,38000,1197.0,5,1st Owner,8500000,6,0
Hyundai,EON 1.0 Era Plus,Petrol,Manual,60000,998.0,5,1st Owner,225000,10,0
Maruti,Swift Dzire VDi,Diesel,Manual,80000,1248.0,5,1st Owner,300000,16,0
Maruti,Alto LXi,Petrol,Manual,100000,796.0,5,1st Owner,150000,16,0
MG,Gloster Savvy 7-Str,Diesel,Automatic,11000,1996.0,5,2nd Owner,3965000,5,0
Hyundai,Grand i10 CRDi Magna,Diesel,Manual,120000,1120.0,5,1st Owner,325000,12,0
Chevrolet,Cruze LTZ,Diesel,Manual,50000,1248.0,5,1st Owner,415000,12,0
Maruti,Vitara Brezza LDi Option,Diesel,Manual,125000,1248.0,5,2nd Owner,600000,9,0
Volvo,S90 D4 Inscription BSIV,Diesel,Automatic,20000,1950.0,5,1st Owner,4475000,8,0
Maruti,Alto 800 CNG LXI,Cng,Manual,140000,796.0,5,1st Owner,240000,10,0
Hyundai,Alcazar Prestige AT,Petrol,Automatic,16000,3200.0,7,1st Owner,1889999,5,0
Toyota,Innova 2.5 VX (Diesel) 7 Seater BS IV,Diesel,Manual,110000,2494.0,7,1st Owner,980000,11,0
BMW,X5 xDrive 30d,Diesel,Automatic,85000,2993.0,5,2nd Owner,2975000,11,0
Honda,Amaze S i-Dtech,Diesel,Manual,150000,1498.0,5,1st Owner,260000,13,0
Volkswagen,Passat Highline DSG S,Diesel,Automatic,98000,1461.0,5,2nd Owner,339000,17,0
Tata,Tiago 1.05 Revotorq XT,Diesel,Manual,80000,1047.0,5,1st Owner,350000,9,0
Mercedes-Benz,GLC Coupe 300d 4MATIC,Diesel,Automatic,24900,1199.0,5,1st Owner,7150000,5,0
BMW,3 Series 320d Luxury Line,Diesel,Automatic,70000,1995.0,5,3rd Owner,800000,14,0
Mitsubishi,Montero 3.2 GLS,Diesel,Manual,188000,3198.0,7,2nd Owner,500000,19,0
Hyundai,Verna CRDi 1.4 EX,Diesel,Manual,70000,1396.0,5,1st Owner,890000,7,0
Jaguar,XF 2.0 Petrol Prestige,Petrol,Automatic,7500,1998.0,5,1st Owner,4700000,6,0
Mahindra,XUV500 W6 2WD,Diesel,Manual,133000,2179.0,7,1st Owner,950000,10,0
Nissan,Sunny Diesel XL,Diesel,Manual,80000,1461.0,5,2nd Owner,250000,14,0
Maruti,Swift ZDI,Diesel,Manual,70000,1248.0,5,1st Owner,757000,7,0
Toyota,Land Cruiser VX,Diesel,Automatic,56000,1199.0,5,1st Owner,15800000,8,0
Honda,City i-DTEC ZX,Diesel,Manual,60000,1498.0,5,3rd Owner,825000,8,0
Kia,Sonet GTX Plus Turbo DCT,Petrol,Automatic,25000,1197.0,5,1st Owner,1450000,5,0
Audi,Q7 3.0 TDI Quattro Premium Plus,Diesel,Automatic,60000,2967.0,7,1st Owner,1290000,15,0
Mercedes-Benz,C-Class C 220d,Diesel,Automatic,4000,2143.0,5,1st Owner,6200000,4,0
Hyundai,i20 Sportz 1.4 CRDi,Diesel,Manual,90000,1396.0,5,1st Owner,350000,14,0
Hyundai,i10 Magna 1.1L,Petrol,Manual,120000,1197.0,5,4th Owner,110000,18,0
Maruti,Alto LX,Petrol,Manual,90000,796.0,5,2nd Owner,150000,20,0
Hyundai,Creta 1.4 CRDi S,Diesel,Manual,70000,1396.0,5,1st Owner,835000,9,0
Honda,Mobilio S i-VTEC,Petrol,Manual,144000,1497.0,7,1st Owner,400000,11,0
Honda,Civic 1.8 (E) MT,Petrol,Manual,70000,1799.0,5,3rd Owner,150000,18,0
Maruti,Swift VDI BSIV,Diesel,Manual,150000,1248.0,5,1st Owner,525000,11,0
Mercedes-Benz,S-Class S 350 d,Diesel,Automatic,13000,2987.0,5,2nd Owner,4775000,12,0
Maruti,Ritz LXi,Petrol,Manual,100000,1197.0,5,2nd Owner,300000,10,0
Mini,Cooper S,Petrol,Automatic,35002,1198.0,5,2nd Owner,1975000,14,0
BMW,7 Series 730Ld Eminence,Diesel,Automatic,50002,2993.0,5,2nd Owner,2800000,12,0
Mercedes-Benz,GLS 400d 4MATIC,Diesel,Automatic,15000,999.0,7,2nd Owner,11700000,6,0
Audi,Q7 3.0 TDI Quattro Premium Plus,Diesel,Automatic,50001,2967.0,7,2nd Owner,1800000,13,0
Mercedes-Benz,S-Class S 350 L,Petrol,Automatic,82002,2987.0,5,3rd Owner,925000,18,0
Hyundai,i20 Magna 1.4 CRDi (Diesel),Diesel,Manual,100000,1396.0,5,2nd Owner,320000,14,0
BMW,X5 xDrive 30d xLine,Diesel,Automatic,25000,2993.0,5,1st Owner,8300000,6,0
Tata,Indica Aqua 1.3 Quadrajet (ABS),Diesel,Manual,100000,1248.0,5,2nd Owner,130000,14,0
Tata,Nexon 1.2 Revotron XZ,Petrol,Manual,30000,1199.0,5,1st Owner,700000,8,0
Maruti,Swift Dzire VDi,Diesel,Manual,120000,1248.0,5,1st Owner,350000,15,0
Mahindra,Thar LX 4-Str Convert Top Diesel AT,Diesel,Automatic,30000,2184.0,5,1st Owner,1875000,6,0
Maruti,Swift Dzire VDi,Diesel,Manual,120000,1248.0,5,1st Owner,350000,15,0
Hyundai,i20 Asta,Petrol,Manual,71000,1197.0,5,2nd Owner,267000,16,0
Maruti,SX4 VDI,Diesel,Manual,115000,1047.0,5,2nd Owner,220000,15,0
Audi,Q7 45 TDI Quattro Technology,Diesel,Automatic,65000,2967.0,7,1st Owner,4600000,9,0
Maruti,Celerio VXI MT BSIV,Petrol,Manual,50000,998.0,5,2nd Owner,450000,7,0
Hyundai,Grand i10 CRDi Asta Option,Diesel,Manual,80000,1120.0,5,2nd Owner,370000,12,0
Nissan,Magnite XV DT,Petrol,Manual,46000,999.0,5,2nd Owner,640000,5,0
Mercedes-Benz,GLS 350d Grand Edition,Diesel,Automatic,45000,2987.0,7,2nd Owner,5950000,10,0
Kia,Seltos GTX Plus DCT,Petrol,Automatic,25000,1497.0,5,2nd Owner,1725000,6,0
Toyota,Fortuner 4x2 Manual,Diesel,Manual,110000,2755.0,7,2nd Owner,1050000,14,0
Tata,Tiago 1.05 Revotorq XT,Diesel,Manual,80000,1047.0,5,1st Owner,351000,9,0
BMW,5 Series 520d Luxury Line,Diesel,Automatic,29000,1995.0,5,1st Owner,4800000,7,0
Maruti,Ertiga ZXI AT Petrol,Petrol,Automatic,7000,1462.0,7,1st Owner,1110000,5,0
Audi,Q5 2.0 TDI,Diesel,Automatic,110000,1968.0,5,3rd Owner,750000,15,0
Tata,Harrier XT,Diesel,Manual,50000,1956.0,5,1st Owner,1400000,6,0
Mercedes-Benz,GLE 250d,Diesel,Automatic,45000,2143.0,5,1st Owner,5600000,7,0
Honda,Amaze EX i-Dtech,Diesel,Manual,80000,1498.0,5,1st Owner,350000,12,0
Maruti,Ciaz ZDi,Diesel,Manual,90000,1248.0,5,1st Owner,450000,12,0
Maruti,Alto K10 VXI,Petrol,Manual,18570,998.0,5,1st Owner,265000,10,0
Land,Rover Discovery Sport TD4 HSE,Diesel,Automatic,120000,2995.0,5,1st Owner,2950000,10,0
Chevrolet,Enjoy TCDi LS 7 Seater,Diesel,Manual,120000,1461.0,7,2nd Owner,210000,13,0
Maruti,Baleno Zeta,Petrol,Manual,25000,1197.0,5,2nd Owner,650000,7,0
Maruti,Alto Vxi 1.1,Petrol,Manual,120000,796.0,5,2nd Owner,125000,19,0
Mercedes-Benz,GLS 400 4MATIC,Petrol,Automatic,80000,1248.0,7,1st Owner,6250000,9,0
Mahindra,TUV 300 T8,Diesel,Manual,110000,814.0,5,1st Owner,550000,8,0
Hyundai,Grand i10 Magna,Petrol,Manual,40000,1197.0,5,1st Owner,320000,11,0
Maruti,Swift VDI,Diesel,Manual,99218,1248.0,5,1st Owner,350000,14,0
Land,Rover Range Rover 3.0 Petrol LWB Vogue BSIV,Petrol,Automatic,40000,2982.0,5,1st Owner,19200000,7,0
Renault,Duster 110PS Diesel RxZ,Diesel,Manual,100000,1461.0,5,3rd Owner,300000,14,0
BMW,5 Series 530d M Sport,Diesel,Automatic,42000,2993.0,5,1st Owner,4590000,8,0
Toyota,Fortuner 4x2 Manual,Diesel,Manual,100000,2755.0,7,2nd Owner,1200000,14,0
Volvo,XC60 B5 Inscripition,Petrol,Automatic,7000,1462.0,5,1st Owner,6850000,4,0
Audi,A3 35 TDI Premium Plus,Diesel,Automatic,70000,1968.0,5,2nd Owner,1750000,9,0
Hyundai,i10 Sportz,Petrol,Manual,70000,1197.0,5,1st Owner,150000,16,0
Hyundai,Creta 1.6 CRDi SX Plus Dual Tone,Diesel,Manual,66000,1582.0,5,1st Owner,1150000,8,0
Hyundai,Creta SX Opt Turbo,Petrol,Automatic,8000,1591.0,5,1st Owner,1975000,5,0
Nissan,Micra Diesel XV,Diesel,Manual,110000,1461.0,5,3rd Owner,170000,13,0
Kia,Seltos GTX Option,Petrol,Manual,3000,1497.0,5,1st Owner,1689999,5,0
Hyundai,Verna S Plus Diesel,Diesel,Manual,25000,1582.0,5,1st Owner,1070000,6,0
BMW,X1 sDrive 20d xLine,Diesel,Automatic,25000,1995.0,5,1st Owner,3000000,7,0
Mahindra,KUV 100 NXT D75 K2,Diesel,Manual,60000,1197.0,5,1st Owner,550000,8,0
Honda,City 1.5 S MT,Petrol,Manual,154000,1497.0,5,1st Owner,254999,15,0
Hyundai,i20 1.2 Sportz,Petrol,Manual,100000,1197.0,5,2nd Owner,254999,14,0
Maserati,Ghibli Diesel BSIV,Diesel,Automatic,12000,796.0,5,1st Owner,6600000,10,0
Maruti,Swift Dzire VDI,Diesel,Manual,80000,1248.0,5,2nd Owner,425000,12,0
Hyundai,Venue SX Opt Turbo iMT,Petrol,Manual,15000,1197.0,5,1st Owner,1025000,4,0
Maruti,Vitara Brezza ZDi,Diesel,Manual,90000,1248.0,5,1st Owner,770000,9,0
Mercedes-Benz,C-Class C 220 CDI Avantgarde,Diesel,Automatic,37000,2143.0,5,2nd Owner,2150000,11,0
Maruti,Swift Dzire Ldi BSIV,Diesel,Manual,80000,1248.0,5,1st Owner,280000,16,0
Toyota,Fortuner 3.0 Diesel,Diesel,Manual,90000,2982.0,7,2nd Owner,1000000,15,0
Hyundai,Venue SX Opt iMT,Petrol,Manual,15000,1197.0,5,1st Owner,950000,4,0
Porsche,Cayenne Diesel Platinum Edition,Diesel,Automatic,50000,1197.0,5,1st Owner,5800000,10,0
Hyundai,Santro Xing GLS,Petrol,Manual,70000,1086.0,7,2nd Owner,110000,18,0
Hyundai,i20 1.4 CRDi Magna,Diesel,Manual,80000,1396.0,5,3rd Owner,200000,15,0
Volkswagen,Vento 1.5 TDI Trendline,Diesel,Manual,120000,1498.0,5,1st Owner,565000,9,0
Mercedes-Benz,E-Class Exclusive E 200,Petrol,Automatic,8900,1991.0,5,1st Owner,6700000,5,0
Datsun,RediGO T Option,Petrol,Manual,50000,799.0,5,2nd Owner,260000,8,0
Maruti,Alto K10 2010-2014 VXI,Petrol,Manual,50000,998.0,5,1st Owner,245000,14,0
Chevrolet,Beat Diesel LT,Diesel,Manual,110000,1248.0,5,1st Owner,140000,13,0
Land,Rover Range Rover Sport 2.0 Petrol HSE,Petrol,Automatic,19500,1998.0,5,1st Owner,11399999,6,0
Maruti,Zen D,Diesel,Manual,120000,993.0,5,3rd Owner,80000,21,0
BMW,X1 sDrive 20d xLine,Diesel,Automatic,33000,1995.0,5,2nd Owner,2750000,8,0
Toyota,Innova 2.5 GX 7 STR,Diesel,Manual,79718,2494.0,7,1st Owner,600000,17,0
Mercedes-Benz,C-Class Progressive C 200,Petrol,Automatic,28000,1991.0,5,1st Owner,4250000,7,0
Maruti,Ertiga SHVS ZDI Plus,Diesel,Manual,120000,1248.0,7,2nd Owner,650000,10,0
Maruti,Baleno 1.2 Zeta,Petrol,Manual,90000,1197.0,5,2nd Owner,650000,8,0
Mahindra,Thar LX 4-Str Hard Top Diesel AT,Diesel,Automatic,20000,2184.0,5,2nd Owner,1620000,5,0
Mercedes-Benz,C-Class C 200 CGI,Petrol,Automatic,62000,1991.0,5,1st Owner,2800000,9,0
Maruti,Swift Vdi BSIII,Diesel,Manual,120000,1248.0,5,2nd Owner,190000,18,0
Isuzu,D-Max S CAB,Diesel,Manual,40000,1461.0,5,1st Owner,1125000,5,0
Maruti,Ciaz 1.3 Zeta,Diesel,Manual,55000,1248.0,5,1st Owner,675000,9,0
Jaguar,XF 2.2 Litre Luxury,Diesel,Automatic,17000,2179.0,5,1st Owner,1989999,12,0
Kia,Seltos GTK,Petrol,Manual,20000,1497.0,5,1st Owner,1415000,6,0
Maruti,Baleno 1.2 Zeta,Petrol,Manual,30000,1197.0,5,1st Owner,635000,9,0
Hyundai,i20 Magna,Petrol,Manual,65000,1197.0,5,1st Owner,370000,13,0
Audi,A4 2.0 TDI,Diesel,Automatic,70000,1968.0,5,1st Owner,1050000,13,0
Toyota,Glanza G,Petrol,Manual,17000,1197.0,5,1st Owner,700000,5,0
Toyota,Corolla Altis G AT,Petrol,Automatic,60000,1798.0,5,1st Owner,1250000,9,0
Hyundai,Santa Fe 2WD AT,Diesel,Automatic,83000,1186.0,5,1st Owner,1090000,12,0
Toyota,Land Cruiser VX,Diesel,Automatic,27000,1199.0,5,1st Owner,16900000,7,0
Mahindra,Logan Diesel 1.5 DLE,Diesel,Manual,155000,1493.0,5,3rd Owner,130000,16,0
Maruti,Swift VXI,Petrol,Manual,40000,1197.0,5,2nd Owner,590000,7,0
Audi,Q3 2.0 TDI Quattro Premium Plus,Diesel,Automatic,51000,1968.0,5,1st Owner,1425000,12,0
BMW,X1 sDrive20i xLine,Petrol,Automatic,10000,1995.0,5,1st Owner,4000000,5,0
Mercedes-Benz,GL-Class 350 CDI Blue Efficiency,Diesel,Automatic,85002,2987.0,5,2nd Owner,3000000,12,0
Mercedes-Benz,B Class B180 Sports,Petrol,Automatic,37000,1197.0,5,2nd Owner,1290000,12,0
Kia,Seltos GTX Plus DCT,Petrol,Automatic,25000,1497.0,5,1st Owner,1750000,6,0
Mercedes-Benz,CLA 200 CDI Sport,Diesel,Automatic,68000,2143.0,5,1st Owner,2190000,9,0
Maruti,Swift VDI BSIV,Diesel,Manual,70000,1248.0,5,1st Owner,215000,15,0
Maruti,Alto LXi,Petrol,Manual,90000,796.0,5,2nd Owner,170000,14,0
Tata,Harrier XZ BSIV,Diesel,Manual,32000,1956.0,5,2nd Owner,1375000,7,0
Mercedes-Benz,GLS 350d Grand Edition,Diesel,Automatic,39000,2987.0,7,1st Owner,7800000,6,0
BMW,2 Series 220i M Sport,Petrol,Automatic,5000,1998.0,5,1st Owner,4200000,5,0
Jaguar,XE Prestige,Petrol,Automatic,28000,1396.0,5,1st Owner,2800000,9,0
Mini,3 DOOR John Cooper Works 2019-2020,Petrol,Automatic,40000,1197.0,5,2nd Owner,3450000,9,0
Mercedes-Benz,V-Class Exclusive,Diesel,Automatic,27000,1197.0,5,1st Owner,6800000,5,0
Mercedes-Benz,GLC 200,Petrol,Automatic,17000,1991.0,5,1st Owner,6200000,5,0
BMW,X4 M Sport X xDrive20d,Diesel,Automatic,29000,1995.0,5,1st Owner,5650000,7,0
Land,Rover Discovery Sport Si4 HSE,Petrol,Automatic,73000,1198.0,5,1st Owner,3750000,9,0
Jaguar,F-Pace Prestige 2.0 Petrol,Petrol,Automatic,9000,1998.0,5,1st Owner,6700000,5,0
Hyundai,i20 Asta Option 1.4 CRDi,Diesel,Manual,54000,1396.0,5,1st Owner,490000,11,0
Volvo,XC60 D5 Inscription,Diesel,Automatic,34000,1968.0,5,1st Owner,5450000,7,0
Mercedes-Benz,G G63 AMG,Petrol,Automatic,47000,1199.0,5,2nd Owner,15200000,9,0
Porsche,Panamera GTS,Petrol,Automatic,10000,1061.0,5,1st Owner,17500000,7,0
Chevrolet,Beat LT,Petrol,Manual,37275,999.0,5,1st Owner,254999,12,0
Mercedes-Benz,A-Class Limousine A 200,Petrol,Automatic,3000,1991.0,5,1st Owner,4200000,4,0
Maruti,XL6 Alpha AT,Petrol,Automatic,16000,1451.0,5,1st Owner,1275000,7,0
Mercedes-Benz,E-Class Exclusive E 220 d BSIV,Diesel,Automatic,44000,2143.0,5,1st Owner,4400000,9,0
Mercedes-Benz,E-Class Exclusive E 220 d BSIV,Diesel,Automatic,39000,2143.0,5,1st Owner,4350000,9,0
Mini,Cooper S,Petrol,Automatic,20000,1198.0,5,2nd Owner,2425000,11,0
Mercedes-Benz,GLC 200,Petrol,Automatic,32000,1991.0,5,1st Owner,5650000,6,0
Ford,Endeavour 3.2 Titanium AT 4X4,Diesel,Automatic,128000,3198.0,7,2nd Owner,2210000,10,0
Jaguar,XF 2.2 Litre Luxury,Diesel,Automatic,29000,2179.0,5,1st Owner,2290000,11,0
Land,Rover Discovery Sport TD4 HSE 7S,Diesel,Automatic,38000,1197.0,5,1st Owner,4875000,6,0
MG,Hector Sharp DCT,Petrol,Automatic,17000,1451.0,5,1st Owner,1889999,5,0
Toyota,Innova Crysta 2.7 ZX AT,Petrol,Automatic,49000,2694.0,7,2nd Owner,1889999,9,0
Mercedes-Benz,M-Class ML 250 CDI,Diesel,Automatic,79000,2993.0,5,1st Owner,2790000,11,0
Volvo,XC 90 D5 Momentum BSIV,Diesel,Automatic,55000,1248.0,5,1st Owner,5375000,8,0
Mercedes-Benz,GLE 250d,Diesel,Automatic,98000,2143.0,5,1st Owner,3690000,10,0
Mercedes-Benz,E-Class E250 Edition E,Diesel,Automatic,59000,2143.0,5,1st Owner,2790000,9,0
Mercedes-Benz,E-Class E250 CDI,Diesel,Automatic,79000,2143.0,5,1st Owner,1390000,13,0
Hyundai,i20 Sportz Plus BSIV,Petrol,Manual,45000,1197.0,5,1st Owner,750000,7,0
Mercedes-Benz,CLA 200 CDI Sport,Diesel,Automatic,50000,2143.0,5,2nd Owner,2390000,9,0
Mercedes-Benz,C-Class 250 CDI Classic,Diesel,Automatic,98000,1396.0,5,1st Owner,1090000,15,0
BMW,X5 xDrive 30d,Diesel,Automatic,75000,2993.0,5,2nd Owner,4990000,8,0
Maruti,Vitara Brezza ZDi Plus,Diesel,Manual,60000,1248.0,5,1st Owner,795000,9,0
BMW,X5 xDrive 30d,Diesel,Automatic,99000,2993.0,5,1st Owner,3290000,11,0
BMW,X1 sDrive 20d xLine,Diesel,Automatic,45000,1995.0,5,1st Owner,2890000,8,0
BMW,M Series M4 Coupe,Petrol,Automatic,29000,1968.0,5,2nd Owner,6490000,11,0
Jaguar,XF 2.2 Litre Luxury,Diesel,Automatic,90000,2179.0,5,2nd Owner,1375000,13,0
BMW,7 Series 730Ld,Diesel,Automatic,79000,2993.0,5,3rd Owner,2990000,11,0
BMW,5 Series 520d M Sport,Diesel,Automatic,42000,1995.0,5,2nd Owner,3190000,9,0
